order,panel,box,conf,x0,y0,x1,y1,usage,work,group,page
0,3054,2,0.346,824.4,433.2,1561.5,1078.0,train,015_2017_pink,pink,koma_01455_015_2017_pink__pink__page0010
1,473,1,0.7845,1390.4,664.7,2032.8,1155.7,train,018_2018_ako6,ako_2018-19,koma_01752_018_2018_ako6__ako6__page0118
2,3429,1,0.8608,-1.0,1465.6,569.5,2245.4,test_panel,016_2017_running,running,koma_01530_016_2017_running__done__running06
3,617,2,0.8522,798.4,399.3,1449.8,1319.3,train,047_2022_4th,4th,koma_03585_047_2022_4th__4th__page0007
4,2441,1,0.4026,435.4,92.8,1721.0,1373.3,train,013_2017_gakusai1-3DL,gakusai,koma_01234_013_2017_gakusai1-3DL__3__page0002
5,3146,1,0.7047,250.5,167.8,895.7,837.3,test_series,073_2024c_mayer,mayer,koma_04979_073_2024c_mayer__mayer__page0025
6,1960,1,0.8671,1334.3,230.9,2009.7,867.6,train,029_2019_fringe3,fringe,koma_02600_029_2019_fringe3__fringe3__page0022
7,1271,2,0.8174,0.2,610.8,753.8,1843.1,train,056_2022b_hyoui_color,hyoui_color,koma_03913_056_2022b_hyoui_color__hyoui__page0023
8,5165,1,0.7482,565.0,9.3,1278.7,635.1,test_panel,037_2020_ako9,ako_2020-22,koma_02968_037_2020_ako9__ako9__page0021
9,2590,1,0.8688,729.7,1471.6,1027.7,1797.5,train,071_2024b_kids,kids,koma_04760_071_2024b_kids__unmerged__page0010
10,2192,1,0.8328,-0.0,3453.0,557.7,4077.6,train,018_2018_ako6,ako_2018-19,koma_01804_018_2018_ako6__done3__ako6-21
11,213,2,0.8383,886.0,477.6,1517.6,1085.1,test_series,073_2024c_mayer,mayer,koma_04921_073_2024c_mayer__mayer__page0006
12,884,2,0.7416,1379.5,500.4,2372.8,1593.2,train,016_2017_running,running,koma_01594_016_2017_running__running__page0035
13,4378,1,0.8252,564.1,302.4,1244.8,957.0,train,061_2023b_akocultB,ako_2023-24,koma_04088_061_2023b_akocultB__akocultB__page0017
14,2240,1,0.7895,2289.0,354.9,2692.5,1038.7,train,072_2024c_ako,ako_2023-24,koma_04879_072_2024c_ako__ako4__page0053
15,616,1,0.829,1159.7,507.8,1538.3,1083.5,test_series,007_2016_phantom,phantom,koma_00498_007_2016_phantom__PhantomThief__page0015
16,1787,4,0.6693,2754.2,32.0,4125.3,1169.7,test_panel,056_2022b_hyoui_color,hyoui_color,koma_03873_056_2022b_hyoui_color__hyoui__page0012
17,2760,1,0.8214,161.0,124.5,761.1,766.4,test_panel,013_2017_gakusai1-3DL,gakusai,koma_01136_013_2017_gakusai1-3DL__2__page0015
18,1043,1,0.738,3151.5,974.6,3462.0,1232.2,test_series,036_2020_UNI,uni,koma_02920_036_2020_UNI__UNI_works__page0001
19,339,2,0.8775,2637.5,744.3,3635.0,1673.1,train,015_2017_pink,pink,koma_01434_015_2017_pink__done1__pink18
20,2561,3,0.8472,347.6,611.5,894.9,1172.2,train,028_2019_fringe,fringe,koma_02436_028_2019_fringe__fringe_01__page0009
21,1619,2,0.8687,2063.8,151.5,2547.4,662.7,train,042_2021_akokate,ako_2020-22,koma_03448_042_2021_akokate__akokatei__page0065
22,4808,1,0.7475,288.4,434.8,837.6,991.2,test_panel,051_2022b_4th,4th,koma_03687_051_2022b_4th__4th__page0014
23,4828,1,0.8037,397.1,-1.3,1259.7,756.2,test_panel,017_2017_stoptime,stoptime,koma_01626_017_2017_stoptime__stp__page0006
24,1311,1,0.844,140.5,129.3,909.3,913.1,train,071_2024b_kids,kids,koma_04678_071_2024b_kids__milking__page0004
25,167,8,0.5388,440.3,3053.3,705.3,3391.1,train,032_2019b_ako8,ako_2018-19,koma_02900_032_2019b_ako8__ako8__page0018
26,1446,1,0.8227,841.2,621.5,1991.1,1881.7,train,regions_ako5ver2_koma_panels_20260729,ako_2017,koma_0110_page0044
27,4218,1,0.8235,669.8,240.7,1441.6,1061.9,train,029_2019_fringe3,fringe,koma_02509_029_2019_fringe3__fringe3__page0004
28,2439,2,0.8265,1114.6,366.0,1389.1,707.2,test_panel,042_2021_akokate,ako_2020-22,koma_03332_042_2021_akokate__akokatei__page0007
29,3001,2,0.7771,125.9,72.2,714.3,838.0,test_series,005_2016_ng,ng,koma_00267_005_2016_ng__ng__page0003
30,365,2,0.8131,2854.3,571.8,3518.6,1287.7,train,069_2024b_fitness,fitness,koma_04664_069_2024b_fitness__kurip__page0034
31,512,1,0.815,715.3,513.7,1557.0,1566.1,train,042_2021_akokate,ako_2020-22,koma_03344_042_2021_akokate__akokatei__page0010
32,1374,2,0.646,316.6,855.9,587.0,1379.9,train,041_2021_akogoods,ako_2020-22,koma_03228_041_2021_akogoods__akogoods__page0025
33,1076,7,0.7095,1716.9,-3.3,2048.2,270.0,train,030_2019_succor,succor,koma_02609_030_2019_succor__succor__page0004
34,3344,1,0.8537,488.9,550.6,1009.6,1018.4,test_panel,056_2022b_hyoui_color,hyoui_color,koma_03886_056_2022b_hyoui_color__hyoui__page0016
35,606,1,0.8796,2146.5,-3.5,2967.2,662.5,train,regions_ako5ver2_koma_panels_20260729,ako_2017,koma_0106_page0042
36,1438,3,0.8196,1404.2,602.7,1702.3,895.3,train,regions_ako5ver2_koma_panels_20260729,ako_2017,koma_0068_page0027
37,3559,1,0.7833,112.9,693.0,759.0,1472.4,train,018_2018_ako6,ako_2018-19,koma_01678_018_2018_ako6__ako6__page0030
38,2003,1,0.8326,1069.7,146.5,1887.4,987.0,train,020_2018_china2,china2,koma_01941_020_2018_china2__china2__page0005
39,1493,1,0.8759,1591.0,-4.8,2164.2,450.5,train,011_2017_ako5,ako_2017,koma_00799_011_2017_ako5__ako5__page0077
40,749,1,0.8795,3058.9,324.3,3698.8,912.2,test_panel,015_2017_pink,pink,koma_01440_015_2017_pink__done1__pink20
41,3350,1,0.8718,951.7,620.7,1363.2,1009.8,train,037_2020_ako9,ako_2020-22,koma_02967_037_2020_ako9__ako9__page0021
42,618,1,0.8455,924.4,99.8,1791.7,990.5,train,072_2024c_ako,ako_2023-24,koma_04845_072_2024c_ako__ako4__page0043
43,1362,1,0.8475,917.4,1045.1,2067.0,2065.1,train,056_2022b_hyoui_color,hyoui_color,koma_03875_056_2022b_hyoui_color__hyoui__page0013
44,2756,1,0.6613,1306.1,412.9,1429.7,556.0,train,026_2019_ako7,ako_2018-19,koma_02268_026_2019_ako7__ako7__page0179
45,2398,1,0.8429,195.0,59.2,1321.1,1100.2,train,043_2021_hero,hero,koma_03497_043_2021_hero__hero__page0050
46,3055,3,0.8518,356.6,154.9,620.8,516.1,train,056_2022b_hyoui_color,hyoui_color,koma_03898_056_2022b_hyoui_color__hyoui__page0020
47,3529,1,0.8558,0.4,440.6,419.0,908.9,train,013_2017_gakusai1-3DL,gakusai,koma_01177_013_2017_gakusai1-3DL__2__page0023
48,1930,1,0.8497,339.5,280.8,954.8,858.0,test_series,005_2016_ng,ng,koma_00299_005_2016_ng__ng__page0012
49,4253,1,0.8332,131.8,158.3,863.7,840.1,train,013_2017_gakusai1-3DL,gakusai,koma_01140_013_2017_gakusai1-3DL__2__page0015
50,2516,1,0.8693,859.9,239.3,1480.5,811.4,test_series,027_2019_ben,ben,koma_02409_027_2019_ben__ben__page0016
51,2986,1,0.674,43.2,596.6,1210.9,2050.3,train,019_2018_ako7,ako_2018-19,koma_01926_019_2018_ako7__ako7__page0083
52,1836,1,0.8307,938.3,821.6,1931.8,1758.1,train,043_2021_hero,hero,koma_03494_043_2021_hero__hero__page0050
53,1630,2,0.8411,129.8,1286.8,524.8,1812.1,train,011_2017_ako5,ako_2017,koma_00852_011_2017_ako5__done3__ako5-12
54,2533,1,0.78,774.0,427.4,963.5,723.4,train,071_2024b_kids,kids,koma_04722_071_2024b_kids__milking__page0013
55,1516,3,0.6616,639.2,1088.4,1202.8,1679.2,train,030_2019_succor,succor,koma_02763_030_2019_succor__succor__page0042
56,432,1,0.7898,674.1,988.3,2120.8,2513.2,test_series,regions_hamlabi_koma_panels_20260729,hamlabi,koma_0029_page0013
57,2126,1,0.6507,1160.2,0.8,1767.1,159.1,train,004_2016_gal,gal,koma_00184_004_2016_gal__root__page0012
58,4131,1,0.856,814.1,114.3,1192.6,445.5,test_series,027_2019_ben,ben,koma_02380_027_2019_ben__ben__page0011
59,2153,1,0.8025,1006.8,-3.7,3152.4,1559.1,train,051_2022b_4th,4th,koma_03715_051_2022b_4th__4th__page0023
60,2083,1,0.6314,549.8,-14.5,2248.5,1888.0,test_panel,026_2019_ako7,ako_2018-19,koma_02174_026_2019_ako7__ako7__page0067
61,1185,1,0.3468,1064.0,1699.4,1429.5,2060.2,train,028_2019_fringe,fringe,koma_02472_028_2019_fringe__fringe_01__page0025
62,1715,3,0.848,733.4,215.6,1218.4,660.0,train,003_2016_avbu,avbu,koma_00133_003_2016_avbu__avb__page0020
63,3591,1,0.7833,617.8,206.8,853.8,556.3,test_panel,004_2016_gal,gal,koma_00226_004_2016_gal__gal__page0010
64,290,1,0.8462,518.7,595.7,2073.5,2075.6,test_panel,016_2017_running,running,koma_01597_016_2017_running__running__page0036
65,244,1,0.8402,1104.3,534.2,2520.0,2043.2,test_series,036_2020_UNI,uni,koma_02934_036_2020_UNI__UNI_works__page0007
66,1236,1,0.8616,2373.4,247.0,3332.7,1167.0,train,061_2023b_akocultB,ako_2023-24,koma_04078_061_2023b_akocultB__akocultB__page0006
67,3644,1,0.764,985.4,482.3,1117.9,628.4,test_panel,017_2017_stoptime,stoptime,koma_01660_017_2017_stoptime__stp__page0016
68,566,2,0.7702,618.3,620.3,1087.9,1438.1,train,061_2023b_akocultB,ako_2023-24,koma_04103_061_2023b_akocultB__akocultB__page0025
69,3244,1,0.7904,357.1,142.8,850.4,718.2,train,017_2017_stoptime,stoptime,koma_01617_017_2017_stoptime__stp__page0003
70,683,1,0.8777,1157.0,281.1,2169.9,1274.7,train,044_2021_nanami,nurse+nanami,koma_03567_044_2021_nanami__root__b
71,623,1,0.8612,493.2,704.8,1407.4,1625.6,test_series,027_2019_ben,ben,koma_02335_027_2019_ben__ben__page0003
72,678,2,0.8828,503.5,1317.5,1248.0,2103.7,train,056_2022b_hyoui_color,hyoui_color,koma_03993_056_2022b_hyoui_color__hyoui__page0042
73,670,1,0.8148,678.9,923.7,1312.1,1566.5,train,064_2024_ako3,ako_2023-24,koma_04269_064_2024_ako3__ako3__page0034
74,3690,1,0.8263,1810.1,250.9,2268.6,606.6,test_series,005_2016_ng,ng,koma_00387_005_2016_ng__新しいフォルダー_n__page0019
75,2119,1,0.8636,719.8,901.7,1121.9,1300.5,train,043_2021_hero,hero,koma_03503_043_2021_hero__hero__page0054
76,1950,1,0.8403,697.8,738.5,1548.7,1600.9,train,056_2022b_hyoui_color,hyoui_color,koma_03844_056_2022b_hyoui_color__hyoui__page0006
77,4174,1,0.7737,433.9,180.3,1033.8,945.4,train,011_2017_ako5,ako_2017,koma_00745_011_2017_ako5__ako5__page0050
78,1623,1,0.8573,386.4,477.0,728.6,862.2,train,regions_ako5ver2_koma_panels_20260729,ako_2017,koma_0136_page0051
79,852,2,0.61,1517.8,642.7,2064.3,1282.8,train,061_2023b_akocultB,ako_2023-24,koma_04106_061_2023b_akocultB__akocultB__page0026
80,2134,1,0.8111,94.4,898.9,261.2,1120.2,train,067_2024b_ako3B,ako_2023-24,koma_04466_067_2024b_ako3B__ako3B__page0005
81,703,1,0.7974,957.5,779.3,1772.3,1413.4,train,043_2021_hero,hero,koma_03469_043_2021_hero__hero__page0004
82,4376,1,0.8211,379.5,721.8,990.9,1372.9,train,026_2019_ako7,ako_2018-19,koma_02228_026_2019_ako7__ako7__page0154
83,2220,1,0.8314,1036.9,688.5,1383.6,1083.2,train,041_2021_akogoods,ako_2020-22,koma_03250_041_2021_akogoods__akogoods__page0035
84,1849,8,0.7937,1531.1,1723.1,1763.7,1968.0,train,030_2019_succor,succor,koma_02608_030_2019_succor__succor__page0002
85,3927,2,0.6706,554.2,15.9,747.7,352.3,train,regions_ako5ver2_koma_panels_20260729,ako_2017,koma_0008_page0002
86,2399,2,0.8746,1476.2,119.5,1870.5,475.6,train,002_2016_aljanne2,aljanne2,koma_00040_002_2016_aljanne2__aljanne2__page0005
87,4039,1,0.743,321.0,257.1,681.9,751.6,train,021_2018_comics4,comics4,koma_02138_021_2018_comics4__underworld_underworld__page0003
88,1256,2,0.8206,995.5,358.1,1380.2,767.4,test_panel,008_2016_poolsideIdle,poolsideidle,koma_00540_008_2016_poolsideIdle__poolside__page0001
89,837,1,0.7159,104.9,-0.1,1379.7,941.8,train,069_2024b_fitness,fitness,koma_04617_069_2024b_fitness__kurip__page0017
90,1014,2,0.8418,1870.8,709.7,2270.7,1101.6,train,028_2019_fringe,fringe,koma_02481_028_2019_fringe__fringe_01__page0028
91,1799,1,0.8249,777.8,505.9,1318.8,1013.6,test_series,010_2016_suc,suc,koma_00652_010_2016_suc__subbcubussBK__page0005
92,2631,1,0.5469,113.8,142.6,1542.2,1598.8,train,regions_fitness_koma_panels_20260729,fitness,koma_0079_page0026
93,4791,1,0.652,2485.4,460.8,2572.2,572.7,train,013_2017_gakusai1-3DL,gakusai,koma_00989_013_2017_gakusai1-3DL__1__page0006
94,706,1,0.8652,1816.8,134.6,2335.0,743.6,train,016_2017_running,running,koma_01558_016_2017_running__running__page0004
95,1048,1,0.7079,517.8,326.1,824.4,634.7,train,065_2024_ako3B,ako_2023-24,koma_04303_065_2024_ako3B__ako3B__page0005
96,3018,1,0.7299,217.1,223.4,789.1,878.0,train,030_2019_succor,succor,koma_02706_030_2019_succor__succor__page0028
97,585,3,0.8129,3200.9,3198.1,3547.0,3721.2,test_series,027_2019_ben,ben,koma_02383_027_2019_ben__ben__page0012
98,4068,1,0.8658,535.1,798.8,781.8,1062.9,train,026_2019_ako7,ako_2018-19,koma_02191_026_2019_ako7__ako7__page0072
99,1036,3,0.8315,807.6,665.0,1332.9,1287.5,train,042_2021_akokate,ako_2020-22,koma_03358_042_2021_akokate__akokatei__page0015
100,3495,1,0.8332,365.2,773.5,1301.3,1547.3,test_series,014_2017_kacho,kacho,koma_01360_014_2017_kacho__done2__kacho08
101,787,2,0.3611,475.7,1607.2,1592.9,2662.2,train,013_2017_gakusai1-3DL,gakusai,koma_01263_013_2017_gakusai1-3DL__3__page0008
102,5131,1,0.8699,1165.8,334.6,1399.5,539.2,train,018_2018_ako6,ako_2018-19,koma_01799_018_2018_ako6__done2__ako6-15
103,1914,1,0.8578,1788.3,186.3,2127.9,678.1,test_panel,037_2020_ako9,ako_2020-22,koma_03029_037_2020_ako9__ako9__page0037
104,2387,1,0.7917,169.3,400.1,922.3,1754.1,train,069_2024b_fitness,fitness,koma_04578_069_2024b_fitness__kurip__page0005
105,2203,1,0.8164,587.9,625.8,1698.3,1689.3,train,regions_4th_koma_panels_20260801,4th,koma_0012_page0004
106,700,1,0.8446,941.6,413.1,1503.8,949.3,test_series,007_2016_phantom,phantom,koma_00493_007_2016_phantom__PhantomThief__page0014
107,3044,1,0.8305,44.2,1202.4,1020.3,2132.3,train,013_2017_gakusai1-3DL,gakusai,koma_01195_013_2017_gakusai1-3DL__2__page0029
108,1525,1,0.8025,34.2,918.5,847.1,2211.8,train,041_2021_akogoods,ako_2020-22,koma_03255_041_2021_akogoods__akogoods__page0038
109,3568,1,0.8028,285.7,396.7,1045.5,1154.8,train,064_2024_ako3,ako_2023-24,koma_04221_064_2024_ako3__ako3__page0011
110,3390,2,0.863,282.3,321.8,772.2,798.8,train,020_2018_china2,china2,koma_01950_020_2018_china2__china2__page0007
111,313,1,0.8536,376.6,241.2,1104.9,1219.3,train,regions_fitness_koma_panels_20260729,fitness,koma_0084_page0028
112,22,1,0.8424,3290.6,695.4,3995.4,1483.3,train,018_2018_ako6,ako_2018-19,koma_01676_018_2018_ako6__ako6__page0030
113,3145,2,0.88,1288.1,163.6,1686.3,556.3,train,013_2017_gakusai1-3DL,gakusai,koma_01295_013_2017_gakusai1-3DL__3__page0016
114,1010,1,0.8498,2715.7,784.7,3136.7,1168.8,train,030_2019_succor,succor,koma_02680_030_2019_succor__succor__page0024
115,4170,1,0.8699,2356.1,363.4,2885.7,860.3,train,018_2018_ako6,ako_2018-19,koma_01796_018_2018_ako6__done2__ako6-14
116,590,2,0.7958,806.0,1027.1,1740.3,1931.1,test_panel,056_2022b_hyoui_color,hyoui_color,koma_03942_056_2022b_hyoui_color__hyoui__page0028
117,414,1,0.8647,918.5,807.1,1626.4,1543.3,train,064_2024_ako3,ako_2023-24,koma_04250_064_2024_ako3__ako3__page0020
118,2148,1,0.8737,119.5,1103.6,448.6,1384.4,test_panel,019_2018_ako7,ako_2018-19,koma_01930_019_2018_ako7__ako7__page0089
119,1181,3,0.8568,838.2,302.0,1350.9,881.1,train,013_2017_gakusai1-3DL,gakusai,koma_01220_013_2017_gakusai1-3DL__2__page0034
120,623,2,0.8565,2008.7,679.8,2849.5,1585.5,test_series,027_2019_ben,ben,koma_02335_027_2019_ben__ben__page0003
121,3082,2,0.8143,172.0,457.8,670.8,978.2,test_series,014_2017_kacho,kacho,koma_01392_014_2017_kacho__kacho__page0034
122,2469,1,0.8098,-4.3,675.5,1053.2,1915.6,test_series,014_2017_kacho,kacho,koma_01396_014_2017_kacho__kacho__page0035
123,1870,2,0.7886,1040.4,274.3,1514.1,744.8,train,037_2020_ako9,ako_2020-22,koma_02946_037_2020_ako9__ako9__page0010
124,34,1,0.8664,2802.4,583.4,3776.0,1478.6,train,053_2022b_akocult,ako_2020-22,koma_03804_053_2022b_akocult__akocult__page0047
125,436,2,0.8258,900.2,1607.1,1592.7,2501.2,test_panel,072_2024c_ako,ako_2023-24,koma_04844_072_2024c_ako__ako4__page0043
126,1916,1,0.5272,996.5,251.4,2370.6,1785.7,train,043_2021_hero,hero,koma_03508_043_2021_hero__hero__page0055
127,125,1,0.8504,2793.2,6.7,3916.8,1112.5,test_panel,017_2017_stoptime,stoptime,koma_01657_017_2017_stoptime__stp__page0014
128,83,2,0.8443,404.1,29.6,1606.6,1001.6,train,041_2021_akogoods,ako_2020-22,koma_03312_041_2021_akogoods__akogoods__page0075
129,3207,1,0.8683,909.9,475.3,1167.2,775.3,train,regions_ako5ver2_koma_panels_20260729,ako_2017,koma_0019_page0008
130,3108,1,0.7951,2092.4,379.4,2343.6,985.1,train,008_2016_poolsideIdle,poolsideidle,koma_00554_008_2016_poolsideIdle__poolside__page0005
131,4125,2,0.735,448.9,23.4,1199.1,1017.0,test_series,027_2019_ben,ben,koma_02341_027_2019_ben__ben__page0004
132,3576,1,0.8524,1032.6,317.8,1440.6,694.4,train,029_2019_fringe3,fringe,koma_02546_029_2019_fringe3__fringe3__page0012
133,4116,1,0.7803,964.5,11.2,1809.0,917.6,train,018_2018_ako6,ako_2018-19,koma_01761_018_2018_ako6__ako6__page0121
134,3295,2,0.8459,312.8,1155.1,658.0,1493.6,test_panel,004_2016_gal,gal,koma_00217_004_2016_gal__gal__page0006
135,3794,1,0.8424,694.1,552.1,1042.9,1131.7,train,042_2021_akokate,ako_2020-22,koma_03451_042_2021_akokate__akokatei__page0066
136,1237,2,0.6879,1833.0,755.9,2067.3,1106.8,train,072_2024c_ako,ako_2023-24,koma_04875_072_2024c_ako__ako4__page0052
137,4666,1,0.5211,245.8,-25.7,938.2,761.7,train,013_2017_gakusai1-3DL,gakusai,koma_01300_013_2017_gakusai1-3DL__3__page0017
138,2000,1,0.8484,285.0,802.5,650.0,1151.3,train,069_2024b_fitness,fitness,koma_04573_069_2024b_fitness__kurip__page0004
139,877,2,0.831,1024.9,496.2,1472.6,969.5,train,017_2017_stoptime,stoptime,koma_01645_017_2017_stoptime__stp__page0010
140,4680,1,0.688,352.0,176.8,984.2,775.2,train,021_2018_comics4,comics4,koma_02136_021_2018_comics4__underworld_underworld__page0003
141,5258,1,0.8399,389.3,163.1,524.6,309.4,train,030_2019_succor,succor,koma_02863_030_2019_succor__succor__page0079
142,446,2,0.4357,1994.0,25.3,3425.6,1357.7,train,003_2016_avbu,avbu,koma_00123_003_2016_avbu__avb__page0009
143,24,2,0.842,3638.9,2520.2,4279.1,3373.9,test_panel,013_2017_gakusai1-3DL,gakusai,koma_01119_013_2017_gakusai1-3DL__2__page0009
144,3535,1,0.8169,0.6,629.9,564.7,1543.3,train,017_2017_stoptime,stoptime,koma_01621_017_2017_stoptime__stp__page0004
145,855,1,0.8712,301.6,480.4,1103.3,1185.1,train,016_2017_running,running,koma_01605_016_2017_running__running__page0039
146,4397,1,0.8163,115.7,196.8,487.1,554.3,train,013_2017_gakusai1-3DL,gakusai,koma_00999_013_2017_gakusai1-3DL__1__page0008
147,5226,1,0.3299,92.9,530.0,724.7,998.1,train,030_2019_succor,succor,koma_02629_030_2019_succor__succor__page0007
148,2959,2,0.4515,725.7,311.9,1230.4,1080.6,test_panel,004_2016_gal,gal,koma_00143_004_2016_gal__root__page0003
149,3573,1,0.309,325.1,70.8,1023.1,837.9,train,030_2019_succor,succor,koma_02704_030_2019_succor__succor__page0028
150,1583,1,0.8056,-2.5,1218.9,1205.6,2716.7,test_series,014_2017_kacho,kacho,koma_01412_014_2017_kacho__kacho__page0044
151,641,2,0.8643,146.4,488.7,716.4,1115.4,test_panel,regions_fitness_koma_panels_20260729,fitness,koma_0041_page0013
152,677,1,0.7951,2495.5,71.3,3429.2,970.2,train,008_2016_poolsideIdle,poolsideidle,koma_00581_008_2016_poolsideIdle__poolside__page0012
153,4061,2,0.5925,7.7,39.0,423.7,679.3,train,017_2017_stoptime,stoptime,koma_01634_017_2017_stoptime__stp__page0007
154,2043,2,0.8035,1537.1,1422.4,1751.2,1758.5,train,030_2019_succor,succor,koma_02765_030_2019_succor__succor__page0042
155,3134,1,0.8327,470.7,764.7,1276.7,1624.6,test_panel,056_2022b_hyoui_color,hyoui_color,koma_03815_056_2022b_hyoui_color__hyoui__page0001
156,3118,1,0.7929,1769.1,618.6,2613.4,1568.8,train,015_2017_pink,pink,koma_01449_015_2017_pink__pink__page0003
157,1017,1,0.8541,1656.0,103.4,2971.9,1170.4,train,016_2017_running,running,koma_01589_016_2017_running__running__page0031
158,699,2,0.5973,2585.3,650.9,2844.5,961.0,train,059_2023b_4th,4th,koma_04026_059_2023b_4th__4th__page0009
159,1244,1,0.782,601.2,0.3,1483.9,302.8,train,065_2024_ako3B,ako_2023-24,koma_04310_065_2024_ako3B__ako3B__page0006
160,1828,3,0.4504,1655.3,394.1,2292.5,1092.2,train,030_2019_succor,succor,koma_02652_030_2019_succor__succor__page0012
161,3878,4,0.8059,125.8,10.6,288.2,263.9,train,004_2016_gal,gal,koma_00232_004_2016_gal__gal__page0011
162,5140,1,0.8536,1820.8,931.8,2093.7,1221.9,train,043_2021_hero,hero,koma_03518_043_2021_hero__hero__page0059
163,292,1,0.8592,457.6,606.4,932.8,1055.2,train,071_2024b_kids,kids,koma_04687_071_2024b_kids__milking__page0007
164,1367,2,0.8089,321.9,804.7,691.1,1210.3,train,065_2024_ako3B,ako_2023-24,koma_04338_065_2024_ako3B__ako3B__page0015
165,480,2,0.8103,1141.5,0.1,1996.0,556.2,train,026_2019_ako7,ako_2018-19,koma_02274_026_2019_ako7__ako7__page0183
166,5273,1,0.8505,485.8,537.7,729.6,765.1,test_panel,013_2017_gakusai1-3DL,gakusai,koma_01004_013_2017_gakusai1-3DL__1__page0009
167,331,2,0.6982,512.1,1726.0,1016.3,2240.6,test_panel,016_2017_running,running,koma_01604_016_2017_running__running__page0038
168,3910,2,0.8501,226.5,273.3,729.1,826.9,train,028_2019_fringe,fringe,koma_02431_028_2019_fringe__fringe_01__page0006
169,359,1,0.878,441.5,713.2,1448.1,1662.8,test_panel,015_2017_pink,pink,koma_01469_015_2017_pink__pink__page0018
170,1587,1,0.8017,1423.2,286.2,2907.7,1797.3,train,056_2022b_hyoui_color,hyoui_color,koma_03856_056_2022b_hyoui_color__hyoui__page0008
171,2357,1,0.83,431.3,183.4,672.8,531.9,test_series,006_2016_pc,pc,koma_00409_006_2016_pc__works__page0007
172,3201,4,0.8522,-0.0,282.0,290.4,652.6,test_panel,030_2019_succor,succor,koma_02783_030_2019_succor__succor__page0047
173,4014,1,0.7804,442.2,500.3,1219.0,1327.9,train,051_2022b_4th,4th,koma_03651_051_2022b_4th__4th__page0003
174,744,1,0.8166,1407.9,1349.2,2051.0,1989.6,train,029_2019_fringe3,fringe,koma_02561_029_2019_fringe3__fringe3__page0015
175,3654,1,0.7757,351.6,240.7,874.1,896.1,train,051_2022b_4th,4th,koma_03678_051_2022b_4th__4th__page0008
176,678,1,0.8837,1849.0,709.6,2609.2,1449.6,train,056_2022b_hyoui_color,hyoui_color,koma_03993_056_2022b_hyoui_color__hyoui__page0042
177,3208,1,0.7051,723.4,144.1,1509.3,1037.4,train,069_2024b_fitness,fitness,koma_04631_069_2024b_fitness__kurip__page0021
178,4124,1,0.8103,518.6,394.1,1193.2,1072.4,train,041_2021_akogoods,ako_2020-22,koma_03274_041_2021_akogoods__akogoods__page0051
179,495,1,0.8568,1318.7,-0.3,2020.9,570.9,train,regions_fitness_koma_panels_20260729,fitness,koma_0078_page0026
180,2199,2,0.8546,1282.5,653.3,1806.1,1144.8,test_panel,029_2019_fringe3,fringe,koma_02558_029_2019_fringe3__fringe3__page0015
181,5123,1,0.7577,1265.9,9.8,2421.4,495.3,train,018_2018_ako6,ako_2018-19,koma_01805_018_2018_ako6__done3__ako6-21
182,3031,1,0.8438,552.0,212.1,1117.8,731.4,test_panel,037_2020_ako9,ako_2020-22,koma_02962_037_2020_ako9__ako9__page0019
183,238,2,0.8783,3405.2,579.8,4186.3,1303.7,test_series,009_2016_riko,riko,koma_00627_009_2016_riko__lozx__page0008
184,2940,1,0.8049,141.1,750.3,1009.2,1588.9,train,065_2024_ako3B,ako_2023-24,koma_04352_065_2024_ako3B__ako3B__page0017
185,492,1,0.8262,482.2,976.9,1072.0,1716.3,train,069_2024b_fitness,fitness,koma_04662_069_2024b_fitness__kurip__page0033
186,5043,1,0.8332,91.7,1420.5,704.0,1881.2,train,011_2017_ako5,ako_2017,koma_00815_011_2017_ako5__done__ako5-32
187,931,1,0.8354,1959.9,779.1,2332.0,1156.6,train,regions_4th_koma_panels_20260801,4th,koma_0008_page0003
188,3087,2,0.8143,172.0,457.8,670.8,978.2,test_series,014_2017_kacho,kacho,koma_01352_014_2017_kacho__done__kacho10
189,2104,1,0.7839,371.6,180.9,1086.6,1111.9,test_series,005_2016_ng,ng,koma_00334_005_2016_ng__新しいフォルダー_n__page0001
190,1772,1,0.8132,94.9,354.5,681.4,1016.4,test_panel,013_2017_gakusai1-3DL,gakusai,koma_00994_013_2017_gakusai1-3DL__1__page0007
191,1015,2,0.8301,1670.9,840.2,2836.1,2019.7,test_series,005_2016_ng,ng,koma_00329_005_2016_ng__ng__page0027
192,2080,1,0.6314,549.8,-14.5,2248.5,1888.0,train,018_2018_ako6,ako_2018-19,koma_01834_018_2018_ako6__done4__ako6-21
193,419,2,0.873,1287.5,198.1,1798.9,666.2,train,021_2018_comics4,comics4,koma_02026_021_2018_comics4__china_v2_china__page0005
194,3064,1,0.8346,469.1,730.6,763.6,1073.6,train,030_2019_succor,succor,koma_02621_030_2019_succor__succor__page0005
195,2162,1,0.8498,1006.3,262.3,1499.7,820.5,train,071_2024b_kids,kids,koma_04752_071_2024b_kids__unmerged__page0009
196,1136,1,0.8573,1819.0,-9.1,2707.0,836.9,train,065_2024_ako3B,ako_2023-24,koma_04395_065_2024_ako3B__ako3B__page0043
197,92,1,0.8147,1841.7,267.0,2771.1,1181.0,train,003_2016_avbu,avbu,koma_00122_003_2016_avbu__avb__page0009
198,2031,2,0.4243,1857.2,1.8,2580.4,319.2,train,015_2017_pink,pink,koma_01461_015_2017_pink__pink__page0014
199,1787,1,0.8687,909.9,470.7,1805.7,1153.7,test_panel,056_2022b_hyoui_color,hyoui_color,koma_03873_056_2022b_hyoui_color__hyoui__page0012
200,2112,3,0.6724,442.5,135.5,694.4,374.5,train,017_2017_stoptime,stoptime,koma_01664_017_2017_stoptime__stp__page0016
201,5298,1,0.3514,-1.7,703.7,441.2,1207.9,train,015_2017_pink,pink,koma_01491_015_2017_pink__pink__page0033
202,1420,1,0.8775,1136.1,875.0,1738.5,1450.8,test_panel,018_2018_ako6,ako_2018-19,koma_01776_018_2018_ako6__done__ako6-4
203,2338,2,0.8797,1550.4,1125.1,2127.5,1746.0,train,026_2019_ako7,ako_2018-19,koma_02320_026_2019_ako7__done2__ako7-40
204,4390,1,0.564,1183.0,10.1,2013.4,735.6,test_series,027_2019_ben,ben,koma_02363_027_2019_ben__ben__page0008
205,365,1,0.8285,3002.1,1120.1,3673.3,1837.6,train,069_2024b_fitness,fitness,koma_04664_069_2024b_fitness__kurip__page0034
206,699,1,0.6127,375.7,88.6,1232.3,1055.3,train,059_2023b_4th,4th,koma_04026_059_2023b_4th__4th__page0009
207,2595,1,0.8389,639.0,1294.0,1272.1,1906.7,train,018_2018_ako6,ako_2018-19,koma_01894_018_2018_ako6__done8__ako6-41
208,4205,1,0.8222,452.3,355.8,1228.7,1219.3,test_panel,026_2019_ako7,ako_2018-19,koma_02318_026_2019_ako7__done2__ako7-39
209,974,1,0.8238,430.7,737.6,1725.1,2258.9,train,004_2016_gal,gal,koma_00241_004_2016_gal__gal__page0013
210,2120,1,0.4884,480.0,243.9,1100.0,1081.4,test_panel,041_2021_akogoods,ako_2020-22,koma_03224_041_2021_akogoods__akogoods__page0023
211,1498,1,0.6492,1703.0,356.0,1880.9,533.3,train,regions_ako5ver2_koma_panels_20260729,ako_2017,koma_0015_page0007
212,4649,2,0.862,872.6,321.5,1035.7,496.9,train,011_2017_ako5,ako_2017,koma_00841_011_2017_ako5__done2__ako5-6 (1)
213,75,6,0.6986,3922.9,1221.4,4624.7,2037.4,train,021_2018_comics4,comics4,koma_02044_021_2018_comics4__china_v2_china__page0013
214,154,1,0.8263,1240.1,-26.6,2718.0,1380.9,test_panel,004_2016_gal,gal,koma_00202_004_2016_gal__root__page0019
215,904,1,0.8531,2189.2,1403.4,3042.3,2100.1,train,026_2019_ako7,ako_2018-19,koma_02273_026_2019_ako7__ako7__page0183
216,435,2,0.8272,2705.7,458.8,3164.3,1277.0,test_panel,042_2021_akokate,ako_2020-22,koma_03355_042_2021_akokate__akokatei__page0014
217,3180,1,0.8759,138.5,206.3,403.8,466.3,train,004_2016_gal,gal,koma_00158_004_2016_gal__root__page0006
218,1801,3,0.3138,1212.1,1141.1,1329.9,1264.5,train,013_2017_gakusai1-3DL,gakusai,koma_01168_013_2017_gakusai1-3DL__2__page0021
219,3815,2,0.8451,971.0,913.1,1170.4,1147.2,train,048_2022_akocult,ako_2020-22,koma_03610_048_2022_akocult__akocult__page0008
220,3751,1,0.7769,439.3,179.9,1241.9,859.6,test_panel,013_2017_gakusai1-3DL,gakusai,koma_01249_013_2017_gakusai1-3DL__3__page0006
221,2858,1,0.829,319.8,365.6,878.3,915.2,train,regions_ako5ver2_koma_panels_20260729,ako_2017,koma_0047_page0021
222,939,2,0.3713,471.3,8.8,1313.7,970.0,train,003_2016_avbu,avbu,koma_00102_003_2016_avbu__avb__page0003
223,1445,1,0.8585,1078.1,2242.2,1843.2,2965.7,test_panel,029_2019_fringe3,fringe,koma_02594_029_2019_fringe3__fringe3__page0021
224,387,1,0.8759,1112.7,446.7,1840.7,1069.6,train,042_2021_akokate,ako_2020-22,koma_03425_042_2021_akokate__akokatei__page0047
225,1703,1,0.7994,806.5,9.5,1878.9,652.5,train,013_2017_gakusai1-3DL,gakusai,koma_01325_013_2017_gakusai1-3DL__3__page0022
226,2419,2,0.8419,1204.7,204.2,1493.2,604.6,test_panel,012_2017_copy,copy,koma_00956_012_2017_copy__copy__page0032
227,239,1,0.8789,2275.4,355.0,2825.4,922.7,test_panel,regions_ako5ver2_koma_panels_20260729,ako_2017,koma_0003_page0001
228,924,1,0.793,29.8,545.5,1120.0,1299.0,train,059_2023b_4th,4th,koma_04045_059_2023b_4th__4th__page0031
229,2187,2,0.8569,841.6,229.4,1199.8,611.2,train,065_2024_ako3B,ako_2023-24,koma_04367_065_2024_ako3B__ako3B__page0019
230,1789,2,0.8225,175.0,540.0,822.2,1232.4,train,041_2021_akogoods,ako_2020-22,koma_03148_041_2021_akogoods__akogoods__page0005
231,2173,2,0.8417,112.3,1190.6,821.0,2015.0,train,047_2022_4th,4th,koma_03589_047_2022_4th__4th__page0008
232,4743,1,0.8109,208.7,892.8,440.8,1222.5,train,029_2019_fringe3,fringe,koma_02569_029_2019_fringe3__fringe3__page0017
233,681,2,0.7874,171.4,0.1,743.9,360.6,train,regions_ako5ver2_koma_panels_20260729,ako_2017,koma_0130_page0050
234,384,1,0.8034,123.1,360.2,1036.6,1311.1,test_panel,042_2021_akokate,ako_2020-22,koma_03441_042_2021_akokate__akokatei__page0063
235,4700,1,0.3905,341.9,372.2,1134.5,1125.1,test_series,063_2023b_hamlabi,hamlabi,koma_04197_063_2023b_hamlabi__works__page0017
236,2292,1,0.7507,649.2,406.4,1515.8,2207.2,train,017_2017_stoptime,stoptime,koma_01659_017_2017_stoptime__stp__page0016
237,2517,1,0.8556,570.5,0.2,1113.9,258.5,train,043_2021_hero,hero,koma_03512_043_2021_hero__hero__page0057
238,85,1,0.8067,1298.6,15.3,1783.2,663.8,train,039_2020b_ako10,ako_2020-22,koma_03076_039_2020b_ako10__aco10__page0017
239,1276,1,0.8615,2949.0,1649.4,3577.6,2360.6,train,039_2020b_ako10,ako_2020-22,koma_03115_039_2020b_ako10__aco10__page0036
240,3223,1,0.8239,62.8,1098.7,885.7,1999.9,test_panel,071_2024b_kids,kids,koma_04761_071_2024b_kids__unmerged__page0010
241,664,1,0.8462,194.8,1017.1,1089.5,1817.6,test_panel,001_2015_gakusai3,gakusai,koma_00014_001_2015_gakusai3__tmp3_gakusai3__page0040
242,1747,1,0.8511,730.3,378.2,1224.9,875.9,test_panel,regions_ako5ver2_koma_panels_20260729,ako_2017,koma_0156_page0059
243,4368,1,0.7782,440.1,210.1,591.3,348.3,train,043_2021_hero,hero,koma_03491_043_2021_hero__hero__page0047
244,2609,1,0.8719,734.4,145.9,1525.2,996.7,train,030_2019_succor,succor,koma_02767_030_2019_succor__succor__page0043
245,178,1,0.862,698.9,665.4,1681.7,1641.4,train,069_2024b_fitness,fitness,koma_04645_069_2024b_fitness__kurip__page0027
246,359,3,0.8652,2224.9,158.9,2852.0,894.4,test_panel,015_2017_pink,pink,koma_01469_015_2017_pink__pink__page0018
247,915,1,0.54,114.2,0.9,1380.2,944.0,train,regions_fitness_koma_panels_20260729,fitness,koma_0054_page0017
248,2556,1,0.7662,277.0,1061.9,1579.5,2227.6,train,068_2024b_ako4,ako_2023-24,koma_04551_068_2024b_ako4__ako4__page0019
249,112,1,0.5983,1079.0,196.1,2025.5,1104.7,test_panel,066_2024_housei,housei,koma_04448_066_2024_housei__kazenagare__page0007
250,740,1,0.8677,261.3,340.0,919.1,957.1,test_series,007_2016_phantom,phantom,koma_00469_007_2016_phantom__PhantomThief__page0008
251,3833,1,0.395,640.3,498.3,1682.4,2017.8,test_panel,056_2022b_hyoui_color,hyoui_color,koma_03959_056_2022b_hyoui_color__hyoui__page0032
252,1213,2,0.8669,1196.3,274.9,1542.3,626.0,train,041_2021_akogoods,ako_2020-22,koma_03162_041_2021_akogoods__akogoods__page0007
253,2593,1,0.8355,24.4,1021.5,474.8,1485.8,train,018_2018_ako6,ako_2018-19,koma_01677_018_2018_ako6__ako6__page0030
254,2225,1,0.7546,99.0,56.8,1342.5,1532.6,train,013_2017_gakusai1-3DL,gakusai,koma_01039_013_2017_gakusai1-3DL__1__page0018
255,5304,1,0.8171,272.1,337.5,565.6,719.2,test_panel,015_2017_pink,pink,koma_01481_015_2017_pink__pink__page0029
256,3598,1,0.805,1925.4,6.3,3315.0,1326.1,train,019_2018_ako7,ako_2018-19,koma_01913_019_2018_ako7__ako7__page0070
257,2228,1,0.8647,484.8,2374.6,1009.0,2816.2,train,013_2017_gakusai1-3DL,gakusai,koma_01031_013_2017_gakusai1-3DL__1__page0015
258,2182,1,0.8154,578.7,670.1,1280.3,1499.3,train,042_2021_akokate,ako_2020-22,koma_03416_042_2021_akokate__akokatei__page0039
259,916,2,0.8581,0.5,279.7,392.8,870.8,train,026_2019_ako7,ako_2018-19,koma_02213_026_2019_ako7__ako7__page0138
260,864,1,0.6457,166.6,836.4,912.5,1531.4,train,064_2024_ako3,ako_2023-24,koma_04256_064_2024_ako3__ako3__page0023
261,1554,1,0.8476,2532.9,410.7,2902.0,766.9,train,030_2019_succor,succor,koma_02636_030_2019_succor__succor__page0009
262,4801,1,0.8748,637.3,207.9,1037.4,659.5,train,regions_4th_koma_panels_20260801,4th,koma_0100_page0024
263,1534,1,0.869,167.2,1037.2,686.7,1548.7,train,013_2017_gakusai1-3DL,gakusai,koma_01312_013_2017_gakusai1-3DL__3__page0019
264,2577,1,0.7988,433.1,490.6,1318.8,1412.9,train,068_2024b_ako4,ako_2023-24,koma_04495_068_2024b_ako4__ako4__page0004
265,3592,2,0.7736,813.3,505.6,1007.0,731.8,test_panel,072_2024c_ako,ako_2023-24,koma_04775_072_2024c_ako__ako4__page0004
266,4619,1,0.5867,184.3,511.3,817.9,1115.9,test_panel,043_2021_hero,hero,koma_03521_043_2021_hero__hero__page0059
267,2157,1,0.784,2.2,941.7,990.8,2213.7,train,018_2018_ako6,ako_2018-19,koma_01775_018_2018_ako6__done__ako6-4
268,3774,1,0.8717,579.5,702.5,940.1,1070.8,train,012_2017_copy,copy,koma_00917_012_2017_copy__copy__page0018
269,2770,1,0.3961,1212.4,1670.9,1730.6,2111.0,train,012_2017_copy,copy,koma_00946_012_2017_copy__copy__page0029
270,1847,1,0.8221,1166.5,1056.1,1899.7,1805.6,train,041_2021_akogoods,ako_2020-22,koma_03159_041_2021_akogoods__akogoods__page0007
271,4454,1,0.8211,1706.6,383.2,2832.8,1494.3,train,029_2019_fringe3,fringe,koma_02510_029_2019_fringe3__fringe3__page0005
272,2668,1,0.866,363.6,332.2,899.2,870.8,train,068_2024b_ako4,ako_2023-24,koma_04533_068_2024b_ako4__ako4__page0016
273,717,3,0.7612,2553.1,633.9,2841.8,913.0,train,071_2024b_kids,kids,koma_04686_071_2024b_kids__milking__page0007
274,2280,1,0.8666,2107.8,67.5,2949.1,823.8,test_panel,028_2019_fringe,fringe,koma_02448_028_2019_fringe__fringe_01__page0016
275,4945,1,0.7625,242.1,764.4,664.3,1184.9,train,regions_4th_koma_panels_20260801,4th,koma_0046_page0010
276,1816,2,0.8185,3.8,1.4,512.9,264.2,train,016_2017_running,running,koma_01564_016_2017_running__running__page0025
277,2870,2,0.6854,913.7,269.4,1496.1,862.0,train,013_2017_gakusai1-3DL,gakusai,koma_01040_013_2017_gakusai1-3DL__1__page0018
278,200,2,0.8453,2093.5,602.4,2623.4,1294.2,train,regions_fitness_koma_panels_20260729,fitness,koma_0004_page0002
279,3538,1,0.8152,357.6,479.7,1187.3,1262.3,train,013_2017_gakusai1-3DL,gakusai,koma_01280_013_2017_gakusai1-3DL__3__page0013
280,194,1,0.8737,1069.4,753.6,1714.4,1420.2,train,032_2019b_ako8,ako_2018-19,koma_02894_032_2019b_ako8__ako8__page0013
281,1230,3,0.5114,2781.9,406.8,2932.7,561.9,test_panel,059_2023b_4th,4th,koma_04029_059_2023b_4th__4th__page0014
282,2802,1,0.709,1173.8,11.6,2020.9,963.3,test_series,006_2016_pc,pc,koma_00396_006_2016_pc__works__page0003
283,873,1,0.4073,3344.2,642.6,3659.1,1028.6,train,regions_4th_koma_panels_20260801,4th,koma_0114_page0027
284,2495,1,0.6301,236.6,618.7,1576.1,2481.4,train,017_2017_stoptime,stoptime,koma_01670_017_2017_stoptime__stp__page0020
285,1973,3,0.8324,1292.6,643.5,1809.6,1200.8,test_panel,037_2020_ako9,ako_2020-22,koma_02994_037_2020_ako9__ako9__page0029
286,1413,1,0.6215,2234.4,270.9,2997.9,1125.6,train,regions_4th_koma_panels_20260801,4th,koma_0144_page0034
287,4889,1,0.8608,1271.8,424.1,1508.2,653.0,train,012_2017_copy,copy,koma_00924_012_2017_copy__copy__page0019
288,67,1,0.8642,1282.4,547.3,1971.0,1268.0,train,regions_gakuen_koma_panels_20260729,gakuen,koma_0005_page0002
289,37,3,0.8538,2196.5,485.6,3374.8,1617.2,train,069_2024b_fitness,fitness,koma_04600_069_2024b_fitness__kurip__page0012
290,2899,2,0.8458,587.0,490.9,1083.7,982.1,test_series,010_2016_suc,suc,koma_00667_010_2016_suc__subbcubussBK__page0011
291,4852,1,0.8218,444.4,112.8,1018.4,627.4,test_series,027_2019_ben,ben,koma_02337_027_2019_ben__ben__page0003
292,3320,2,0.8053,333.0,1117.1,688.3,1535.8,train,020_2018_china2,china2,koma_01957_020_2018_china2__china2__page0010
293,4590,1,0.8609,446.4,444.1,822.4,822.5,train,013_2017_gakusai1-3DL,gakusai,koma_01314_013_2017_gakusai1-3DL__3__page0020
294,3113,2,0.8755,1374.1,500.0,1931.8,1029.1,test_panel,032_2019b_ako8,ako_2018-19,koma_02879_032_2019b_ako8__ako8__page0001
295,3263,1,0.8488,101.0,220.7,514.9,656.5,train,041_2021_akogoods,ako_2020-22,koma_03273_041_2021_akogoods__akogoods__page0049
296,208,1,0.868,481.6,1105.9,1329.9,1942.5,test_panel,049_2022_akogoods,ako_2020-22,koma_03643_049_2022_akogoods__akogoods__page0073
297,328,1,0.8758,357.0,507.6,1060.6,1226.3,train,020_2018_china2,china2,koma_01964_020_2018_china2__china2__page0011
298,530,2,0.8494,801.9,398.3,1452.2,1319.4,train,051_2022b_4th,4th,koma_03671_051_2022b_4th__4th__page0007
299,27,3,0.6623,2956.3,501.9,3556.6,1126.9,train,061_2023b_akocultB,ako_2023-24,koma_04146_061_2023b_akocultB__akocultB__page0039
300,1271,3,0.7848,1790.3,241.5,2734.2,1537.8,train,056_2022b_hyoui_color,hyoui_color,koma_03913_056_2022b_hyoui_color__hyoui__page0023
301,4239,2,0.7317,945.4,170.9,1297.6,760.6,train,008_2016_poolsideIdle,poolsideidle,koma_00586_008_2016_poolsideIdle__poolside__page0013
302,685,2,0.8386,1636.4,2098.5,2363.4,2794.4,train,041_2021_akogoods,ako_2020-22,koma_03195_041_2021_akogoods__akogoods__page0016
303,2264,1,0.4,424.2,667.7,1379.8,1552.4,train,047_2022_4th,4th,koma_03577_047_2022_4th__4th__page0006
304,1758,1,0.8432,251.7,573.8,1059.1,1430.6,train,071_2024b_kids,kids,koma_04684_071_2024b_kids__milking__page0006
305,2363,2,0.7833,1684.5,232.7,1926.7,526.4,train,011_2017_ako5,ako_2017,koma_00704_011_2017_ako5__ako5__page0003
306,2009,1,0.8722,1122.1,282.5,1595.5,756.0,train,026_2019_ako7,ako_2018-19,koma_02271_026_2019_ako7__ako7__page0180
307,461,2,0.8151,212.0,287.9,1065.3,1074.4,train,053_2022b_akocult,ako_2020-22,koma_03798_053_2022b_akocult__akocult__page0045
308,28,3,0.3579,3485.2,5167.6,4232.6,5987.7,train,013_2017_gakusai1-3DL,gakusai,koma_01117_013_2017_gakusai1-3DL__2__page0008
309,3128,1,0.7917,686.6,585.3,1272.2,1223.9,test_panel,051_2022b_4th,4th,koma_03736_051_2022b_4th__4th__page0028
310,1324,1,0.8783,642.5,914.3,1497.1,1748.7,train,013_2017_gakusai1-3DL,gakusai,koma_01254_013_2017_gakusai1-3DL__3__page0007
311,3780,1,0.8081,290.0,483.4,995.2,1193.1,train,regions_ako5ver2_koma_panels_20260729,ako_2017,koma_0059_page0025
312,1840,1,0.3793,26.7,817.4,1334.6,1682.5,test_series,005_2016_ng,ng,koma_00323_005_2016_ng__ng__page0020
313,1568,1,0.8314,-5.3,426.5,800.6,1353.5,train,037_2020_ako9,ako_2020-22,koma_02956_037_2020_ako9__ako9__page0014
314,4490,1,0.8129,835.8,117.9,1667.7,847.0,train,040_2020b_nurse,nurse+nanami,koma_03128_040_2020b_nurse__pumpkin__page0004
315,4514,1,0.8023,417.9,11.7,1251.8,944.5,train,026_2019_ako7,ako_2018-19,koma_02206_026_2019_ako7__ako7__page0133
316,2859,1,0.7963,720.3,485.7,1382.7,1440.5,train,011_2017_ako5,ako_2017,koma_00773_011_2017_ako5__ako5__page0068
317,2590,2,0.8563,194.1,1443.6,520.5,1772.9,train,071_2024b_kids,kids,koma_04760_071_2024b_kids__unmerged__page0010
318,1429,1,0.8228,376.0,0.3,1494.3,874.5,train,026_2019_ako7,ako_2018-19,koma_02184_026_2019_ako7__ako7__page0069
319,43,2,0.8211,376.2,2972.1,1092.9,3885.8,train,018_2018_ako6,ako_2018-19,koma_01884_018_2018_ako6__done8__ako6-39
320,3436,1,0.824,1139.0,245.5,1832.6,960.2,test_panel,056_2022b_hyoui_color,hyoui_color,koma_03965_056_2022b_hyoui_color__hyoui__page0033
321,1264,2,0.4069,1051.4,609.1,1898.1,1625.4,train,042_2021_akokate,ako_2020-22,koma_03396_042_2021_akokate__akokatei__page0028
322,2293,2,0.7911,128.3,823.9,720.7,1470.6,test_series,073_2024c_mayer,mayer,koma_04958_073_2024c_mayer__mayer__page0020
323,758,1,0.8511,534.6,731.6,1484.6,1738.6,test_panel,039_2020b_ako10,ako_2020-22,koma_03077_039_2020b_ako10__aco10__page0018
324,65,1,0.856,1376.2,333.4,2809.6,1595.7,test_panel,065_2024_ako3B,ako_2023-24,koma_04386_065_2024_ako3B__ako3B__page0026
325,2499,1,0.8136,321.6,1109.2,1322.5,1933.2,train,011_2017_ako5,ako_2017,koma_00854_011_2017_ako5__done3__ako5-14
326,4781,1,0.6764,-10.3,391.4,774.0,1590.0,train,011_2017_ako5,ako_2017,koma_00739_011_2017_ako5__ako5__page0046
327,4269,2,0.6452,-1.1,495.9,406.1,1339.8,train,013_2017_gakusai1-3DL,gakusai,koma_01208_013_2017_gakusai1-3DL__2__page0031
328,3876,2,0.8466,1053.3,1236.5,1293.9,1483.0,train,013_2017_gakusai1-3DL,gakusai,koma_01311_013_2017_gakusai1-3DL__3__page0019
329,3160,1,0.8638,438.7,648.1,1135.0,1236.2,test_panel,008_2016_poolsideIdle,poolsideidle,koma_00571_008_2016_poolsideIdle__poolside__page0010
330,2087,1,0.8727,633.7,394.4,1181.0,933.6,train,018_2018_ako6,ako_2018-19,koma_01744_018_2018_ako6__ako6__page0116
331,4605,1,0.4935,993.3,830.6,1441.7,1267.3,test_panel,018_2018_ako6,ako_2018-19,koma_01787_018_2018_ako6__done__ako6-7
332,3093,1,0.8465,1284.2,732.3,1898.9,1285.0,train,030_2019_succor,succor,koma_02737_030_2019_succor__succor__page0037
333,2314,2,0.8049,1431.9,354.6,1758.7,689.4,test_panel,056_2022b_hyoui_color,hyoui_color,koma_03879_056_2022b_hyoui_color__hyoui__page0014
334,4226,1,0.8582,2093.3,153.9,2818.3,690.5,test_panel,012_2017_copy,copy,koma_00916_012_2017_copy__copy__page0017
335,1729,1,0.8382,901.8,308.8,1149.8,546.7,train,072_2024c_ako,ako_2023-24,koma_04768_072_2024c_ako__ako4__page0002
336,647,1,0.8721,1212.9,659.2,1816.5,1249.2,train,069_2024b_fitness,fitness,koma_04604_069_2024b_fitness__kurip__page0013
337,2401,1,0.8505,709.0,231.5,1056.3,548.5,train,regions_4th_koma_panels_20260801,4th,koma_0082_page0021
338,1231,1,0.8177,3678.8,229.3,3977.5,538.6,train,071_2024b_kids,kids,koma_04688_071_2024b_kids__milking__page0007
339,19,1,0.7431,1869.9,869.6,2407.8,1490.9,test_panel,021_2018_comics4,comics4,koma_02059_021_2018_comics4__mars_v2_mars_manuscript__page0002
340,1595,1,0.8542,971.7,250.0,1744.7,1029.5,train,013_2017_gakusai1-3DL,gakusai,koma_01061_013_2017_gakusai1-3DL__1__page0024
341,1510,2,0.605,1136.2,574.0,2040.2,1442.2,train,029_2019_fringe3,fringe,koma_02564_029_2019_fringe3__fringe3__page0016
342,1436,1,0.8162,2397.2,1110.9,2772.8,1721.6,train,026_2019_ako7,ako_2018-19,koma_02182_026_2019_ako7__ako7__page0069
343,1648,2,0.8658,920.0,377.5,1299.6,759.6,test_series,014_2017_kacho,kacho,koma_01387_014_2017_kacho__kacho__page0033
344,2022,1,0.7999,705.8,291.0,1205.4,758.4,test_series,regions_hamlabi_koma_panels_20260729,hamlabi,koma_0041_page0018
345,4408,1,0.8396,1602.3,226.2,1875.2,667.7,train,043_2021_hero,hero,koma_03545_043_2021_hero__hero__page0078
346,3565,2,0.7821,1126.4,151.3,1860.4,958.8,train,008_2016_poolsideIdle,poolsideidle,koma_00611_008_2016_poolsideIdle__poolside__page0020
347,2163,3,0.7728,1474.1,1249.9,1714.6,1536.5,test_panel,042_2021_akokate,ako_2020-22,koma_03387_042_2021_akokate__akokatei__page0026
348,966,3,0.8678,851.0,853.4,1232.8,1219.8,train,017_2017_stoptime,stoptime,koma_01615_017_2017_stoptime__stp__page0003
349,49,1,0.8625,3020.6,2473.0,3853.2,3308.3,test_series,063_2023b_hamlabi,hamlabi,koma_04177_063_2023b_hamlabi__works__page0002
350,279,1,0.8783,1107.4,239.6,1822.1,937.8,train,042_2021_akokate,ako_2020-22,koma_03331_042_2021_akokate__akokatei__page0007
351,1698,1,0.8667,361.6,567.6,744.8,950.0,train,056_2022b_hyoui_color,hyoui_color,koma_03858_056_2022b_hyoui_color__hyoui__page0009
352,4078,1,0.7469,2146.2,524.8,2247.2,635.0,test_panel,030_2019_succor,succor,koma_02848_030_2019_succor__succor__page0076
353,4497,2,0.8409,369.8,215.9,831.0,692.8,train,030_2019_succor,succor,koma_02689_030_2019_succor__succor__page0026
354,570,1,0.3995,1971.1,2.1,2906.9,340.5,test_panel,regions_fitness_koma_panels_20260729,fitness,koma_0023_page0007
355,3609,1,0.8538,877.7,178.3,1424.5,672.5,train,018_2018_ako6,ako_2018-19,koma_01791_018_2018_ako6__done2__ako6-12
356,2561,2,0.8635,1282.1,56.3,1755.1,493.7,train,028_2019_fringe,fringe,koma_02436_028_2019_fringe__fringe_01__page0009
357,1533,3,0.7493,2710.1,221.8,2931.1,570.2,train,019_2018_ako7,ako_2018-19,koma_01931_019_2018_ako7__ako7__page0089
358,2307,2,0.8211,1031.9,413.1,1368.5,835.5,train,013_2017_gakusai1-3DL,gakusai,koma_00978_013_2017_gakusai1-3DL__1__page0003
359,1952,1,0.785,3.0,494.6,1275.3,2136.2,test_panel,037_2020_ako9,ako_2020-22,koma_02939_037_2020_ako9__ako9__page0003
360,838,1,0.8313,1231.3,978.4,1506.6,1348.9,train,069_2024b_fitness,fitness,koma_04570_069_2024b_fitness__kurip__page0004
361,13,1,0.8648,49.2,706.8,1745.0,2580.4,train,053_2022b_akocult,ako_2020-22,koma_03776_053_2022b_akocult__akocult__page0036
362,2704,1,0.8216,915.0,178.8,2175.0,1250.7,train,032_2019b_ako8,ako_2018-19,koma_02881_032_2019b_ako8__ako8__page0001
363,4563,1,0.7322,490.4,7.0,1151.1,660.5,train,004_2016_gal,gal,koma_00207_004_2016_gal__gal__page0004
364,2755,1,0.8678,637.3,1254.4,1164.4,1752.4,train,008_2016_poolsideIdle,poolsideidle,koma_00590_008_2016_poolsideIdle__poolside__page0014
365,1396,2,0.4086,711.6,229.8,1948.3,1750.6,test_series,005_2016_ng,ng,koma_00368_005_2016_ng__新しいフォルダー_n__page0011
366,3485,1,0.8169,3.1,954.1,1142.0,2215.7,train,011_2017_ako5,ako_2017,koma_00880_011_2017_ako5__done4__ako5-26
367,4306,1,0.8667,1239.3,642.2,1759.2,1180.1,test_panel,018_2018_ako6,ako_2018-19,koma_01867_018_2018_ako6__done6__ako6-58
368,67,2,0.6761,32.0,1386.0,343.0,1936.8,train,regions_gakuen_koma_panels_20260729,gakuen,koma_0005_page0002
369,1636,1,0.8618,1793.0,511.4,2082.2,812.3,train,030_2019_succor,succor,koma_02798_030_2019_succor__succor__page0050
370,2016,1,0.8416,722.9,1063.2,1236.7,1633.0,train,011_2017_ako5,ako_2017,koma_00770_011_2017_ako5__ako5__page0067
371,5116,1,0.7554,1262.8,10.7,2416.0,493.6,train,026_2019_ako7,ako_2018-19,koma_02173_026_2019_ako7__ako7__page0067
372,1558,1,0.855,90.5,871.6,344.5,1122.5,train,041_2021_akogoods,ako_2020-22,koma_03204_041_2021_akogoods__akogoods__page0019
373,5246,1,0.8292,437.0,302.3,1066.5,900.1,train,011_2017_ako5,ako_2017,koma_00828_011_2017_ako5__done__ako5-37
374,904,2,0.7105,1188.8,1873.1,1864.3,2101.1,train,026_2019_ako7,ako_2018-19,koma_02273_026_2019_ako7__ako7__page0183
375,2330,2,0.8572,1306.3,22.7,1854.6,655.1,train,013_2017_gakusai1-3DL,gakusai,koma_01221_013_2017_gakusai1-3DL__2__page0034
376,3579,1,0.8132,650.3,424.8,1459.9,1171.8,train,013_2017_gakusai1-3DL,gakusai,koma_01102_013_2017_gakusai1-3DL__1__page0031
377,1103,1,0.8298,1202.5,651.4,1657.5,1153.3,train,regions_ako5ver2_koma_panels_20260729,ako_2017,koma_0077_page0033
378,2768,1,0.8498,173.9,162.3,475.3,463.8,train,030_2019_succor,succor,koma_02611_030_2019_succor__succor__page0004
379,713,1,0.8492,1640.5,465.7,2149.1,948.1,train,065_2024_ako3B,ako_2023-24,koma_04299_065_2024_ako3B__ako3B__page0003
380,2527,1,0.7645,286.4,549.0,1205.7,1449.3,test_series,005_2016_ng,ng,koma_00320_005_2016_ng__ng__page0020
381,1213,3,0.86,1709.5,651.0,1940.4,897.0,train,041_2021_akogoods,ako_2020-22,koma_03162_041_2021_akogoods__akogoods__page0007
382,3496,1,0.8108,766.9,143.2,1788.5,917.7,train,048_2022_akocult,ako_2020-22,koma_03601_048_2022_akocult__akocult__page0006
383,2698,2,0.7546,519.1,529.2,1140.6,1193.6,test_series,005_2016_ng,ng,koma_00317_005_2016_ng__ng__page0018
384,2972,1,0.8062,146.1,814.3,1347.8,1882.4,train,030_2019_succor,succor,koma_02687_030_2019_succor__succor__page0025
385,4620,1,0.7832,191.1,569.0,751.4,1442.2,train,018_2018_ako6,ako_2018-19,koma_01736_018_2018_ako6__ako6__page0112
386,1727,2,0.8423,1922.4,277.5,2391.5,752.2,test_series,014_2017_kacho,kacho,koma_01401_014_2017_kacho__kacho__page0037
387,2962,1,0.8134,28.7,432.9,1267.5,1841.4,test_panel,018_2018_ako6,ako_2018-19,koma_01795_018_2018_ako6__done2__ako6-14
388,2321,2,0.7609,1153.6,747.6,1656.3,1305.4,train,049_2022_akogoods,ako_2020-22,koma_03641_049_2022_akogoods__akogoods__page0073
389,1008,2,0.5597,678.3,-0.9,1198.0,141.7,train,041_2021_akogoods,ako_2020-22,koma_03169_041_2021_akogoods__akogoods__page0008
390,3951,1,0.7835,2837.1,686.4,3563.2,1230.6,train,018_2018_ako6,ako_2018-19,koma_01828_018_2018_ako6__done4__ako6-18
391,596,1,0.7795,883.2,480.7,2047.2,1593.4,test_series,regions_hamlabi_koma_panels_20260729,hamlabi,koma_0038_page0014
392,2278,1,0.8349,394.0,483.6,1167.7,1282.7,train,072_2024c_ako,ako_2023-24,koma_04874_072_2024c_ako__ako4__page0052
393,4844,1,0.8207,478.0,374.8,937.9,887.9,train,017_2017_stoptime,stoptime,koma_01665_017_2017_stoptime__stp__page0016
394,1181,1,0.8755,2850.7,288.1,3368.2,841.6,train,013_2017_gakusai1-3DL,gakusai,koma_01220_013_2017_gakusai1-3DL__2__page0034
395,2604,2,0.6395,601.0,367.2,1186.2,1202.2,test_series,027_2019_ben,ben,koma_02408_027_2019_ben__ben__page0016
396,3748,1,0.8456,307.7,209.8,819.3,706.9,test_panel,regions_ako5ver2_koma_panels_20260729,ako_2017,koma_0155_page0059
397,4275,1,0.7584,317.7,113.6,935.5,770.0,test_series,010_2016_suc,suc,koma_00675_010_2016_suc__subbcubussBK__page0012
398,3482,1,0.8011,1918.1,1.4,3307.9,1327.4,train,018_2018_ako6,ako_2018-19,koma_01814_018_2018_ako6__done3__ako6-26
399,3325,2,0.8038,1320.6,169.8,1568.4,554.2,test_series,027_2019_ben,ben,koma_02397_027_2019_ben__ben__page0014
400,5169,1,0.7382,1051.2,576.4,1269.6,804.1,test_panel,068_2024b_ako4,ako_2023-24,koma_04529_068_2024b_ako4__ako4__page0015
401,3471,1,0.8083,265.5,1185.7,1226.8,2089.6,train,051_2022b_4th,4th,koma_03755_051_2022b_4th__4th__page0036
402,1787,2,0.8462,1936.4,273.7,2480.5,851.1,test_panel,056_2022b_hyoui_color,hyoui_color,koma_03873_056_2022b_hyoui_color__hyoui__page0012
403,1301,1,0.8665,396.4,147.3,1247.1,952.8,test_panel,013_2017_gakusai1-3DL,gakusai,koma_01147_013_2017_gakusai1-3DL__2__page0017
404,790,2,0.7731,8.0,500.2,686.7,1430.5,train,071_2024b_kids,kids,koma_04695_071_2024b_kids__milking__page0009
405,1534,3,0.6944,1005.0,0.7,1712.0,609.6,train,013_2017_gakusai1-3DL,gakusai,koma_01312_013_2017_gakusai1-3DL__3__page0019
406,1635,1,0.7929,170.0,830.7,1303.5,2011.0,train,069_2024b_fitness,fitness,koma_04601_069_2024b_fitness__kurip__page0012
407,2130,1,0.831,923.2,-10.7,1610.7,662.1,test_series,005_2016_ng,ng,koma_00333_005_2016_ng__新しいフォルダー_n__page0001
408,453,1,0.7975,2831.2,370.8,3175.3,725.3,train,regions_4th_koma_panels_20260801,4th,koma_0129_page0032
409,1790,2,0.7293,788.1,582.5,1753.9,2107.2,train,071_2024b_kids,kids,koma_04704_071_2024b_kids__milking__page0011
410,1489,1,0.69,-0.0,620.0,1468.7,2540.6,train,072_2024c_ako,ako_2023-24,koma_04869_072_2024c_ako__ako4__page0051
411,564,1,0.8571,938.2,438.3,2044.9,1308.8,test_series,005_2016_ng,ng,koma_00301_005_2016_ng__ng__page0013
412,379,2,0.4408,2076.8,220.0,2477.4,1198.6,test_series,005_2016_ng,ng,koma_00351_005_2016_ng__新しいフォルダー_n__page0007
413,848,3,0.7334,2861.3,57.4,3134.3,262.3,train,020_2018_china2,china2,koma_01969_020_2018_china2__china2__page0012
414,139,1,0.8548,1439.0,760.1,2220.4,1454.9,train,regions_fitness_koma_panels_20260729,fitness,koma_0049_page0016
415,1408,1,0.8174,262.9,1021.4,466.9,1371.2,train,071_2024b_kids,kids,koma_04725_071_2024b_kids__milking__page0015
416,2931,1,0.8404,341.5,743.5,716.2,1100.6,train,013_2017_gakusai1-3DL,gakusai,koma_00982_013_2017_gakusai1-3DL__1__page0004
417,297,1,0.8473,1313.7,1013.0,1750.4,1458.2,train,030_2019_succor,succor,koma_02718_030_2019_succor__succor__page0031
418,2810,1,0.6795,41.2,107.1,1323.3,1492.3,train,013_2017_gakusai1-3DL,gakusai,koma_01308_013_2017_gakusai1-3DL__3__page0018
419,4685,1,0.8406,125.5,223.1,506.0,639.1,train,018_2018_ako6,ako_2018-19,koma_01708_018_2018_ako6__ako6__page0058
420,60,1,0.8406,622.8,450.5,1583.4,1406.4,train,065_2024_ako3B,ako_2023-24,koma_04387_065_2024_ako3B__ako3B__page0030
421,605,1,0.82,1776.6,98.0,2835.1,1272.2,train,regions_ako5ver2_koma_panels_20260729,ako_2017,koma_0160_page0060
422,3326,1,0.8343,1423.3,86.7,1709.4,451.6,test_panel,regions_ako5ver2_koma_panels_20260729,ako_2017,koma_0090_page0037
423,4661,2,0.7461,45.6,516.1,166.0,640.9,train,013_2017_gakusai1-3DL,gakusai,koma_01283_013_2017_gakusai1-3DL__3__page0014
424,2912,1,0.7363,332.1,1284.5,610.9,1541.8,test_panel,016_2017_running,running,koma_01534_016_2017_running__done__running06
425,779,1,0.8139,222.2,488.1,917.6,1161.5,train,018_2018_ako6,ako_2018-19,koma_01878_018_2018_ako6__done7__ako6-04
426,1763,1,0.8508,86.1,370.8,1029.8,1351.0,train,039_2020b_ako10,ako_2020-22,koma_03064_039_2020b_ako10__aco10__page0014
427,2696,1,0.8585,674.4,521.7,1005.7,932.2,train,004_2016_gal,gal,koma_00210_004_2016_gal__gal__page0005
428,3477,1,0.7779,0.6,27.8,615.1,1047.8,test_series,005_2016_ng,ng,koma_00349_005_2016_ng__新しいフォルダー_n__page0006
429,3552,1,0.8413,677.9,183.6,1118.6,651.9,train,029_2019_fringe3,fringe,koma_02585_029_2019_fringe3__fringe3__page0019
430,4651,1,0.8253,1129.3,164.3,1507.4,712.2,test_panel,041_2021_akogoods,ako_2020-22,koma_03319_041_2021_akogoods__akogoods__page0076
431,367,1,0.872,1201.0,452.7,1858.0,1098.7,train,002_2016_aljanne2,aljanne2,koma_00054_002_2016_aljanne2__aljanne2__page0008
432,1481,1,0.7873,1028.2,10.9,2212.7,522.5,train,017_2017_stoptime,stoptime,koma_01630_017_2017_stoptime__stp__page0007
433,1292,2,0.6725,1976.0,207.5,2134.5,491.6,train,056_2022b_hyoui_color,hyoui_color,koma_03996_056_2022b_hyoui_color__hyoui__page0042
434,3129,1,0.7768,182.4,269.3,1077.4,1204.0,test_panel,015_2017_pink,pink,koma_01431_015_2017_pink__done1__pink16
435,77,1,0.8632,643.7,837.3,1929.0,2120.5,test_series,005_2016_ng,ng,koma_00312_005_2016_ng__ng__page0017
436,3537,1,0.8238,437.1,433.8,987.5,1019.2,test_panel,002_2016_aljanne2,aljanne2,koma_00025_002_2016_aljanne2__aljanne2__page0003
437,4956,1,0.8106,0.3,633.4,612.1,1268.6,train,030_2019_succor,succor,koma_02853_030_2019_succor__succor__page0078
438,4950,1,0.8328,1570.2,544.7,1866.2,855.8,test_panel,053_2022b_akocult,ako_2020-22,koma_03791_053_2022b_akocult__akocult__page0043
439,4272,2,0.4698,1072.7,159.0,1288.6,469.5,test_panel,013_2017_gakusai1-3DL,gakusai,koma_01253_013_2017_gakusai1-3DL__3__page0006
440,3617,1,0.834,480.6,247.8,1184.0,850.4,test_panel,043_2021_hero,hero,koma_03524_043_2021_hero__hero__page0059
441,1459,2,0.5367,1413.6,348.0,1586.9,603.9,train,032_2019b_ako8,ako_2018-19,koma_02884_032_2019b_ako8__ako8__page0003
442,1596,2,0.7714,1190.8,3928.5,1852.1,4340.6,train,008_2016_poolsideIdle,poolsideidle,koma_00602_008_2016_poolsideIdle__poolside__page0018
443,1289,1,0.8452,3139.2,456.1,3550.5,836.0,train,018_2018_ako6,ako_2018-19,koma_01762_018_2018_ako6__ako6__page0122
444,647,2,0.8643,146.4,488.7,716.4,1115.4,train,069_2024b_fitness,fitness,koma_04604_069_2024b_fitness__kurip__page0013
445,553,2,0.868,744.8,429.3,1595.4,1256.2,test_panel,017_2017_stoptime,stoptime,koma_01616_017_2017_stoptime__stp__page0003
446,944,3,0.8663,3217.4,354.0,4003.4,1165.9,train,061_2023b_akocultB,ako_2023-24,koma_04098_061_2023b_akocultB__akocultB__page0022
447,1888,2,0.8633,88.1,689.7,800.3,1347.1,train,041_2021_akogoods,ako_2020-22,koma_03163_041_2021_akogoods__akogoods__page0008
448,4219,1,0.8057,171.4,499.8,856.4,1197.7,train,013_2017_gakusai1-3DL,gakusai,koma_01200_013_2017_gakusai1-3DL__2__page0030
449,1778,1,0.7542,1.1,39.2,666.8,940.9,train,061_2023b_akocultB,ako_2023-24,koma_04149_061_2023b_akocultB__akocultB__page0041
450,4068,2,0.8366,1005.6,1069.7,1167.2,1249.9,train,026_2019_ako7,ako_2018-19,koma_02191_026_2019_ako7__ako7__page0072
451,2135,1,0.8398,284.9,604.1,1458.4,1694.9,train,039_2020b_ako10,ako_2020-22,koma_03032_039_2020b_ako10__aco10__page0001
452,1525,2,0.753,540.2,178.8,1720.1,1645.3,train,041_2021_akogoods,ako_2020-22,koma_03255_041_2021_akogoods__akogoods__page0038
453,2781,2,0.8083,1161.3,127.8,1798.5,747.9,train,013_2017_gakusai1-3DL,gakusai,koma_01205_013_2017_gakusai1-3DL__2__page0031
454,1576,2,0.8608,955.4,556.7,1470.7,1277.0,train,020_2018_china2,china2,koma_01952_020_2018_china2__china2__page0008
455,4281,1,0.8027,8.0,42.4,858.7,1074.7,test_panel,040_2020b_nurse,nurse+nanami,koma_03118_040_2020b_nurse__pumpkin__page0003
456,2025,1,0.7962,1095.6,1039.2,1412.7,1523.7,train,059_2023b_4th,4th,koma_04023_059_2023b_4th__4th__page0009
457,1457,1,0.8658,640.6,940.2,1381.6,1699.1,train,071_2024b_kids,kids,koma_04681_071_2024b_kids__milking__page0006
458,434,1,0.8843,2241.2,-0.1,3134.8,671.9,train,026_2019_ako7,ako_2018-19,koma_02219_026_2019_ako7__ako7__page0149
459,3800,1,0.8652,617.0,386.5,1043.6,769.6,test_panel,regions_ako5ver2_koma_panels_20260729,ako_2017,koma_0159_page0060
460,260,2,0.825,1650.8,138.3,2638.9,1193.5,train,regions_fitness_koma_panels_20260729,fitness,koma_0059_page0019
461,679,2,0.748,781.1,859.6,1281.4,1586.5,test_panel,013_2017_gakusai1-3DL,gakusai,koma_01053_013_2017_gakusai1-3DL__1__page0022
462,1427,1,0.6338,500.5,328.9,1899.8,1533.4,train,035_2019b_skima2,skima2,koma_02914_035_2019b_skima2__task__page0012
463,925,1,0.852,1037.9,9.4,1839.3,750.7,train,061_2023b_akocultB,ako_2023-24,koma_04147_061_2023b_akocultB__akocultB__page0039
464,3148,2,0.6902,12.4,1769.4,189.3,2107.2,train,017_2017_stoptime,stoptime,koma_01611_017_2017_stoptime__stp__page0001
465,5154,1,0.8237,666.3,157.7,1444.7,904.8,train,030_2019_succor,succor,koma_02858_030_2019_succor__succor__page0078
466,663,1,0.824,1141.6,106.6,2130.5,911.8,test_panel,021_2018_comics4,comics4,koma_02057_021_2018_comics4__mars_v2_mars_manuscript__page0001
467,91,2,0.7765,0.2,1218.1,541.4,1964.8,test_series,014_2017_kacho,kacho,koma_01372_014_2017_kacho__kacho__page0013
468,1937,1,0.8162,846.8,186.8,1490.5,770.4,test_series,regions_hamlabi_koma_panels_20260729,hamlabi,koma_0020_page0010
469,702,1,0.8653,1475.0,-3.1,3017.2,987.5,test_series,009_2016_riko,riko,koma_00628_009_2016_riko__lozx__page0008
470,2054,1,0.8762,606.8,608.0,1040.3,1076.9,test_series,007_2016_phantom,phantom,koma_00450_007_2016_phantom__PhantomThief__page0003
471,260,1,0.8342,1018.3,361.1,1790.0,1398.9,train,regions_fitness_koma_panels_20260729,fitness,koma_0059_page0019
472,3488,1,0.858,258.8,258.7,761.6,753.5,train,002_2016_aljanne2,aljanne2,koma_00090_002_2016_aljanne2__aljanne2__page0020
473,4070,1,0.7458,1651.2,644.3,1771.7,805.7,train,072_2024c_ako,ako_2023-24,koma_04785_072_2024c_ako__ako4__page0016
474,1257,2,0.3827,1354.2,70.3,2078.4,921.5,test_series,027_2019_ben,ben,koma_02378_027_2019_ben__ben__page0011
475,1030,1,0.8258,343.3,850.4,1056.0,1535.2,test_series,regions_hamlabi_koma_panels_20260729,hamlabi,koma_0006_page0007
476,1442,2,0.6079,1643.7,994.1,2420.8,2017.8,train,030_2019_succor,succor,koma_02835_030_2019_succor__succor__page0059
477,2834,1,0.7593,778.6,58.8,1599.3,1301.3,test_panel,013_2017_gakusai1-3DL,gakusai,koma_01054_013_2017_gakusai1-3DL__1__page0022
478,3731,1,0.4522,173.0,333.6,990.3,1243.9,test_panel,065_2024_ako3B,ako_2023-24,koma_04297_065_2024_ako3B__ako3B__page0003
479,3237,1,0.7866,1494.5,279.0,1710.0,510.2,train,regions_4th_koma_panels_20260801,4th,koma_0044_page0010
480,1157,1,0.8604,927.1,450.3,1302.4,827.0,train,regions_fitness_koma_panels_20260729,fitness,koma_0002_page0002
481,1482,1,0.6692,1381.3,1811.4,1874.3,2220.2,test_panel,030_2019_succor,succor,koma_02701_030_2019_succor__succor__page0028
482,1463,1,0.8232,827.4,295.9,1940.5,1478.0,train,065_2024_ako3B,ako_2023-24,koma_04330_065_2024_ako3B__ako3B__page0009
483,388,2,0.6754,1008.8,421.7,1213.8,723.3,train,030_2019_succor,succor,koma_02855_030_2019_succor__succor__page0078
484,460,2,0.8145,467.8,827.6,907.2,1309.4,train,047_2022_4th,4th,koma_03579_047_2022_4th__4th__page0006
485,1528,1,0.8596,911.2,616.6,1375.4,1097.9,train,056_2022b_hyoui_color,hyoui_color,koma_03876_056_2022b_hyoui_color__hyoui__page0013
486,358,2,0.8269,1578.5,45.8,3145.0,1668.7,test_series,006_2016_pc,pc,koma_00428_006_2016_pc__works__page0012
487,3882,1,0.7762,0.4,534.8,424.6,1356.6,train,013_2017_gakusai1-3DL,gakusai,koma_01255_013_2017_gakusai1-3DL__3__page0007
488,4059,1,0.8363,645.9,221.7,1115.2,837.9,test_panel,026_2019_ako7,ako_2018-19,koma_02319_026_2019_ako7__done2__ako7-39
489,1710,1,0.817,8.1,114.4,662.5,1037.4,train,003_2016_avbu,avbu,koma_00132_003_2016_avbu__avb__page0020
490,3266,1,0.8307,139.7,472.9,804.2,1081.7,train,026_2019_ako7,ako_2018-19,koma_02181_026_2019_ako7__ako7__page0068
491,1533,4,0.7446,3118.1,113.0,3544.2,574.3,train,019_2018_ako7,ako_2018-19,koma_01931_019_2018_ako7__ako7__page0089
492,2611,2,0.8144,1050.7,1139.7,1366.6,1498.4,train,061_2023b_akocultB,ako_2023-24,koma_04081_061_2023b_akocultB__akocultB__page0007
493,2435,1,0.8544,269.6,460.3,666.2,857.8,test_panel,042_2021_akokate,ako_2020-22,koma_03379_042_2021_akokate__akokatei__page0020
494,2597,1,0.8427,2044.0,448.5,2591.7,1154.6,test_series,063_2023b_hamlabi,hamlabi,koma_04195_063_2023b_hamlabi__works__page0017
495,1230,4,0.3544,896.0,457.3,1078.9,671.2,test_panel,059_2023b_4th,4th,koma_04029_059_2023b_4th__4th__page0014
496,3582,1,0.7934,126.4,73.6,678.9,626.0,train,004_2016_gal,gal,koma_00222_004_2016_gal__gal__page0008
497,4106,1,0.8276,970.0,15.8,1755.6,797.9,train,017_2017_stoptime,stoptime,koma_01627_017_2017_stoptime__stp__page0006
498,2436,1,0.8019,820.3,419.1,1233.5,1110.2,train,072_2024c_ako,ako_2023-24,koma_04905_072_2024c_ako__ako4__page0064
499,3356,1,0.8542,542.6,359.8,836.7,681.2,train,041_2021_akogoods,ako_2020-22,koma_03165_041_2021_akogoods__akogoods__page0008
500,5231,1,0.8552,1325.5,364.1,1826.3,875.6,train,020_2018_china2,china2,koma_01981_020_2018_china2__china2__page0015
501,107,1,0.8588,732.6,819.1,1765.4,1838.2,test_panel,021_2018_comics4,comics4,koma_02141_021_2018_comics4__underworld_underworld__page0004
502,615,1,0.8701,1655.7,394.1,2334.4,1280.2,train,056_2022b_hyoui_color,hyoui_color,koma_03982_056_2022b_hyoui_color__hyoui__page0038
503,264,2,0.3643,3422.0,11.1,4304.9,604.0,train,004_2016_gal,gal,koma_00243_004_2016_gal__gal__page0014
504,315,3,0.8621,2541.9,1984.6,3077.1,2504.9,train,042_2021_akokate,ako_2020-22,koma_03384_042_2021_akokate__akokatei__page0024
505,1651,3,0.8602,1999.8,871.0,2467.7,1366.7,train,030_2019_succor,succor,koma_02859_030_2019_succor__succor__page0079
506,1263,1,0.8355,219.1,172.5,953.7,1189.4,train,018_2018_ako6,ako_2018-19,koma_01860_018_2018_ako6__done6__ako6-56
507,428,1,0.84,549.4,528.8,1313.9,1335.0,test_panel,041_2021_akogoods,ako_2020-22,koma_03299_041_2021_akogoods__akogoods__page0057
508,300,1,0.8748,888.9,228.0,1758.3,1087.8,test_series,005_2016_ng,ng,koma_00307_005_2016_ng__ng__page0014
509,283,1,0.8478,449.7,521.7,1116.7,1347.7,test_panel,regions_ako5ver2_koma_panels_20260729,ako_2017,koma_0141_page0052
510,834,1,0.8627,1061.2,102.0,2098.9,1061.5,train,042_2021_akokate,ako_2020-22,koma_03356_042_2021_akokate__akokatei__page0014
511,2929,2,0.8257,799.3,23.8,1026.6,539.2,train,016_2017_running,running,koma_01572_016_2017_running__running__page0027
512,1447,1,0.8813,1533.5,599.6,1943.5,955.4,train,002_2016_aljanne2,aljanne2,koma_00089_002_2016_aljanne2__aljanne2__page0020
513,82,1,0.8355,1372.9,321.9,2808.8,1607.4,test_panel,067_2024b_ako3B,ako_2023-24,koma_04479_067_2024b_ako3B__ako3B__page0026
514,1759,3,0.8581,1916.7,329.8,2242.6,794.8,test_series,027_2019_ben,ben,koma_02340_027_2019_ben__ben__page0003
515,2901,1,0.7756,446.0,216.8,1338.4,997.1,train,003_2016_avbu,avbu,koma_00131_003_2016_avbu__avb__page0018
516,2442,1,0.8166,1595.4,1816.4,1891.8,2136.5,test_panel,030_2019_succor,succor,koma_02770_030_2019_succor__succor__page0044
517,1314,1,0.7907,635.8,556.4,1575.4,1608.9,train,016_2017_running,running,koma_01539_016_2017_running__done__running10
518,1694,1,0.8685,2030.7,1000.4,2703.5,1751.4,train,018_2018_ako6,ako_2018-19,koma_01818_018_2018_ako6__done3__ako6-27
519,920,1,0.823,1725.5,7.4,2711.2,440.4,train,042_2021_akokate,ako_2020-22,koma_03438_042_2021_akokate__akokatei__page0062
520,5158,1,0.8014,67.2,314.4,539.2,775.0,train,039_2020b_ako10,ako_2020-22,koma_03085_039_2020b_ako10__aco10__page0020
521,4083,1,0.448,799.2,1122.0,1166.8,1563.5,test_panel,061_2023b_akocultB,ako_2023-24,koma_04109_061_2023b_akocultB__akocultB__page0027
522,976,1,0.8625,423.9,1036.1,860.8,1467.6,train,029_2019_fringe3,fringe,koma_02526_029_2019_fringe3__fringe3__page0009
523,615,2,0.8318,2686.3,381.9,3338.4,1238.2,train,056_2022b_hyoui_color,hyoui_color,koma_03982_056_2022b_hyoui_color__hyoui__page0038
524,1648,1,0.8659,2514.3,367.9,2856.1,724.9,test_series,014_2017_kacho,kacho,koma_01387_014_2017_kacho__kacho__page0033
525,840,1,0.3888,497.7,448.0,1372.3,2179.4,test_series,063_2023b_hamlabi,hamlabi,koma_04192_063_2023b_hamlabi__works__page0011
526,3289,2,0.8419,701.7,1039.0,1198.5,1550.8,train,020_2018_china2,china2,koma_01999_020_2018_china2__china2__page0026
527,23,1,0.8829,1023.3,983.5,2150.3,2065.9,train,003_2016_avbu,avbu,koma_00096_003_2016_avbu__avb__page0001
528,190,2,0.7978,1046.4,342.0,1431.1,783.0,test_series,007_2016_phantom,phantom,koma_00484_007_2016_phantom__PhantomThief__page0011
529,1047,1,0.8378,669.9,406.4,1360.0,1221.7,test_series,073_2024c_mayer,mayer,koma_04978_073_2024c_mayer__mayer__page0025
530,3687,1,0.8064,821.1,560.5,1081.8,979.8,train,068_2024b_ako4,ako_2023-24,koma_04526_068_2024b_ako4__ako4__page0014
531,337,3,0.8281,155.6,26.0,662.6,935.7,train,004_2016_gal,gal,koma_00175_004_2016_gal__root__page0011
532,2766,1,0.7723,58.7,569.8,1566.6,2275.7,train,029_2019_fringe3,fringe,koma_02507_029_2019_fringe3__fringe3__page0004
533,2095,1,0.7168,601.0,182.7,1661.0,1271.0,test_series,007_2016_phantom,phantom,koma_00490_007_2016_phantom__PhantomThief__page0012
534,2676,1,0.8322,697.7,1622.0,1652.5,2328.9,test_panel,008_2016_poolsideIdle,poolsideidle,koma_00547_008_2016_poolsideIdle__poolside__page0004
535,1295,1,0.8451,3139.2,456.2,3550.5,835.7,train,018_2018_ako6,ako_2018-19,koma_01875_018_2018_ako6__done7__ako6-03
536,4760,3,0.5531,927.0,109.0,1039.4,318.7,test_series,005_2016_ng,ng,koma_00268_005_2016_ng__ng__page0003
537,2271,1,0.7444,329.3,-2.2,1315.0,770.6,train,013_2017_gakusai1-3DL,gakusai,koma_01238_013_2017_gakusai1-3DL__3__page0003
538,2546,1,0.7373,630.5,857.8,908.6,1126.4,train,030_2019_succor,succor,koma_02768_030_2019_succor__succor__page0044
539,4383,1,0.8407,158.5,849.2,627.0,1301.0,test_series,027_2019_ben,ben,koma_02410_027_2019_ben__ben__page0016
540,3920,2,0.8401,105.5,577.0,391.1,948.7,test_panel,029_2019_fringe3,fringe,koma_02503_029_2019_fringe3__fringe3__page0003
541,1594,3,0.6281,1876.9,492.0,2048.1,670.7,train,004_2016_gal,gal,koma_00145_004_2016_gal__root__page0003
542,1973,4,0.8087,1232.1,1606.4,1412.2,1795.8,test_panel,037_2020_ako9,ako_2020-22,koma_02994_037_2020_ako9__ako9__page0029
543,1250,1,0.8078,13.3,462.5,794.2,1281.5,test_series,063_2023b_hamlabi,hamlabi,koma_04188_063_2023b_hamlabi__works__page0009
544,4146,1,0.8607,1379.7,538.4,2270.8,1473.1,train,029_2019_fringe3,fringe,koma_02488_029_2019_fringe3__fringe3__page0001
545,2113,1,0.7425,1179.6,12.1,2785.6,1172.9,train,013_2017_gakusai1-3DL,gakusai,koma_01103_013_2017_gakusai1-3DL__2__page0003
546,2867,1,0.8395,688.4,90.0,1475.1,777.7,train,020_2018_china2,china2,koma_01973_020_2018_china2__china2__page0013
547,4075,1,0.5308,303.8,105.7,1156.7,1120.2,train,021_2018_comics4,comics4,koma_02115_021_2018_comics4__mars_v2_mars_manuscript__page0014
548,84,1,0.8728,782.6,278.7,1705.7,1032.6,train,regions_gakuen_koma_panels_20260729,gakuen,koma_0031_page0011
549,3510,2,0.8141,754.5,194.6,1272.9,680.4,train,021_2018_comics4,comics4,koma_02052_021_2018_comics4__china_v2_china__page0020
550,308,3,0.6828,2103.9,515.1,2594.2,1128.8,train,016_2017_running,running,koma_01592_016_2017_running__running__page0033
551,578,2,0.8248,1057.1,674.6,2080.3,1777.0,train,042_2021_akokate,ako_2020-22,koma_03403_042_2021_akokate__akokatei__page0030
552,1932,1,0.8549,2256.5,593.7,2864.3,1472.0,train,018_2018_ako6,ako_2018-19,koma_01848_018_2018_ako6__done5__ako6-43
553,472,1,0.8184,9.2,705.9,1455.0,1957.5,test_series,006_2016_pc,pc,koma_00434_006_2016_pc__works__page0016
554,4834,2,0.7056,860.0,786.7,1035.8,1076.4,train,037_2020_ako9,ako_2020-22,koma_03019_037_2020_ako9__ako9__page0036
555,4598,1,0.7381,5.3,492.5,864.9,1968.4,test_panel,030_2019_succor,succor,koma_02788_030_2019_succor__succor__page0048
556,2771,1,0.7387,398.4,187.6,1514.4,1232.3,test_series,036_2020_UNI,uni,koma_02921_036_2020_UNI__UNI_works__page0002
557,2191,2,0.7786,304.8,1389.7,951.8,2329.3,test_panel,056_2022b_hyoui_color,hyoui_color,koma_03988_056_2022b_hyoui_color__hyoui__page0040
558,553,1,0.8818,2138.2,414.4,3015.1,1210.6,test_panel,017_2017_stoptime,stoptime,koma_01616_017_2017_stoptime__stp__page0003
559,1213,1,0.8754,463.7,388.0,1021.0,866.9,train,041_2021_akogoods,ako_2020-22,koma_03162_041_2021_akogoods__akogoods__page0007
560,3852,1,0.8452,789.5,140.6,1271.3,599.9,test_panel,013_2017_gakusai1-3DL,gakusai,koma_01114_013_2017_gakusai1-3DL__2__page0006
561,1868,2,0.8193,126.5,1970.6,1167.5,2853.2,train,008_2016_poolsideIdle,poolsideidle,koma_00544_008_2016_poolsideIdle__poolside__page0002
562,1443,1,0.8653,1569.8,892.3,2871.3,1999.8,train,026_2019_ako7,ako_2018-19,koma_02240_026_2019_ako7__ako7__page0168
563,645,1,0.8552,2426.0,374.4,3215.4,1139.9,test_panel,042_2021_akokate,ako_2020-22,koma_03386_042_2021_akokate__akokatei__page0024
564,1293,1,0.8625,465.9,1500.4,907.2,2049.8,train,020_2018_china2,china2,koma_01940_020_2018_china2__china2__page0005
565,1577,1,0.6428,364.0,92.9,1244.8,1087.7,test_series,063_2023b_hamlabi,hamlabi,koma_04194_063_2023b_hamlabi__works__page0011
566,5153,1,0.7779,-1.7,31.5,328.6,639.2,train,002_2016_aljanne2,aljanne2,koma_00078_002_2016_aljanne2__aljanne2__page0015
567,5205,1,0.7451,181.8,377.9,661.9,919.3,train,043_2021_hero,hero,koma_03520_043_2021_hero__hero__page0059
568,1430,1,0.8529,459.5,646.3,1052.6,1224.2,train,016_2017_running,running,koma_01526_016_2017_running__done__running02
569,499,1,0.8475,9.3,2317.1,841.1,3334.6,train,042_2021_akokate,ako_2020-22,koma_03408_042_2021_akokate__akokatei__page0033
570,514,1,0.8019,647.3,1305.0,857.0,1524.2,train,042_2021_akokate,ako_2020-22,koma_03455_042_2021_akokate__akokatei__page0066
571,2151,1,0.7843,1922.8,229.3,3452.1,1590.6,train,029_2019_fringe3,fringe,koma_02542_029_2019_fringe3__fringe3__page0012
572,2321,1,0.8161,269.6,1543.1,792.7,2183.7,train,049_2022_akogoods,ako_2020-22,koma_03641_049_2022_akogoods__akogoods__page0073
573,2001,1,0.8162,1037.1,526.2,1773.5,1257.3,train,072_2024c_ako,ako_2023-24,koma_04859_072_2024c_ako__ako4__page0048
574,3917,2,0.8086,0.8,493.1,371.7,1017.3,train,013_2017_gakusai1-3DL,gakusai,koma_00981_013_2017_gakusai1-3DL__1__page0004
575,1460,1,0.7847,128.7,505.2,1523.2,1953.3,train,042_2021_akokate,ako_2020-22,koma_03428_042_2021_akokate__akokatei__page0048
576,4542,1,0.6364,226.2,394.8,1006.7,1254.3,train,026_2019_ako7,ako_2018-19,koma_02321_026_2019_ako7__done2__ako7-40
577,1756,1,0.8449,571.8,269.4,953.9,574.8,train,065_2024_ako3B,ako_2023-24,koma_04361_065_2024_ako3B__ako3B__page0018
578,1395,1,0.824,580.7,0.4,1510.5,923.7,train,regions_ako5ver2_koma_panels_20260729,ako_2017,koma_0051_page0023
579,1232,3,0.6195,764.9,838.1,1342.4,1366.6,train,030_2019_succor,succor,koma_02635_030_2019_succor__succor__page0008
580,1358,2,0.8354,936.0,534.0,1354.9,981.1,test_series,005_2016_ng,ng,koma_00339_005_2016_ng__新しいフォルダー_n__page0002
581,3918,1,0.8294,301.9,2.2,1189.7,593.3,train,028_2019_fringe,fringe,koma_02487_028_2019_fringe__fringe_01__page0029
582,3231,1,0.8684,628.3,729.3,1153.8,1251.4,train,041_2021_akogoods,ako_2020-22,koma_03197_041_2021_akogoods__akogoods__page0016
583,2793,1,0.8636,233.2,427.7,672.1,865.8,train,021_2018_comics4,comics4,koma_02166_021_2018_comics4__underworld_underworld__page0010
584,5122,1,0.8237,494.1,942.1,901.3,1336.9,test_panel,030_2019_succor,succor,koma_02862_030_2019_succor__succor__page0079
585,3254,3,0.8209,0.3,549.9,251.6,1095.1,test_panel,regions_ako5ver2_koma_panels_20260729,ako_2017,koma_0013_page0007
586,161,2,0.8058,769.6,26.1,2450.0,1473.6,train,013_2017_gakusai1-3DL,gakusai,koma_01165_013_2017_gakusai1-3DL__2__page0021
587,1575,1,0.7088,170.3,1223.5,876.5,2087.2,test_series,007_2016_phantom,phantom,koma_00480_007_2016_phantom__PhantomThief__page0009
588,292,2,0.8475,1272.3,564.6,1668.9,962.2,train,071_2024b_kids,kids,koma_04687_071_2024b_kids__milking__page0007
589,1471,1,0.8611,950.3,399.7,1808.7,1344.9,train,030_2019_succor,succor,koma_02752_030_2019_succor__succor__page0040
590,1333,1,0.8267,1033.9,1276.7,2092.9,2361.6,train,013_2017_gakusai1-3DL,gakusai,koma_00983_013_2017_gakusai1-3DL__1__page0005
591,4300,2,0.6636,-0.6,53.7,426.9,799.0,test_panel,021_2018_comics4,comics4,koma_02108_021_2018_comics4__mars_v2_mars_manuscript__page0012
592,177,2,0.859,1461.3,869.2,2532.1,1954.3,test_series,009_2016_riko,riko,koma_00616_009_2016_riko__lozx__page0003
593,1327,1,0.8535,1372.2,478.3,1841.1,988.3,test_panel,065_2024_ako3B,ako_2023-24,koma_04312_065_2024_ako3B__ako3B__page0007
594,2927,1,0.8044,358.1,693.4,1344.3,1639.5,test_series,005_2016_ng,ng,koma_00389_005_2016_ng__新しいフォルダー_n__page0020
595,1884,2,0.8582,246.2,987.5,633.9,1463.5,train,003_2016_avbu,avbu,koma_00103_003_2016_avbu__avb__page0003
596,3095,2,0.7072,6.2,581.9,301.5,1068.1,test_panel,004_2016_gal,gal,koma_00235_004_2016_gal__gal__page0011
597,142,1,0.7717,969.1,124.4,2528.1,1785.3,train,regions_gakuen_koma_panels_20260729,gakuen,koma_0001_page0001
598,4705,1,0.8016,42.6,526.3,655.3,1149.2,train,013_2017_gakusai1-3DL,gakusai,koma_01042_013_2017_gakusai1-3DL__1__page0019
599,189,1,0.8269,141.9,199.1,1290.9,1772.7,train,039_2020b_ako10,ako_2020-22,koma_03071_039_2020b_ako10__aco10__page0016
600,2521,1,0.5415,1320.6,575.0,2254.5,2043.5,train,030_2019_succor,succor,koma_02731_030_2019_succor__succor__page0035
601,4497,1,0.8546,954.5,416.2,1298.0,738.4,train,030_2019_succor,succor,koma_02689_030_2019_succor__succor__page0026
602,4631,1,0.7789,235.1,191.2,724.2,774.2,test_panel,042_2021_akokate,ako_2020-22,koma_03345_042_2021_akokate__akokatei__page0010
603,1140,2,0.8569,198.0,13.4,621.8,609.0,test_panel,002_2016_aljanne2,aljanne2,koma_00077_002_2016_aljanne2__aljanne2__page0015
604,818,1,0.7542,449.9,355.5,2307.7,2015.0,train,069_2024b_fitness,fitness,koma_04647_069_2024b_fitness__kurip__page0027
605,4561,1,0.7762,209.9,302.7,849.9,986.3,test_panel,regions_4th_koma_panels_20260801,4th,koma_0084_page0021
606,1305,3,0.873,871.1,1624.1,1457.1,2187.5,train,037_2020_ako9,ako_2020-22,koma_03014_037_2020_ako9__ako9__page0035
607,5070,1,0.8567,934.5,416.5,1169.5,645.7,train,043_2021_hero,hero,koma_03548_043_2021_hero__hero__page0078
608,4586,1,0.8186,445.9,22.6,1161.6,675.2,test_series,006_2016_pc,pc,koma_00415_006_2016_pc__works__page0009
609,148,1,0.8685,2799.8,184.0,3945.5,1221.2,test_series,007_2016_phantom,phantom,koma_00497_007_2016_phantom__PhantomThief__page0014
610,167,3,0.8501,3328.3,1613.4,3798.8,2110.4,train,032_2019b_ako8,ako_2018-19,koma_02900_032_2019b_ako8__ako8__page0018
611,2933,1,0.87,1712.2,504.4,2290.8,1096.0,test_panel,030_2019_succor,succor,koma_02845_030_2019_succor__succor__page0076
612,2681,1,0.8743,780.2,517.1,1215.2,944.4,test_panel,061_2023b_akocultB,ako_2023-24,koma_04163_061_2023b_akocultB__akocultB__page0044
613,2461,1,0.4968,590.4,20.1,2245.9,1036.1,train,003_2016_avbu,avbu,koma_00136_003_2016_avbu__avb__page0028
614,3591,2,0.6206,1352.3,254.5,1477.7,406.3,test_panel,004_2016_gal,gal,koma_00226_004_2016_gal__gal__page0010
615,2252,1,0.5066,182.8,-36.4,1554.8,1299.7,test_series,005_2016_ng,ng,koma_00298_005_2016_ng__ng__page0011
616,1247,2,0.8267,1269.9,777.3,2207.3,1273.1,train,002_2016_aljanne2,aljanne2,koma_00060_002_2016_aljanne2__aljanne2__page0011
617,819,1,0.8558,811.7,50.8,1728.7,1001.4,train,015_2017_pink,pink,koma_01490_015_2017_pink__pink__page0032
618,387,2,0.8534,410.1,774.1,911.9,1346.5,train,042_2021_akokate,ako_2020-22,koma_03425_042_2021_akokate__akokatei__page0047
619,3034,1,0.5348,638.5,1030.9,828.3,1286.7,train,013_2017_gakusai1-3DL,gakusai,koma_01161_013_2017_gakusai1-3DL__2__page0020
620,3239,2,0.8573,1282.9,230.0,1847.0,708.2,test_panel,013_2017_gakusai1-3DL,gakusai,koma_01022_013_2017_gakusai1-3DL__1__page0013
621,988,2,0.7834,1053.3,679.3,1698.2,1575.3,train,041_2021_akogoods,ako_2020-22,koma_03291_041_2021_akogoods__akogoods__page0054
622,1979,1,0.3072,254.5,225.8,1852.1,1307.4,test_series,014_2017_kacho,kacho,koma_01368_014_2017_kacho__done2__kacho15
623,1821,1,0.8286,448.2,701.0,1313.6,1471.1,train,042_2021_akokate,ako_2020-22,koma_03427_042_2021_akokate__akokatei__page0048
624,1260,2,0.8341,1405.2,1849.9,1734.8,2172.9,train,008_2016_poolsideIdle,poolsideidle,koma_00555_008_2016_poolsideIdle__poolside__page0006
625,2920,1,0.7881,1023.0,305.5,1564.6,1003.9,train,072_2024c_ako,ako_2023-24,koma_04849_072_2024c_ako__ako4__page0045
626,4669,1,0.8732,617.4,170.7,847.4,409.5,test_series,027_2019_ben,ben,koma_02396_027_2019_ben__ben__page0014
627,4785,1,0.7723,500.9,5.2,1196.6,408.1,train,011_2017_ako5,ako_2017,koma_00838_011_2017_ako5__done2__ako5-6 (1)
628,3035,1,0.8174,964.5,440.8,1586.8,1220.0,train,037_2020_ako9,ako_2020-22,koma_02987_037_2020_ako9__ako9__page0028
629,1279,1,0.7574,848.4,680.7,1543.7,1434.1,train,039_2020b_ako10,ako_2020-22,koma_03097_039_2020b_ako10__aco10__page0027
630,274,3,0.837,2736.3,870.1,3206.7,1392.1,train,051_2022b_4th,4th,koma_03665_051_2022b_4th__4th__page0006
631,249,1,0.7107,3587.3,658.9,3855.1,925.6,train,051_2022b_4th,4th,koma_03740_051_2022b_4th__4th__page0030
632,972,1,0.8543,428.1,310.2,780.9,691.8,train,regions_ako5ver2_koma_panels_20260729,ako_2017,koma_0125_page0049
633,2888,1,0.8575,978.2,221.6,1520.9,684.8,test_series,007_2016_phantom,phantom,koma_00504_007_2016_phantom__PhantomThief__page0020
634,462,1,0.8722,1682.9,1.6,2558.6,883.2,train,039_2020b_ako10,ako_2020-22,koma_03065_039_2020b_ako10__aco10__page0014
635,3377,1,0.814,538.0,313.3,1426.1,1351.2,train,069_2024b_fitness,fitness,koma_04571_069_2024b_fitness__kurip__page0004
636,215,1,0.8882,2636.4,738.6,3633.7,1668.4,test_panel,015_2017_pink,pink,koma_01498_015_2017_pink__pink__page0036
637,4431,1,0.7331,255.7,134.7,691.7,609.6,test_series,010_2016_suc,suc,koma_00644_010_2016_suc__subbcubussBK__page0002
638,3354,1,0.8928,0.0,626.8,278.4,923.5,train,013_2017_gakusai1-3DL,gakusai,koma_01002_013_2017_gakusai1-3DL__1__page0009
639,27,1,0.8634,1537.7,943.1,2286.4,1576.7,train,061_2023b_akocultB,ako_2023-24,koma_04146_061_2023b_akocultB__akocultB__page0039
640,133,1,0.8712,3391.9,1515.2,4075.2,2173.7,train,regions_fitness_koma_panels_20260729,fitness,koma_0099_page0033
641,1613,1,0.8616,1622.2,395.8,2223.9,950.4,test_panel,061_2023b_akocultB,ako_2023-24,koma_04161_061_2023b_akocultB__akocultB__page0043
642,698,1,0.8548,338.5,772.8,1337.5,1676.3,test_panel,016_2017_running,running,koma_01566_016_2017_running__running__page0026
643,1849,9,0.5887,1032.2,245.6,1250.0,457.9,train,030_2019_succor,succor,koma_02608_030_2019_succor__succor__page0002
644,2409,1,0.813,116.6,90.2,882.0,824.7,test_series,006_2016_pc,pc,koma_00397_006_2016_pc__works__page0003
645,529,1,0.8677,1874.0,496.5,2508.9,1279.2,train,037_2020_ako9,ako_2020-22,koma_02978_037_2020_ako9__ako9__page0023
646,2587,6,0.5882,2951.9,-6.7,3323.2,435.7,train,013_2017_gakusai1-3DL,gakusai,koma_01097_013_2017_gakusai1-3DL__1__page0031
647,3252,1,0.8832,448.5,315.2,817.6,674.5,train,017_2017_stoptime,stoptime,koma_01641_017_2017_stoptime__stp__page0009
648,24,1,0.8644,875.5,773.8,2462.7,2193.4,test_panel,013_2017_gakusai1-3DL,gakusai,koma_01119_013_2017_gakusai1-3DL__2__page0009
649,226,1,0.8293,16.5,183.3,1371.9,1435.0,train,026_2019_ako7,ako_2018-19,koma_02327_026_2019_ako7__done2__road01
650,2370,1,0.762,49.6,430.5,450.2,813.0,train,068_2024b_ako4,ako_2023-24,koma_04501_068_2024b_ako4__ako4__page0006
651,821,1,0.8236,313.0,420.5,1252.4,1305.0,train,002_2016_aljanne2,aljanne2,koma_00055_002_2016_aljanne2__aljanne2__page0009
652,4366,1,0.8791,748.2,84.5,1009.2,344.9,train,026_2019_ako7,ako_2018-19,koma_02263_026_2019_ako7__ako7__page0175
653,4001,1,0.8552,926.9,128.7,1533.6,712.2,test_panel,011_2017_ako5,ako_2017,koma_00846_011_2017_ako5__done2__ako5-7 (1)
654,3701,3,0.8347,398.0,254.4,790.8,686.2,test_panel,021_2018_comics4,comics4,koma_02170_021_2018_comics4__underworld_underworld__page0010
655,1511,1,0.7531,1720.1,1865.9,1967.9,2371.0,test_panel,071_2024b_kids,kids,koma_04738_071_2024b_kids__unmerged__page0006
656,1673,2,0.8633,2563.6,692.1,3581.4,1743.7,train,032_2019b_ako8,ako_2018-19,koma_02896_032_2019b_ako8__ako8__page0015
657,1332,1,0.8449,2356.5,11.3,3024.4,521.5,train,020_2018_china2,china2,koma_01979_020_2018_china2__china2__page0014
658,1799,2,0.8165,65.3,580.7,588.7,1094.1,test_series,010_2016_suc,suc,koma_00652_010_2016_suc__subbcubussBK__page0005
659,2425,2,0.8095,1346.3,208.3,1812.0,878.2,train,013_2017_gakusai1-3DL,gakusai,koma_01202_013_2017_gakusai1-3DL__2__page0030
660,956,1,0.8363,970.0,608.5,1873.6,1562.0,train,071_2024b_kids,kids,koma_04734_071_2024b_kids__milking__page0018
661,1384,1,0.3548,1105.9,245.2,2190.9,1091.7,train,056_2022b_hyoui_color,hyoui_color,koma_03943_056_2022b_hyoui_color__hyoui__page0029
662,1064,1,0.88,761.9,892.3,1473.4,1577.9,test_series,036_2020_UNI,uni,koma_02918_036_2020_UNI__UNI_works__page0001
663,2297,1,0.8736,297.0,633.9,744.8,1058.9,train,013_2017_gakusai1-3DL,gakusai,koma_01018_013_2017_gakusai1-3DL__1__page0013
664,3079,1,0.8281,194.6,410.3,770.6,852.8,test_panel,018_2018_ako6,ako_2018-19,koma_01767_018_2018_ako6__ako6__page0125
665,1618,2,0.8224,1264.3,224.8,2236.9,1225.9,train,037_2020_ako9,ako_2020-22,koma_03025_037_2020_ako9__ako9__page0036
666,1892,1,0.5395,634.5,493.5,1718.6,2110.6,train,regions_ako5ver2_koma_panels_20260729,ako_2017,koma_0084_page0036
667,101,1,0.7153,683.6,261.2,1031.5,648.3,test_series,073_2024c_mayer,mayer,koma_05010_073_2024c_mayer__mayer__page0035
668,4686,1,0.848,587.3,560.4,785.3,792.7,train,041_2021_akogoods,ako_2020-22,koma_03238_041_2021_akogoods__akogoods__page0026
669,1005,1,0.8546,2521.5,1194.4,2870.3,1519.0,train,004_2016_gal,gal,koma_00227_004_2016_gal__gal__page0010
670,1228,2,0.6558,3635.8,337.8,3826.7,561.7,test_panel,regions_4th_koma_panels_20260801,4th,koma_0055_page0014
671,921,2,0.8451,1017.2,621.7,2088.3,1667.9,train,041_2021_akogoods,ako_2020-22,koma_03188_041_2021_akogoods__akogoods__page0013
672,1020,1,0.659,1517.5,319.9,2142.4,723.8,train,059_2023b_4th,4th,koma_04031_059_2023b_4th__4th__page0014
673,2451,1,0.7649,1506.9,34.6,3218.1,1234.8,train,028_2019_fringe,fringe,koma_02452_028_2019_fringe__fringe_01__page0017
674,3635,1,0.8132,505.6,684.6,822.0,1196.0,train,011_2017_ako5,ako_2017,koma_00797_011_2017_ako5__ako5__page0077
675,780,1,0.7981,327.6,801.6,1126.8,1759.3,train,013_2017_gakusai1-3DL,gakusai,koma_01232_013_2017_gakusai1-3DL__3__page0002
676,3096,1,0.7679,437.1,7.1,1382.5,913.9,train,002_2016_aljanne2,aljanne2,koma_00037_002_2016_aljanne2__aljanne2__page0005
677,939,1,0.8288,-1.6,916.2,888.6,1960.6,train,003_2016_avbu,avbu,koma_00102_003_2016_avbu__avb__page0003
678,1855,2,0.7713,2046.2,211.4,2652.0,733.6,train,018_2018_ako6,ako_2018-19,koma_01812_018_2018_ako6__done3__ako6-23
679,601,2,0.8673,2296.0,83.6,3170.8,833.2,train,011_2017_ako5,ako_2017,koma_00803_011_2017_ako5__ako5__page0080
680,2,2,0.856,2835.3,2997.3,4270.7,4399.1,train,013_2017_gakusai1-3DL,gakusai,koma_01231_013_2017_gakusai1-3DL__3__page0002
681,1716,2,0.7767,1356.7,522.4,2223.5,1554.2,test_series,007_2016_phantom,phantom,koma_00470_007_2016_phantom__PhantomThief__page0008
682,2890,1,0.7623,562.1,332.0,1282.4,1062.6,train,065_2024_ako3B,ako_2023-24,koma_04318_065_2024_ako3B__ako3B__page0007
683,3034,2,0.393,301.2,1105.9,507.0,1341.0,train,013_2017_gakusai1-3DL,gakusai,koma_01161_013_2017_gakusai1-3DL__2__page0020
684,1563,1,0.7983,104.9,1192.7,590.6,1633.9,test_panel,013_2017_gakusai1-3DL,gakusai,koma_01003_013_2017_gakusai1-3DL__1__page0009
685,2989,2,0.4647,1311.9,872.1,1745.2,1432.3,train,072_2024c_ako,ako_2023-24,koma_04810_072_2024c_ako__ako4__page0025
686,742,1,0.8549,338.1,772.8,1337.8,1676.4,train,016_2017_running,running,koma_01551_016_2017_running__done__running5_aname
687,175,2,0.8033,1478.5,-1.4,2332.0,351.1,train,002_2016_aljanne2,aljanne2,koma_00074_002_2016_aljanne2__aljanne2__page0014
688,1254,1,0.827,1725.8,-0.6,2575.3,402.7,test_panel,013_2017_gakusai1-3DL,gakusai,koma_01258_013_2017_gakusai1-3DL__3__page0007
689,3616,2,0.7548,10.2,769.1,522.0,1405.0,train,048_2022_akocult,ako_2020-22,koma_03631_048_2022_akocult__akocult__page0020
690,2246,1,0.8468,1156.0,1989.0,1517.5,2357.0,train,030_2019_succor,succor,koma_02685_030_2019_succor__succor__page0025
691,4150,2,0.8089,987.2,420.3,1424.5,1096.4,test_panel,013_2017_gakusai1-3DL,gakusai,koma_01206_013_2017_gakusai1-3DL__2__page0031
692,2634,2,0.655,340.0,677.3,461.1,852.8,train,030_2019_succor,succor,koma_02625_030_2019_succor__succor__page0006
693,4189,1,0.8249,685.0,259.8,1235.8,942.2,test_panel,047_2022_4th,4th,koma_03588_047_2022_4th__4th__page0008
694,992,2,0.7943,831.4,834.5,1102.0,1116.7,test_panel,021_2018_comics4,comics4,koma_02008_021_2018_comics4__china_v2_china__page0002
695,4425,1,0.8734,1392.6,125.8,1640.9,384.9,train,003_2016_avbu,avbu,koma_00135_003_2016_avbu__avb__page0027
696,22,6,0.7467,2753.7,1360.2,3165.1,1818.6,train,018_2018_ako6,ako_2018-19,koma_01676_018_2018_ako6__ako6__page0030
697,4674,1,0.4906,45.4,254.6,658.8,1173.7,test_series,005_2016_ng,ng,koma_00335_005_2016_ng__新しいフォルダー_n__page0001
698,2014,1,0.7962,1095.6,1039.2,1412.7,1523.7,train,regions_4th_koma_panels_20260801,4th,koma_0040_page0009
699,2892,1,0.823,537.6,834.1,1173.4,1457.5,train,030_2019_succor,succor,koma_02728_030_2019_succor__succor__page0035
700,1448,2,0.3108,157.9,2209.1,324.5,2382.7,train,071_2024b_kids,kids,koma_04739_071_2024b_kids__unmerged__page0006
701,4434,1,0.8636,575.6,1370.0,1009.2,1822.8,test_panel,029_2019_fringe3,fringe,koma_02501_029_2019_fringe3__fringe3__page0003
702,4660,1,0.533,-49.3,53.3,845.5,1064.5,train,017_2017_stoptime,stoptime,koma_01651_017_2017_stoptime__stp__page0010
703,4890,1,0.8723,84.2,423.6,405.4,762.2,train,018_2018_ako6,ako_2018-19,koma_01709_018_2018_ako6__ako6__page0058
704,1338,3,0.8356,3544.1,934.1,3853.7,1233.1,train,042_2021_akokate,ako_2020-22,koma_03339_042_2021_akokate__akokatei__page0009
705,4277,1,0.7964,223.7,127.1,1035.2,1065.0,test_panel,020_2018_china2,china2,koma_01936_020_2018_china2__china2__page0004
706,227,1,0.831,637.2,772.5,2054.9,2230.7,test_panel,017_2017_stoptime,stoptime,koma_01623_017_2017_stoptime__stp__page0005
707,5085,1,0.8576,743.9,351.4,1178.1,775.5,train,011_2017_ako5,ako_2017,koma_00763_011_2017_ako5__ako5__page0063
708,1342,1,0.8674,2783.3,549.2,3441.7,1212.5,train,030_2019_succor,succor,koma_02868_030_2019_succor__succor__page0081
709,3663,1,0.7059,66.5,509.2,872.9,1339.0,train,043_2021_hero,hero,koma_03464_043_2021_hero__hero__page0002
710,2903,1,0.8667,497.5,221.1,995.6,725.6,test_panel,030_2019_succor,succor,koma_02842_030_2019_succor__succor__page0075
711,3909,1,0.8729,262.6,553.2,585.8,851.1,train,016_2017_running,running,koma_01570_016_2017_running__running__page0026
712,3885,1,0.869,547.3,125.8,729.6,312.6,train,004_2016_gal,gal,koma_00178_004_2016_gal__root__page0011
713,4137,2,0.6128,604.0,390.9,773.6,582.6,test_panel,029_2019_fringe3,fringe,koma_02520_029_2019_fringe3__fringe3__page0007
714,1096,2,0.8717,1823.7,19.1,2488.3,576.1,train,011_2017_ako5,ako_2017,koma_00850_011_2017_ako5__done3__ako5-11
715,5341,1,0.727,1256.3,219.6,1359.2,363.5,test_panel,012_2017_copy,copy,koma_00921_012_2017_copy__copy__page0018
716,1966,2,0.858,1365.1,54.6,1842.0,524.1,test_panel,017_2017_stoptime,stoptime,koma_01637_017_2017_stoptime__stp__page0008
717,153,1,0.8595,2680.7,213.9,3747.8,1346.2,train,regions_fitness_koma_panels_20260729,fitness,koma_0048_page0015
718,634,1,0.869,3222.2,509.1,4046.9,1319.3,train,001_2015_gakusai3,gakusai,koma_00001_001_2015_gakusai3__tmp3_gakusai3__page0033
719,3740,1,0.6791,166.2,211.2,928.6,946.4,train,043_2021_hero,hero,koma_03470_043_2021_hero__hero__page0006
720,341,1,0.8684,681.4,253.4,1744.0,1231.7,train,037_2020_ako9,ako_2020-22,koma_02982_037_2020_ako9__ako9__page0024
721,2588,1,0.7944,148.0,523.3,1227.0,1862.6,test_series,006_2016_pc,pc,koma_00393_006_2016_pc__works__page0003
722,1759,2,0.873,1228.4,698.9,1679.1,1137.7,test_series,027_2019_ben,ben,koma_02340_027_2019_ben__ben__page0003
723,1638,1,0.8307,363.3,501.5,1474.8,1496.4,test_panel,040_2020b_nurse,nurse+nanami,koma_03134_040_2020b_nurse__pumpkin__page0008
724,8,1,0.8675,2322.4,2055.8,3412.9,2967.9,train,013_2017_gakusai1-3DL,gakusai,koma_01176_013_2017_gakusai1-3DL__2__page0023
725,5108,1,0.3654,1528.7,11.5,2259.9,590.1,train,018_2018_ako6,ako_2018-19,koma_01781_018_2018_ako6__done__ako6-5
726,1668,1,0.8147,1305.4,573.0,2277.4,1607.4,train,011_2017_ako5,ako_2017,koma_00789_011_2017_ako5__ako5__page0073
727,2223,1,0.8158,590.6,628.7,1696.6,1687.2,train,051_2022b_4th,4th,koma_03653_051_2022b_4th__4th__page0004
728,2548,2,0.8555,0.2,490.4,484.1,1325.6,test_series,014_2017_kacho,kacho,koma_01389_014_2017_kacho__kacho__page0033
729,1718,1,0.8687,1652.0,505.4,2038.5,972.5,test_panel,056_2022b_hyoui_color,hyoui_color,koma_03909_056_2022b_hyoui_color__hyoui__page0022
730,1345,2,0.8664,2704.2,1046.8,3621.8,1979.3,train,026_2019_ako7,ako_2018-19,koma_02270_026_2019_ako7__ako7__page0180
731,927,1,0.8797,706.1,581.2,1388.2,1209.3,train,026_2019_ako7,ako_2018-19,koma_02179_026_2019_ako7__ako7__page0068
732,107,3,0.7928,3559.2,548.2,4089.2,1421.1,test_panel,021_2018_comics4,comics4,koma_02141_021_2018_comics4__underworld_underworld__page0004
733,3551,1,0.8194,494.0,448.4,1320.3,1302.6,train,072_2024c_ako,ako_2023-24,koma_04847_072_2024c_ako__ako4__page0043
734,2455,1,0.7544,142.5,777.7,1314.8,1796.8,train,regions_fitness_koma_panels_20260729,fitness,koma_0093_page0031
735,137,1,0.6941,893.9,428.2,1227.3,748.8,train,030_2019_succor,succor,koma_02679_030_2019_succor__succor__page0022
736,3665,2,0.8449,-0.8,565.3,449.3,1020.4,train,013_2017_gakusai1-3DL,gakusai,koma_01091_013_2017_gakusai1-3DL__1__page0030
737,2453,2,0.7884,4.3,341.6,537.5,1204.4,train,020_2018_china2,china2,koma_01953_020_2018_china2__china2__page0008
738,515,1,0.8595,216.6,714.9,1293.8,1726.1,train,039_2020b_ako10,ako_2020-22,koma_03106_039_2020b_ako10__aco10__page0029
739,1423,4,0.6346,1562.5,442.4,1707.1,610.2,test_panel,030_2019_succor,succor,koma_02645_030_2019_succor__succor__page0011
740,425,1,0.8532,513.3,1196.0,1833.5,2203.5,train,013_2017_gakusai1-3DL,gakusai,koma_01265_013_2017_gakusai1-3DL__3__page0009
741,1146,1,0.8262,459.1,661.7,1420.7,1520.4,test_panel,002_2016_aljanne2,aljanne2,koma_00069_002_2016_aljanne2__aljanne2__page0013
742,2743,1,0.8184,628.1,437.1,1427.8,1287.3,train,056_2022b_hyoui_color,hyoui_color,koma_03927_056_2022b_hyoui_color__hyoui__page0026
743,692,2,0.7354,184.1,463.3,1158.1,1716.7,train,regions_4th_koma_panels_20260801,4th,koma_0110_page0026
744,4661,3,0.7167,229.0,438.1,381.0,625.0,train,013_2017_gakusai1-3DL,gakusai,koma_01283_013_2017_gakusai1-3DL__3__page0014
745,1479,2,0.5644,689.2,432.2,928.5,842.0,train,042_2021_akokate,ako_2020-22,koma_03380_042_2021_akokate__akokatei__page0020
746,241,1,0.7874,2528.9,596.8,2856.8,895.2,train,071_2024b_kids,kids,koma_04689_071_2024b_kids__milking__page0007
747,4414,1,0.8101,345.0,-1.4,868.6,515.3,test_series,014_2017_kacho,kacho,koma_01355_014_2017_kacho__done__kacho10
748,25,2,0.5625,2767.1,1128.9,2890.8,1259.5,train,003_2016_avbu,avbu,koma_00116_003_2016_avbu__avb__page0006
749,2041,1,0.8814,745.0,600.2,1114.4,966.1,train,008_2016_poolsideIdle,poolsideidle,koma_00612_008_2016_poolsideIdle__poolside__page0020
750,1078,1,0.8385,687.1,500.3,1315.5,1130.4,train,regions_4th_koma_panels_20260801,4th,koma_0105_page0025
751,3996,1,0.775,620.0,250.7,1336.8,1081.5,train,065_2024_ako3B,ako_2023-24,koma_04315_065_2024_ako3B__ako3B__page0007
752,4314,1,0.7947,596.6,104.2,1428.9,907.7,train,061_2023b_akocultB,ako_2023-24,koma_04093_061_2023b_akocultB__akocultB__page0021
753,5241,1,0.8089,572.0,245.2,870.1,713.0,train,041_2021_akogoods,ako_2020-22,koma_03317_041_2021_akogoods__akogoods__page0076
754,3652,1,0.8034,293.1,262.5,1075.0,1108.8,train,056_2022b_hyoui_color,hyoui_color,koma_03824_056_2022b_hyoui_color__hyoui__page0002
755,2742,1,0.815,1056.9,174.1,2459.5,1610.4,test_panel,026_2019_ako7,ako_2018-19,koma_02301_026_2019_ako7__done__road02
756,2763,1,0.8102,1348.2,612.9,1540.9,822.4,train,026_2019_ako7,ako_2018-19,koma_02187_026_2019_ako7__ako7__page0070
757,2806,2,0.823,1267.1,471.4,1797.9,1041.6,train,008_2016_poolsideIdle,poolsideidle,koma_00538_008_2016_poolsideIdle__poolside__page0001
758,4109,1,0.714,208.3,76.2,879.0,1123.1,test_series,005_2016_ng,ng,koma_00262_005_2016_ng__ng__page0002
759,3373,2,0.4726,744.3,64.2,1341.0,675.8,train,002_2016_aljanne2,aljanne2,koma_00034_002_2016_aljanne2__aljanne2__page0004
760,855,2,0.3512,3250.6,779.9,4002.8,1363.9,train,016_2017_running,running,koma_01605_016_2017_running__running__page0039
761,2783,1,0.8098,1938.3,137.4,2753.6,1015.8,test_panel,065_2024_ako3B,ako_2023-24,koma_04419_065_2024_ako3B__ako3B__page0052
762,52,1,0.8801,1119.7,567.5,2010.5,1321.3,test_panel,regions_gakuen_koma_panels_20260729,gakuen,koma_0036_page0012
763,345,1,0.8804,449.6,611.5,1228.2,1362.9,train,064_2024_ako3,ako_2023-24,koma_04259_064_2024_ako3__ako3__page0025
764,1855,1,0.8355,2392.0,1106.0,2815.2,1730.9,train,018_2018_ako6,ako_2018-19,koma_01812_018_2018_ako6__done3__ako6-23
765,1345,1,0.8682,1937.5,898.2,2753.7,1831.0,train,026_2019_ako7,ako_2018-19,koma_02270_026_2019_ako7__ako7__page0180
766,5271,1,0.8593,671.9,36.9,861.2,223.1,train,021_2018_comics4,comics4,koma_02128_021_2018_comics4__underworld_underworld__page0001
767,1524,1,0.7399,195.2,2125.2,1352.0,3212.8,test_series,027_2019_ben,ben,koma_02393_027_2019_ben__ben__page0014
768,2045,1,0.8566,669.4,494.8,1239.0,1070.8,train,072_2024c_ako,ako_2023-24,koma_04792_072_2024c_ako__ako4__page0018
769,1785,1,0.3751,371.4,652.8,1378.6,1555.5,test_panel,regions_4th_koma_panels_20260801,4th,koma_0023_page0006
770,103,2,0.862,1715.6,2901.9,2493.0,3688.2,test_series,007_2016_phantom,phantom,koma_00463_007_2016_phantom__PhantomThief__page0006
771,2852,1,0.7953,1283.2,-7.1,2394.0,943.5,test_series,027_2019_ben,ben,koma_02356_027_2019_ben__ben__page0006
772,2044,1,0.6297,1015.3,497.2,1562.7,1087.4,test_panel,015_2017_pink,pink,koma_01476_015_2017_pink__pink__page0028
773,3305,2,0.7666,-3.6,-23.9,538.3,886.4,test_panel,021_2018_comics4,comics4,koma_02038_021_2018_comics4__china_v2_china__page0012
774,1529,3,0.8352,3547.3,957.9,3857.4,1254.5,train,042_2021_akokate,ako_2020-22,koma_03338_042_2021_akokate__akokatei__page0009
775,4675,1,0.816,568.8,150.5,1268.0,821.4,train,016_2017_running,running,koma_01553_016_2017_running__done__running5_aname
776,115,2,0.5455,4135.6,1475.5,4778.8,2313.5,test_series,014_2017_kacho,kacho,koma_01410_014_2017_kacho__kacho__page0043
777,2642,1,0.7486,145.4,102.3,1084.3,1342.6,train,013_2017_gakusai1-3DL,gakusai,koma_01112_013_2017_gakusai1-3DL__2__page0006
778,1009,1,0.7766,386.8,874.1,1093.4,1671.2,train,030_2019_succor,succor,koma_02793_030_2019_succor__succor__page0049
779,3887,1,0.7908,598.1,920.4,1487.4,2039.9,train,regions_4th_koma_panels_20260801,4th,koma_0139_page0034
780,4344,1,0.6891,253.8,348.3,868.7,983.2,test_panel,068_2024b_ako4,ako_2023-24,koma_04497_068_2024b_ako4__ako4__page0004
781,3885,4,0.8059,125.8,10.6,288.2,263.9,train,004_2016_gal,gal,koma_00178_004_2016_gal__root__page0011
782,1343,1,0.8078,891.8,8.4,1435.4,649.4,test_panel,004_2016_gal,gal,koma_00205_004_2016_gal__root__page0020
783,4853,1,0.7459,662.2,100.5,1353.1,665.0,train,018_2018_ako6,ako_2018-19,koma_01689_018_2018_ako6__ako6__page0051
784,1729,2,0.8034,237.4,284.9,413.9,538.5,train,072_2024c_ako,ako_2023-24,koma_04768_072_2024c_ako__ako4__page0002
785,4436,1,0.8701,254.0,115.9,448.9,300.6,train,021_2018_comics4,comics4,koma_02146_021_2018_comics4__underworld_underworld__page0005
786,4829,1,0.8611,732.1,577.6,959.9,827.6,test_panel,008_2016_poolsideIdle,poolsideidle,koma_00592_008_2016_poolsideIdle__poolside__page0014
787,2150,1,0.6573,117.5,2073.1,1480.4,3506.9,test_panel,056_2022b_hyoui_color,hyoui_color,koma_03974_056_2022b_hyoui_color__hyoui__page0035
788,1818,2,0.5198,3708.1,709.3,4009.5,953.2,train,056_2022b_hyoui_color,hyoui_color,koma_03957_056_2022b_hyoui_color__hyoui__page0031
789,3679,1,0.8088,1012.5,472.0,1864.0,1447.0,train,020_2018_china2,china2,koma_01995_020_2018_china2__china2__page0025
790,111,1,0.8425,713.2,35.3,1565.1,1009.4,train,004_2016_gal,gal,koma_00201_004_2016_gal__root__page0018
791,1096,1,0.8728,3046.9,1795.8,3727.4,2477.1,train,011_2017_ako5,ako_2017,koma_00850_011_2017_ako5__done3__ako5-11
792,2493,1,0.7998,859.8,696.1,1924.0,1591.0,train,regions_ako5ver2_koma_panels_20260729,ako_2017,koma_0043_page0020
793,2167,1,0.8487,1741.5,662.7,2213.0,1121.1,train,037_2020_ako9,ako_2020-22,koma_02991_037_2020_ako9__ako9__page0028
794,2269,1,0.6458,16.0,356.1,927.8,1779.2,test_series,005_2016_ng,ng,koma_00281_005_2016_ng__ng__page0006
795,1095,1,0.842,1143.5,769.6,1697.0,1407.0,train,069_2024b_fitness,fitness,koma_04634_069_2024b_fitness__kurip__page0022
796,3212,1,0.4916,282.1,675.2,761.1,1206.3,test_panel,039_2020b_ako10,ako_2020-22,koma_03048_039_2020b_ako10__aco10__page0008
797,331,1,0.7673,855.5,2251.7,1428.2,2806.0,test_panel,016_2017_running,running,koma_01604_016_2017_running__running__page0038
798,4456,1,0.8438,711.4,1898.3,1018.1,2333.5,train,013_2017_gakusai1-3DL,gakusai,koma_01011_013_2017_gakusai1-3DL__1__page0012
799,4167,1,0.8577,828.3,121.3,1238.5,502.1,test_series,006_2016_pc,pc,koma_00421_006_2016_pc__works__page0011
800,1516,4,0.6082,144.0,1449.2,287.2,1612.6,train,030_2019_succor,succor,koma_02763_030_2019_succor__succor__page0042
801,3225,2,0.7177,451.4,474.1,1054.4,1071.0,train,030_2019_succor,succor,koma_02710_030_2019_succor__succor__page0029
802,4212,1,0.7709,543.0,1627.1,926.2,2063.6,train,051_2022b_4th,4th,koma_03719_051_2022b_4th__4th__page0023
803,3746,1,0.5987,779.4,311.3,1609.2,1292.1,train,026_2019_ako7,ako_2018-19,koma_02256_026_2019_ako7__ako7__page0173
804,562,2,0.3879,3806.5,1528.5,3919.0,1702.3,train,071_2024b_kids,kids,koma_04690_071_2024b_kids__milking__page0008
805,1421,2,0.8391,14.7,623.7,529.2,1246.0,train,regions_ako5ver2_koma_panels_20260729,ako_2017,koma_0064_page0026
806,272,1,0.8747,849.3,803.5,1637.3,1636.4,train,regions_fitness_koma_panels_20260729,fitness,koma_0035_page0011
807,1443,2,0.6759,3237.8,2.5,4350.6,638.5,train,026_2019_ako7,ako_2018-19,koma_02240_026_2019_ako7__ako7__page0168
808,419,1,0.8769,2214.9,16.6,2742.4,481.1,train,021_2018_comics4,comics4,koma_02026_021_2018_comics4__china_v2_china__page0005
809,4872,2,0.789,774.3,222.7,928.6,424.4,train,037_2020_ako9,ako_2020-22,koma_02989_037_2020_ako9__ako9__page0028
810,830,1,0.8523,364.1,750.4,1326.7,1759.3,train,039_2020b_ako10,ako_2020-22,koma_03112_039_2020b_ako10__aco10__page0035
811,3468,1,0.8297,1118.0,748.2,1858.9,1415.3,train,013_2017_gakusai1-3DL,gakusai,koma_01268_013_2017_gakusai1-3DL__3__page0010
812,667,1,0.8139,222.2,488.1,917.7,1161.5,train,018_2018_ako6,ako_2018-19,koma_01765_018_2018_ako6__ako6__page0123
813,1751,1,0.8217,325.4,747.8,1457.5,2005.8,train,regions_fitness_koma_panels_20260729,fitness,koma_0040_page0013
814,2156,1,0.8219,144.4,495.5,978.7,1367.4,train,011_2017_ako5,ako_2017,koma_00712_011_2017_ako5__ako5__page0010
815,847,2,0.8774,1558.0,1147.8,2118.1,1737.6,train,026_2019_ako7,ako_2018-19,koma_02261_026_2019_ako7__ako7__page0175
816,218,2,0.8559,1346.3,459.9,2050.7,1251.6,train,053_2022b_akocult,ako_2020-22,koma_03795_053_2022b_akocult__akocult__page0044
817,116,1,0.7546,2846.4,703.1,3259.3,1178.5,test_series,073_2024c_mayer,mayer,koma_04954_073_2024c_mayer__mayer__page0015
818,1282,1,0.7946,1369.5,412.6,2386.9,1465.0,test_series,027_2019_ben,ben,koma_02360_027_2019_ben__ben__page0007
819,4234,1,0.8625,580.0,810.9,1166.6,1416.8,test_panel,011_2017_ako5,ako_2017,koma_00731_011_2017_ako5__ako5__page0043
820,2454,1,0.8175,577.8,801.5,1648.6,1912.5,test_panel,018_2018_ako6,ako_2018-19,koma_01748_018_2018_ako6__ako6__page0117
821,316,2,0.8002,1210.7,908.4,1520.1,1237.1,train,021_2018_comics4,comics4,koma_02056_021_2018_comics4__mars_v2_mars_manuscript__page0001
822,2332,1,0.8477,2142.2,179.1,2911.3,824.2,test_panel,021_2018_comics4,comics4,koma_02101_021_2018_comics4__mars_v2_mars_manuscript__page0011
823,1073,1,0.8688,0.3,483.7,650.2,1277.2,test_series,006_2016_pc,pc,koma_00425_006_2016_pc__works__page0012
824,2247,1,0.7633,230.8,1.0,1660.0,489.4,test_panel,040_2020b_nurse,nurse+nanami,koma_03125_040_2020b_nurse__pumpkin__page0004
825,1461,1,0.8583,301.8,447.7,947.6,1087.8,train,064_2024_ako3,ako_2023-24,koma_04229_064_2024_ako3__ako3__page0014
826,2908,1,0.829,1740.6,281.0,2495.7,995.6,train,072_2024c_ako,ako_2023-24,koma_04767_072_2024c_ako__ako4__page0002
827,4055,1,0.7679,1.3,226.7,415.4,944.5,train,030_2019_succor,succor,koma_02844_030_2019_succor__succor__page0075
828,2600,1,0.8414,500.1,8.8,1627.4,987.7,train,040_2020b_nurse,nurse+nanami,koma_03130_040_2020b_nurse__pumpkin__page0005
829,827,2,0.3486,1117.7,858.6,2290.0,2025.7,train,030_2019_succor,succor,koma_02874_030_2019_succor__succor__page0082
830,2531,1,0.8381,1470.8,-19.8,2999.4,1169.4,train,056_2022b_hyoui_color,hyoui_color,koma_03895_056_2022b_hyoui_color__hyoui__page0019
831,1858,2,0.8406,120.4,1187.8,825.0,2013.8,train,regions_4th_koma_panels_20260801,4th,koma_0036_page0008
832,1723,3,0.6208,1804.1,206.6,2714.4,1356.8,train,013_2017_gakusai1-3DL,gakusai,koma_01207_013_2017_gakusai1-3DL__2__page0031
833,3920,1,0.8645,1403.0,618.8,1701.6,924.4,test_panel,029_2019_fringe3,fringe,koma_02503_029_2019_fringe3__fringe3__page0003
834,1667,1,0.8531,1269.0,792.2,1595.0,1143.2,train,053_2022b_akocult,ako_2020-22,koma_03794_053_2022b_akocult__akocult__page0044
835,2402,1,0.8455,579.2,545.4,1200.4,1087.8,test_panel,061_2023b_akocultB,ako_2023-24,koma_04176_061_2023b_akocultB__akocultB__page0050
836,4101,1,0.7709,11.0,200.4,614.6,869.6,test_series,073_2024c_mayer,mayer,koma_04970_073_2024c_mayer__mayer__page0022
837,402,1,0.8296,2165.0,3.8,2950.3,398.1,test_series,014_2017_kacho,kacho,koma_01404_014_2017_kacho__kacho__page0038
838,352,1,0.877,2758.5,2031.7,3487.2,2769.3,train,056_2022b_hyoui_color,hyoui_color,koma_04000_056_2022b_hyoui_color__hyoui__page0043
839,2965,1,0.8016,1022.2,360.2,1590.8,998.4,train,regions_4th_koma_panels_20260801,4th,koma_0042_page0009
840,913,1,0.8318,623.8,1969.1,1662.9,2915.9,train,016_2017_running,running,koma_01523_016_2017_running__done__running
841,2286,1,0.8796,247.8,622.4,830.0,1145.9,train,021_2018_comics4,comics4,koma_02017_021_2018_comics4__china_v2_china__page0004
842,4191,1,0.7041,2137.6,314.1,2278.4,461.2,train,068_2024b_ako4,ako_2023-24,koma_04516_068_2024b_ako4__ako4__page0009
843,3429,2,0.8207,803.7,38.4,1025.7,537.1,test_panel,016_2017_running,running,koma_01530_016_2017_running__done__running06
844,2272,1,0.7536,1643.8,870.6,1773.9,1041.7,train,059_2023b_4th,4th,koma_04028_059_2023b_4th__4th__page0014
845,2244,1,0.8519,340.4,284.4,956.2,858.9,test_series,005_2016_ng,ng,koma_00371_005_2016_ng__新しいフォルダー_n__page0012
846,355,1,0.8387,985.4,1562.9,1978.0,2602.0,test_series,014_2017_kacho,kacho,koma_01373_014_2017_kacho__kacho__page0014
847,352,3,0.8716,998.2,2029.8,1708.6,2814.5,train,056_2022b_hyoui_color,hyoui_color,koma_04000_056_2022b_hyoui_color__hyoui__page0043
848,1924,1,0.7397,1004.5,1246.5,1797.4,2388.0,test_series,027_2019_ben,ben,koma_02376_027_2019_ben__ben__page0010
849,2084,3,0.3429,843.0,709.8,1071.8,1002.1,train,049_2022_akogoods,ako_2020-22,koma_03644_049_2022_akogoods__akogoods__page0074
850,215,4,0.8403,1242.4,298.3,1859.5,1009.6,test_panel,015_2017_pink,pink,koma_01498_015_2017_pink__pink__page0036
851,1985,1,0.8617,289.0,405.4,930.1,1004.0,test_series,005_2016_ng,ng,koma_00361_005_2016_ng__新しいフォルダー_n__page0009
852,3204,1,0.7953,143.9,76.7,675.8,628.6,train,004_2016_gal,gal,koma_00165_004_2016_gal__root__page0008
853,1227,1,0.7355,560.6,291.0,2262.9,1430.3,train,021_2018_comics4,comics4,koma_02029_021_2018_comics4__china_v2_china__page0007
854,3778,1,0.8088,475.7,384.0,1254.8,1117.8,test_panel,048_2022_akocult,ako_2020-22,koma_03603_048_2022_akocult__akocult__page0007
855,1300,2,0.8467,1690.7,506.5,2388.6,1138.2,test_panel,026_2019_ako7,ako_2018-19,koma_02289_026_2019_ako7__done__ako7-34
856,3767,1,0.8524,1093.8,847.5,1756.4,1653.0,test_panel,030_2019_succor,succor,koma_02688_030_2019_succor__succor__page0026
857,3712,1,0.7908,445.6,6.2,1132.5,760.4,train,017_2017_stoptime,stoptime,koma_01643_017_2017_stoptime__stp__page0009
858,552,2,0.8514,1932.8,586.7,2620.2,1391.6,train,037_2020_ako9,ako_2020-22,koma_02938_037_2020_ako9__ako9__page0003
859,1844,1,0.7643,2932.0,431.3,3214.7,958.6,test_series,007_2016_phantom,phantom,koma_00483_007_2016_phantom__PhantomThief__page0011
860,1830,1,0.6568,784.8,549.1,1846.7,2447.3,train,regions_4th_koma_panels_20260801,4th,koma_0073_page0018
861,1338,1,0.8705,1371.5,429.3,1939.2,968.0,train,042_2021_akokate,ako_2020-22,koma_03339_042_2021_akokate__akokatei__page0009
862,2952,1,0.8567,338.9,706.8,717.6,1089.2,train,029_2019_fringe3,fringe,koma_02582_029_2019_fringe3__fringe3__page0019
863,2623,3,0.476,128.6,55.3,444.2,628.4,test_panel,011_2017_ako5,ako_2017,koma_00844_011_2017_ako5__done2__ako5-7 (1)
864,3319,1,0.7058,716.0,128.1,1541.3,1040.6,train,regions_fitness_koma_panels_20260729,fitness,koma_0068_page0021
865,1041,1,0.8679,1038.3,894.6,1668.3,1521.7,train,029_2019_fringe3,fringe,koma_02578_029_2019_fringe3__fringe3__page0018
866,2253,1,0.5066,182.8,-36.4,1554.8,1299.7,test_series,005_2016_ng,ng,koma_00370_005_2016_ng__新しいフォルダー_n__page0011
867,3577,1,0.8599,2184.7,246.4,2962.4,960.2,train,regions_ako5ver2_koma_panels_20260729,ako_2017,koma_0157_page0060
868,482,1,0.8689,2487.1,817.6,3333.5,1648.6,train,018_2018_ako6,ako_2018-19,koma_01881_018_2018_ako6__done7__ako6-08
869,1966,3,0.8058,416.9,236.8,894.8,679.4,test_panel,017_2017_stoptime,stoptime,koma_01637_017_2017_stoptime__stp__page0008
870,1880,1,0.8431,448.1,352.3,831.8,725.6,train,068_2024b_ako4,ako_2023-24,koma_04504_068_2024b_ako4__ako4__page0006
871,1234,1,0.8296,607.7,4.0,2495.3,1424.5,test_panel,069_2024b_fitness,fitness,koma_04608_069_2024b_fitness__kurip__page0014
872,1293,2,0.8596,0.0,700.6,680.0,1598.2,train,020_2018_china2,china2,koma_01940_020_2018_china2__china2__page0005
873,1442,1,0.8022,591.3,936.3,1554.9,2037.9,train,030_2019_succor,succor,koma_02835_030_2019_succor__succor__page0059
874,2111,1,0.358,-0.5,1861.9,613.0,2212.9,train,061_2023b_akocultB,ako_2023-24,koma_04139_061_2023b_akocultB__akocultB__page0034
875,2333,1,0.832,999.1,459.0,1404.4,1081.3,train,041_2021_akogoods,ako_2020-22,koma_03158_041_2021_akogoods__akogoods__page0007
876,1546,1,0.8615,1109.8,291.8,1574.2,751.1,train,regions_ako5ver2_koma_panels_20260729,ako_2017,koma_0158_page0060
877,270,1,0.7816,1775.7,23.7,3367.6,1735.8,test_series,073_2024c_mayer,mayer,koma_04984_073_2024c_mayer__mayer__page0027
878,942,1,0.7818,2059.1,17.4,3804.9,1686.4,train,regions_fitness_koma_panels_20260729,fitness,koma_0106_page0038
879,3229,2,0.4882,948.2,-10.9,1733.7,684.5,train,002_2016_aljanne2,aljanne2,koma_00038_002_2016_aljanne2__aljanne2__page0005
880,927,2,0.8671,1311.0,526.8,2022.4,1282.7,train,026_2019_ako7,ako_2018-19,koma_02179_026_2019_ako7__ako7__page0068
881,3966,1,0.596,297.0,119.1,991.7,846.6,test_series,073_2024c_mayer,mayer,koma_04980_073_2024c_mayer__mayer__page0025
882,878,1,0.8476,497.2,411.8,1349.9,1203.5,train,regions_4th_koma_panels_20260801,4th,koma_0116_page0027
883,2248,3,0.8424,2949.0,1418.0,3313.1,1835.3,train,029_2019_fringe3,fringe,koma_02523_029_2019_fringe3__fringe3__page0007
884,1190,1,0.6723,16.4,0.8,1210.0,1185.7,test_series,010_2016_suc,suc,koma_00655_010_2016_suc__subbcubussBK__page0005
885,4693,1,0.816,568.8,150.5,1268.0,821.4,train,016_2017_running,running,koma_01568_016_2017_running__running__page0026
886,312,2,0.685,1071.9,619.5,1661.7,1370.6,train,064_2024_ako3,ako_2023-24,koma_04260_064_2024_ako3__ako3__page0025
887,1634,1,0.8751,1659.7,503.6,2256.2,1062.5,train,017_2017_stoptime,stoptime,koma_01628_017_2017_stoptime__stp__page0007
888,1304,1,0.8522,1737.3,433.4,2620.4,1246.7,test_series,063_2023b_hamlabi,hamlabi,koma_04198_063_2023b_hamlabi__works__page0017
889,2513,1,0.693,1171.8,0.9,1794.2,165.6,train,004_2016_gal,gal,koma_00238_004_2016_gal__gal__page0012
890,4791,2,0.54,195.0,469.0,303.9,601.5,train,013_2017_gakusai1-3DL,gakusai,koma_00989_013_2017_gakusai1-3DL__1__page0006
891,3314,1,0.8297,368.2,769.1,1304.4,1544.8,test_series,014_2017_kacho,kacho,koma_01408_014_2017_kacho__kacho__page0041
892,4569,1,0.8041,397.3,89.0,1066.5,813.6,train,017_2017_stoptime,stoptime,koma_01622_017_2017_stoptime__stp__page0004
893,746,1,0.827,958.8,1907.5,1624.1,2462.0,test_panel,051_2022b_4th,4th,koma_03739_051_2022b_4th__4th__page0030
894,2452,1,0.8511,1033.0,129.6,1449.8,528.8,train,regions_ako5ver2_koma_panels_20260729,ako_2017,koma_0007_page0002
895,166,1,0.8501,3252.9,528.0,3827.4,1208.9,train,regions_gakuen_koma_panels_20260729,gakuen,koma_0040_page0014
896,1080,4,0.532,530.7,305.9,845.0,629.0,train,regions_ako5ver2_koma_panels_20260729,ako_2017,koma_0061_page0025
897,392,1,0.8428,1942.8,161.1,3120.4,1313.0,train,002_2016_aljanne2,aljanne2,koma_00058_002_2016_aljanne2__aljanne2__page0009
898,3756,1,0.7957,1125.8,268.4,1558.4,766.0,train,068_2024b_ako4,ako_2023-24,koma_04515_068_2024b_ako4__ako4__page0008
899,2423,1,0.8163,643.3,972.9,1825.8,1791.8,train,056_2022b_hyoui_color,hyoui_color,koma_03961_056_2022b_hyoui_color__hyoui__page0032
900,5294,1,0.8345,930.4,763.5,1087.5,995.2,train,011_2017_ako5,ako_2017,koma_00899_011_2017_ako5__done4__ako5-37
901,1543,1,0.8622,937.0,565.2,1298.6,922.8,train,004_2016_gal,gal,koma_00203_004_2016_gal__root__page0020
902,231,1,0.8744,704.5,1613.3,1376.1,2239.7,train,015_2017_pink,pink,koma_01496_015_2017_pink__pink__page0035
903,892,1,0.5955,2585.6,651.8,2844.7,961.3,test_panel,regions_4th_koma_panels_20260801,4th,koma_0043_page0009
904,3995,1,0.8136,216.3,436.6,1064.8,1199.6,train,056_2022b_hyoui_color,hyoui_color,koma_03855_056_2022b_hyoui_color__hyoui__page0008
905,1770,1,0.4087,997.4,2033.3,1925.3,2777.7,test_panel,029_2019_fringe3,fringe,koma_02592_029_2019_fringe3__fringe3__page0021
906,1834,1,0.8521,1960.6,319.1,2879.8,1288.4,train,regions_4th_koma_panels_20260801,4th,koma_0081_page0020
907,3807,1,0.8202,142.0,223.5,701.1,1016.7,train,013_2017_gakusai1-3DL,gakusai,koma_01171_013_2017_gakusai1-3DL__2__page0022
908,5204,1,0.7021,56.3,495.4,539.7,1098.5,train,015_2017_pink,pink,koma_01507_015_2017_pink__pink__page0038
909,424,2,0.7731,1074.0,1929.2,1505.3,2508.8,train,053_2022b_akocult,ako_2020-22,koma_03797_053_2022b_akocult__akocult__page0045
910,481,1,0.8571,2174.5,1015.7,3201.6,1930.4,train,regions_ako5ver2_koma_panels_20260729,ako_2017,koma_0034_page0016
911,105,1,0.7925,889.9,393.2,1293.5,1076.3,train,regions_ako5ver2_koma_panels_20260729,ako_2017,koma_0120_page0047
912,2092,2,0.8519,667.8,371.5,1166.0,950.4,train,028_2019_fringe,fringe,koma_02422_028_2019_fringe__fringe_01__page0002
913,2285,1,0.8543,1719.2,329.7,2018.9,642.8,train,072_2024c_ako,ako_2023-24,koma_04776_072_2024c_ako__ako4__page0004
914,2555,3,0.6637,641.5,1963.5,935.7,2287.6,train,051_2022b_4th,4th,koma_03749_051_2022b_4th__4th__page0034
915,2481,1,0.7743,776.8,536.4,1512.9,1019.6,test_series,027_2019_ben,ben,koma_02346_027_2019_ben__ben__page0005
916,1155,1,0.8604,927.1,450.3,1302.4,827.0,test_panel,069_2024b_fitness,fitness,koma_04559_069_2024b_fitness__kurip__page0002
917,128,1,0.7623,2850.9,294.1,3958.9,1441.0,train,069_2024b_fitness,fitness,koma_04666_069_2024b_fitness__kurip__page0036
918,3557,1,0.4127,-13.6,648.6,762.4,2929.3,test_panel,008_2016_poolsideIdle,poolsideidle,koma_00585_008_2016_poolsideIdle__poolside__page0013
919,1711,2,0.82,1413.3,869.3,1589.8,1051.9,test_panel,regions_ako5ver2_koma_panels_20260729,ako_2017,koma_0014_page0007
920,586,1,0.8134,286.7,80.2,1477.6,1284.6,train,039_2020b_ako10,ako_2020-22,koma_03072_039_2020b_ako10__aco10__page0016
921,2678,1,0.845,860.8,395.8,1169.5,695.6,train,056_2022b_hyoui_color,hyoui_color,koma_03979_056_2022b_hyoui_color__hyoui__page0036
922,926,1,0.799,1013.8,71.6,2054.0,1333.3,test_series,073_2024c_mayer,mayer,koma_04931_073_2024c_mayer__mayer__page0008
923,4354,1,0.3779,37.4,138.6,1067.1,957.0,train,021_2018_comics4,comics4,koma_02024_021_2018_comics4__china_v2_china__page0005
924,2738,1,0.8141,293.1,601.6,1285.8,1707.2,train,013_2017_gakusai1-3DL,gakusai,koma_01229_013_2017_gakusai1-3DL__3__page0001
925,928,2,0.845,364.7,550.7,1019.1,1202.5,train,041_2021_akogoods,ako_2020-22,koma_03172_041_2021_akogoods__akogoods__page0009
926,3057,2,0.8659,85.4,481.9,424.7,859.6,train,056_2022b_hyoui_color,hyoui_color,koma_03908_056_2022b_hyoui_color__hyoui__page0022
927,1404,1,0.7936,410.2,305.9,1799.6,1812.5,train,072_2024c_ako,ako_2023-24,koma_04856_072_2024c_ako__ako4__page0047
928,2605,1,0.8001,253.1,626.0,1141.0,1647.0,train,regions_ako5ver2_koma_panels_20260729,ako_2017,koma_0036_page0019
929,4838,2,0.8181,1410.0,800.1,1619.2,1057.5,train,029_2019_fringe3,fringe,koma_02537_029_2019_fringe3__fringe3__page0011
930,852,1,0.83,672.8,818.3,1421.3,1623.1,train,061_2023b_akocultB,ako_2023-24,koma_04106_061_2023b_akocultB__akocultB__page0026
931,1531,1,0.59,494.5,47.9,1800.6,1399.6,test_panel,069_2024b_fitness,fitness,koma_04654_069_2024b_fitness__kurip__page0029
932,4621,1,0.7604,225.0,556.0,926.7,1855.0,test_series,027_2019_ben,ben,koma_02403_027_2019_ben__ben__page0015
933,1027,1,0.8382,732.4,375.5,1309.5,901.5,train,regions_ako5ver2_koma_panels_20260729,ako_2017,koma_0099_page0040
934,1594,1,0.7725,3167.5,201.0,3401.1,466.1,train,004_2016_gal,gal,koma_00145_004_2016_gal__root__page0003
935,3919,2,0.7577,567.4,523.8,833.4,978.1,train,011_2017_ako5,ako_2017,koma_00807_011_2017_ako5__ako5__page0084
936,3487,1,0.6897,-82.4,150.2,1163.9,1417.0,train,018_2018_ako6,ako_2018-19,koma_01743_018_2018_ako6__ako6__page0114
937,3611,1,0.7892,762.5,0.9,1787.7,887.1,train,021_2018_comics4,comics4,koma_02096_021_2018_comics4__mars_v2_mars_manuscript__page0010
938,339,3,0.8659,2225.0,162.5,2852.3,896.2,train,015_2017_pink,pink,koma_01434_015_2017_pink__done1__pink18
939,2334,2,0.6216,-4.5,120.5,327.0,969.6,train,021_2018_comics4,comics4,koma_02089_021_2018_comics4__mars_v2_mars_manuscript__page0010
940,2948,1,0.8058,1928.3,13.7,3307.5,1299.3,train,026_2019_ako7,ako_2018-19,koma_02185_026_2019_ako7__ako7__page0070
941,2233,1,0.7958,611.6,358.9,1663.7,1565.6,test_panel,013_2017_gakusai1-3DL,gakusai,koma_01324_013_2017_gakusai1-3DL__3__page0021
942,4185,1,0.7943,971.5,22.2,1681.0,871.1,train,regions_ako5ver2_koma_panels_20260729,ako_2017,koma_0104_page0042
943,37,2,0.8609,759.9,1431.3,1376.1,2041.0,train,069_2024b_fitness,fitness,koma_04600_069_2024b_fitness__kurip__page0012
944,3970,1,0.8125,618.7,913.1,1550.4,1793.7,train,056_2022b_hyoui_color,hyoui_color,koma_03906_056_2022b_hyoui_color__hyoui__page0022
945,1642,1,0.8178,442.5,402.7,1229.9,1141.3,train,017_2017_stoptime,stoptime,koma_01629_017_2017_stoptime__stp__page0007
946,1119,1,0.867,1088.9,724.6,1553.9,1237.4,train,056_2022b_hyoui_color,hyoui_color,koma_03877_056_2022b_hyoui_color__hyoui__page0013
947,3254,2,0.8399,848.2,644.4,1248.7,1170.2,test_panel,regions_ako5ver2_koma_panels_20260729,ako_2017,koma_0013_page0007
948,2485,1,0.8218,246.5,907.9,1404.0,2082.6,train,regions_4th_koma_panels_20260801,4th,koma_0032_page0008
949,2376,1,0.8322,1019.8,502.5,1986.9,1391.6,train,053_2022b_akocult,ako_2020-22,koma_03789_053_2022b_akocult__akocult__page0043
950,2236,1,0.7857,38.2,746.5,1187.8,2318.6,train,069_2024b_fitness,fitness,koma_04560_069_2024b_fitness__kurip__page0002
951,1116,2,0.563,1035.2,293.1,1503.5,892.9,train,026_2019_ako7,ako_2018-19,koma_02232_026_2019_ako7__ako7__page0156
952,98,2,0.8188,74.4,-12.8,808.2,897.8,train,042_2021_akokate,ako_2020-22,koma_03439_042_2021_akokate__akokatei__page0062
953,1355,2,0.394,575.6,144.8,1401.8,1607.7,train,regions_gakuen_koma_panels_20260729,gakuen,koma_0004_page0002
954,2217,1,0.7922,884.4,647.9,1708.0,1598.4,train,071_2024b_kids,kids,koma_04707_071_2024b_kids__milking__page0012
955,553,3,0.8511,3375.9,308.1,4078.0,1146.5,test_panel,017_2017_stoptime,stoptime,koma_01616_017_2017_stoptime__stp__page0003
956,3050,1,0.7771,274.8,13.7,1366.5,834.0,train,040_2020b_nurse,nurse+nanami,koma_03138_040_2020b_nurse__pumpkin__page0008
957,3295,1,0.8767,135.9,207.5,407.2,466.8,test_panel,004_2016_gal,gal,koma_00217_004_2016_gal__gal__page0006
958,491,2,0.8022,1142.1,1089.2,1696.3,2094.3,train,041_2021_akogoods,ako_2020-22,koma_03183_041_2021_akogoods__akogoods__page0012
959,962,1,0.807,1779.0,723.3,2291.5,1182.3,train,030_2019_succor,succor,koma_02774_030_2019_succor__succor__page0045
960,944,2,0.8724,659.5,361.9,1463.7,1259.2,train,061_2023b_akocultB,ako_2023-24,koma_04098_061_2023b_akocultB__akocultB__page0022
961,891,1,0.8089,1385.6,643.2,2291.2,1705.9,test_panel,013_2017_gakusai1-3DL,gakusai,koma_01068_013_2017_gakusai1-3DL__1__page0025
962,983,1,0.8166,1273.3,428.3,2515.1,1664.5,train,021_2018_comics4,comics4,koma_02100_021_2018_comics4__mars_v2_mars_manuscript__page0011
963,1269,1,0.8494,2569.4,1123.4,3028.1,1528.6,train,004_2016_gal,gal,koma_00189_004_2016_gal__root__page0013
964,2282,1,0.8665,681.0,927.7,1143.1,1405.8,train,037_2020_ako9,ako_2020-22,koma_02993_037_2020_ako9__ako9__page0029
965,4255,1,0.8512,1009.6,201.4,1713.7,945.3,train,053_2022b_akocult,ako_2020-22,koma_03793_053_2022b_akocult__akocult__page0043
966,4364,1,0.817,99.0,538.4,486.7,965.6,train,043_2021_hero,hero,koma_03514_043_2021_hero__hero__page0057
967,1418,1,0.8303,622.0,-1.2,2492.9,1432.5,train,regions_fitness_koma_panels_20260729,fitness,koma_0045_page0014
968,2400,1,0.8505,709.0,231.5,1056.3,548.5,train,051_2022b_4th,4th,koma_03707_051_2022b_4th__4th__page0021
969,1694,3,0.8403,1463.8,3040.9,2254.1,3687.1,train,018_2018_ako6,ako_2018-19,koma_01818_018_2018_ako6__done3__ako6-27
970,1695,1,0.8709,562.1,1956.9,1207.5,2528.2,train,041_2021_akogoods,ako_2020-22,koma_03208_041_2021_akogoods__akogoods__page0020
971,5121,1,0.8208,91.6,156.0,693.2,725.8,train,026_2019_ako7,ako_2018-19,koma_02180_026_2019_ako7__ako7__page0068
972,2690,1,0.7503,408.7,1244.2,1407.6,1712.8,train,013_2017_gakusai1-3DL,gakusai,koma_01078_013_2017_gakusai1-3DL__1__page0027
973,2902,2,0.8247,-13.1,1318.0,709.4,2082.8,train,013_2017_gakusai1-3DL,gakusai,koma_01292_013_2017_gakusai1-3DL__3__page0016
974,1179,1,0.7913,4.1,10.5,307.1,560.0,test_panel,016_2017_running,running,koma_01573_016_2017_running__running__page0027
975,4850,1,0.7096,1050.5,283.5,1164.3,425.7,train,018_2018_ako6,ako_2018-19,koma_01711_018_2018_ako6__ako6__page0058
976,630,2,0.852,2164.4,580.8,2532.0,982.5,train,065_2024_ako3B,ako_2023-24,koma_04350_065_2024_ako3B__ako3B__page0016
977,2957,1,0.7912,496.4,756.2,1395.2,1670.6,test_series,005_2016_ng,ng,koma_00383_005_2016_ng__新しいフォルダー_n__page0018
978,2055,3,0.8196,0.2,3.9,569.1,720.7,train,013_2017_gakusai1-3DL,gakusai,koma_01213_013_2017_gakusai1-3DL__2__page0032
979,5110,1,0.7609,6.3,277.4,606.2,1136.7,train,026_2019_ako7,ako_2018-19,koma_02177_026_2019_ako7__ako7__page0068
980,426,1,0.8746,304.2,1016.3,1158.9,1838.9,test_panel,041_2021_akogoods,ako_2020-22,koma_03286_041_2021_akogoods__akogoods__page0053
981,2106,1,0.8669,1576.1,389.4,2066.7,902.6,train,048_2022_akocult,ako_2020-22,koma_03607_048_2022_akocult__akocult__page0007
982,2315,1,0.7345,6.4,216.7,1390.8,1735.0,train,039_2020b_ako10,ako_2020-22,koma_03055_039_2020b_ako10__aco10__page0010
983,1632,1,0.8063,486.8,499.8,1407.8,1527.6,test_panel,regions_fitness_koma_panels_20260729,fitness,koma_0047_page0015
984,4567,1,0.855,434.5,637.7,740.8,944.4,train,015_2017_pink,pink,koma_01509_015_2017_pink__pink__page0039
985,2621,1,0.7624,1684.6,3.2,2219.4,628.9,test_series,007_2016_phantom,phantom,koma_00472_007_2016_phantom__PhantomThief__page0008
986,755,1,0.8662,771.5,204.5,1516.7,955.8,test_panel,069_2024b_fitness,fitness,koma_04615_069_2024b_fitness__kurip__page0016
987,2558,2,0.7868,1075.0,467.8,1565.7,1009.9,test_series,073_2024c_mayer,mayer,koma_04961_073_2024c_mayer__mayer__page0020
988,719,1,0.8297,1063.6,225.4,2483.5,1673.0,test_panel,002_2016_aljanne2,aljanne2,koma_00064_002_2016_aljanne2__aljanne2__page0012
989,1704,1,0.7115,382.7,268.4,1834.5,1704.2,test_series,005_2016_ng,ng,koma_00360_005_2016_ng__新しいフォルダー_n__page0009
990,782,1,0.8121,390.5,241.9,1389.0,1248.6,train,regions_fitness_koma_panels_20260729,fitness,koma_0022_page0007
991,3235,1,0.7601,861.7,569.0,1746.0,1308.7,train,030_2019_succor,succor,koma_02665_030_2019_succor__succor__page0019
992,3148,4,0.527,290.6,2079.3,408.4,2192.9,train,017_2017_stoptime,stoptime,koma_01611_017_2017_stoptime__stp__page0001
993,3304,1,0.4083,231.2,297.7,760.3,866.0,test_series,005_2016_ng,ng,koma_00276_005_2016_ng__ng__page0005
994,4221,2,0.8085,660.9,715.6,1068.3,1273.5,train,015_2017_pink,pink,koma_01510_015_2017_pink__pink__page0039
995,1303,1,0.7714,2516.9,0.7,3516.1,583.9,train,013_2017_gakusai1-3DL,gakusai,koma_01332_013_2017_gakusai1-3DL__3__page0026
996,4076,1,0.5793,1139.5,64.6,1749.3,686.7,train,004_2016_gal,gal,koma_00146_004_2016_gal__root__page0004
997,935,1,0.8311,667.0,866.3,1466.6,1780.8,train,061_2023b_akocultB,ako_2023-24,koma_04104_061_2023b_akocultB__akocultB__page0025
998,4906,1,0.8276,612.2,-4.5,1393.8,464.5,train,021_2018_comics4,comics4,koma_02093_021_2018_comics4__mars_v2_mars_manuscript__page0010
999,133,2,0.8105,2742.3,361.3,3342.7,909.1,train,regions_fitness_koma_panels_20260729,fitness,koma_0099_page0033
1000,464,1,0.7739,1201.0,72.4,2607.0,2113.2,test_series,009_2016_riko,riko,koma_00620_009_2016_riko__lozx__page0004
1001,3397,1,0.778,1385.9,172.6,1634.0,494.9,train,047_2022_4th,4th,koma_03593_047_2022_4th__4th__page0013
1002,3201,2,0.8572,1214.2,433.7,1534.7,766.3,test_panel,030_2019_succor,succor,koma_02783_030_2019_succor__succor__page0047
1003,3899,2,0.8365,1167.2,223.3,1546.3,667.9,train,037_2020_ako9,ako_2020-22,koma_02996_037_2020_ako9__ako9__page0029
1004,4886,1,0.7909,405.0,577.9,748.3,874.5,train,041_2021_akogoods,ako_2020-22,koma_03232_041_2021_akogoods__akogoods__page0025
1005,1768,1,0.6474,2494.8,-7.6,3975.8,1191.5,train,004_2016_gal,gal,koma_00244_004_2016_gal__gal__page0014
1006,5027,1,0.7733,167.9,211.3,662.8,760.0,train,044_2021_nanami,nurse+nanami,koma_03557_044_2021_nanami__root__a
1007,3676,1,0.7425,0.3,-27.2,2092.2,861.3,train,056_2022b_hyoui_color,hyoui_color,koma_03904_056_2022b_hyoui_color__hyoui__page0021
1008,4097,1,0.714,208.3,76.2,879.0,1123.1,test_series,005_2016_ng,ng,koma_00337_005_2016_ng__新しいフォルダー_n__page0002
1009,2580,2,0.8494,348.0,362.5,748.4,838.3,train,regions_4th_koma_panels_20260801,4th,koma_0140_page0034
1010,3854,1,0.7952,432.7,302.0,1071.0,913.0,train,030_2019_succor,succor,koma_02723_030_2019_succor__succor__page0033
1011,99,1,0.8689,451.1,682.5,1576.4,1838.7,train,039_2020b_ako10,ako_2020-22,koma_03105_039_2020b_ako10__aco10__page0029
1012,3237,4,0.3143,2076.0,500.0,2257.5,738.2,train,regions_4th_koma_panels_20260801,4th,koma_0044_page0010
1013,792,1,0.7936,1038.2,476.3,1815.5,1793.5,test_series,regions_hamlabi_koma_panels_20260729,hamlabi,koma_0037_page0014
1014,103,3,0.8618,2281.7,1841.6,3038.2,2665.3,test_series,007_2016_phantom,phantom,koma_00463_007_2016_phantom__PhantomThief__page0006
1015,2306,1,0.6253,352.1,614.5,1908.1,2171.5,train,065_2024_ako3B,ako_2023-24,koma_04410_065_2024_ako3B__ako3B__page0050
1016,684,3,0.6373,3729.1,1228.3,3886.8,1383.5,train,030_2019_succor,succor,koma_02698_030_2019_succor__succor__page0027
1017,790,1,0.8212,1030.7,617.8,1857.3,1477.8,train,071_2024b_kids,kids,koma_04695_071_2024b_kids__milking__page0009
1018,3773,1,0.8278,137.5,224.1,719.1,808.6,train,030_2019_succor,succor,koma_02822_030_2019_succor__succor__page0056
1019,235,1,0.847,406.7,851.2,1829.7,1942.4,train,004_2016_gal,gal,koma_00240_004_2016_gal__gal__page0013
1020,1599,1,0.7876,678.1,236.1,1055.6,712.7,train,030_2019_succor,succor,koma_02784_030_2019_succor__succor__page0047
1021,309,1,0.8553,1997.7,121.1,3156.7,1076.8,train,021_2018_comics4,comics4,koma_02031_021_2018_comics4__china_v2_china__page0008
1022,2184,2,0.8569,841.6,229.4,1199.8,611.2,train,067_2024b_ako3B,ako_2023-24,koma_04475_067_2024b_ako3B__ako3B__page0019
1023,458,2,0.8232,1373.8,-0.4,1985.2,367.6,train,002_2016_aljanne2,aljanne2,koma_00083_002_2016_aljanne2__aljanne2__page0017
1024,4913,1,0.7986,485.8,578.8,636.6,718.9,test_panel,011_2017_ako5,ako_2017,koma_00896_011_2017_ako5__done4__ako5-37
1025,4030,1,0.8523,494.1,1399.6,859.1,1797.3,train,061_2023b_akocultB,ako_2023-24,koma_04172_061_2023b_akocultB__akocultB__page0050
1026,4472,1,0.7944,185.2,544.5,968.6,1311.4,train,037_2020_ako9,ako_2020-22,koma_03011_037_2020_ako9__ako9__page0035
1027,342,1,0.8421,1174.7,470.1,1427.6,740.3,train,016_2017_running,running,koma_01579_016_2017_running__running__page0028
1028,4298,2,0.8057,877.7,448.8,1160.4,1035.2,train,013_2017_gakusai1-3DL,gakusai,koma_01201_013_2017_gakusai1-3DL__2__page0030
1029,4280,2,0.532,1045.7,0.3,1305.5,291.7,test_series,007_2016_phantom,phantom,koma_00449_007_2016_phantom__PhantomThief__page0003
1030,1877,2,0.8653,2512.6,363.9,2858.0,733.5,test_series,014_2017_kacho,kacho,koma_01348_014_2017_kacho__done__kacho07
1031,569,1,0.7689,1092.0,142.9,1317.4,363.9,test_panel,043_2021_hero,hero,koma_03475_043_2021_hero__hero__page0014
1032,2282,3,0.8073,1402.2,734.5,1958.1,1435.2,train,037_2020_ako9,ako_2020-22,koma_02993_037_2020_ako9__ako9__page0029
1033,728,1,0.8171,523.8,155.1,1380.9,1065.7,test_series,005_2016_ng,ng,koma_00357_005_2016_ng__新しいフォルダー_n__page0008
1034,2501,2,0.8349,489.5,304.9,819.8,914.7,train,011_2017_ako5,ako_2017,koma_00871_011_2017_ako5__done4__ako5-24
1035,3410,1,0.8133,143.6,675.4,833.0,1435.1,train,013_2017_gakusai1-3DL,gakusai,koma_00984_013_2017_gakusai1-3DL__1__page0005
1036,4596,1,0.8734,1794.0,0.4,2264.5,453.1,train,regions_ako5ver2_koma_panels_20260729,ako_2017,koma_0128_page0049
1037,4540,1,0.549,383.7,176.3,814.4,495.7,train,013_2017_gakusai1-3DL,gakusai,koma_01259_013_2017_gakusai1-3DL__3__page0007
1038,4833,2,0.5321,360.9,1201.0,508.6,1365.2,train,030_2019_succor,succor,koma_02727_030_2019_succor__succor__page0035
1039,784,1,0.8198,951.7,1.0,3121.5,1791.5,train,013_2017_gakusai1-3DL,gakusai,koma_01023_013_2017_gakusai1-3DL__1__page0014
1040,2662,1,0.8557,1584.6,876.4,2709.4,2032.3,train,026_2019_ako7,ako_2018-19,koma_02303_026_2019_ako7__done__road03
1041,2,1,0.8585,1317.0,2833.7,2332.4,3839.5,train,013_2017_gakusai1-3DL,gakusai,koma_01231_013_2017_gakusai1-3DL__3__page0002
1042,1066,1,0.8385,687.1,500.3,1315.5,1130.4,train,051_2022b_4th,4th,koma_03722_051_2022b_4th__4th__page0025
1043,1134,1,0.8162,174.1,94.2,486.4,407.6,test_series,regions_hamlabi_koma_panels_20260729,hamlabi,koma_0007_page0007
1044,3874,1,0.776,0.3,692.0,794.7,1918.8,test_panel,029_2019_fringe3,fringe,koma_02547_029_2019_fringe3__fringe3__page0013
1045,3646,1,0.818,818.1,361.5,1517.8,1053.6,train,053_2022b_akocult,ako_2020-22,koma_03802_053_2022b_akocult__akocult__page0046
1046,2781,1,0.8316,0.4,243.2,302.5,901.1,train,013_2017_gakusai1-3DL,gakusai,koma_01205_013_2017_gakusai1-3DL__2__page0031
1047,3273,1,0.8167,43.0,672.4,815.1,1500.6,train,071_2024b_kids,kids,koma_04708_071_2024b_kids__milking__page0012
1048,757,1,0.8537,850.7,821.1,1535.0,1584.9,test_panel,018_2018_ako6,ako_2018-19,koma_01841_018_2018_ako6__done5__ako6-25
1049,542,1,0.7857,499.3,451.3,1418.2,1527.9,train,011_2017_ako5,ako_2017,koma_00771_011_2017_ako5__ako5__page0067
1050,1906,1,0.8634,322.1,410.6,766.8,893.5,train,041_2021_akogoods,ako_2020-22,koma_03153_041_2021_akogoods__akogoods__page0006
1051,2695,1,0.765,1587.9,586.9,2132.3,1295.1,test_panel,030_2019_succor,succor,koma_02735_030_2019_succor__succor__page0036
1052,458,1,0.8554,396.7,614.1,1433.6,1386.0,train,002_2016_aljanne2,aljanne2,koma_00083_002_2016_aljanne2__aljanne2__page0017
1053,1856,2,0.7445,1357.4,523.2,2224.6,1485.8,test_series,007_2016_phantom,phantom,koma_00533_007_2016_phantom__tmp__PhantomThief
1054,1831,1,0.6568,784.8,549.1,1846.7,2447.3,train,051_2022b_4th,4th,koma_03704_051_2022b_4th__4th__page0018
1055,727,2,0.8051,909.4,637.5,1629.1,1428.6,test_panel,013_2017_gakusai1-3DL,gakusai,koma_01341_013_2017_gakusai1-3DL__3__page0030
1056,5084,1,0.7594,137.7,459.1,602.3,1456.6,train,029_2019_fringe3,fringe,koma_02500_029_2019_fringe3__fringe3__page0003
1057,2023,2,0.8419,17.0,478.2,594.8,1198.0,test_series,014_2017_kacho,kacho,koma_01383_014_2017_kacho__kacho__page0030
1058,3239,1,0.8806,316.9,320.3,835.8,784.8,test_panel,013_2017_gakusai1-3DL,gakusai,koma_01022_013_2017_gakusai1-3DL__1__page0013
1059,4346,1,0.8118,252.3,269.3,885.8,970.0,train,regions_4th_koma_panels_20260801,4th,koma_0079_page0020
1060,5138,1,0.7851,477.1,741.1,770.3,1251.3,train,042_2021_akokate,ako_2020-22,koma_03392_042_2021_akokate__akokatei__page0028
1061,4317,2,0.7612,413.8,167.0,1009.5,711.8,train,013_2017_gakusai1-3DL,gakusai,koma_01099_013_2017_gakusai1-3DL__1__page0031
1062,1438,1,0.8685,2269.0,38.3,2769.8,555.5,train,regions_ako5ver2_koma_panels_20260729,ako_2017,koma_0068_page0027
1063,45,2,0.8449,198.8,917.2,664.9,1362.4,train,021_2018_comics4,comics4,koma_02135_021_2018_comics4__underworld_underworld__page0003
1064,3445,1,0.8085,204.3,1076.8,978.8,1933.2,train,regions_4th_koma_panels_20260801,4th,koma_0060_page0015
1065,3112,1,0.6708,1491.2,23.2,2582.5,891.9,test_panel,001_2015_gakusai3,gakusai,koma_00002_001_2015_gakusai3__tmp3_gakusai3__page0033
1066,3635,2,0.7564,1336.7,967.8,1510.9,1302.6,train,011_2017_ako5,ako_2017,koma_00797_011_2017_ako5__ako5__page0077
1067,4216,2,0.8071,79.3,1931.8,497.3,2509.0,train,015_2017_pink,pink,koma_01472_015_2017_pink__pink__page0019
1068,465,1,0.8416,1711.7,698.5,2615.2,1606.9,train,020_2018_china2,china2,koma_01955_020_2018_china2__china2__page0009
1069,460,1,0.8405,1897.7,562.3,2343.0,1035.4,train,047_2022_4th,4th,koma_03579_047_2022_4th__4th__page0006
1070,1065,1,0.8009,2.1,1346.9,910.5,2157.8,test_panel,011_2017_ako5,ako_2017,koma_00794_011_2017_ako5__ako5__page0075
1071,609,2,0.7492,2082.9,7.5,3444.4,1110.8,test_panel,018_2018_ako6,ako_2018-19,koma_01759_018_2018_ako6__ako6__page0120
1072,2026,2,0.8442,1243.3,1342.1,1849.3,1977.7,train,068_2024b_ako4,ako_2023-24,koma_04544_068_2024b_ako4__ako4__page0018
1073,2273,1,0.8125,583.0,462.3,1061.9,1131.7,test_series,regions_hamlabi_koma_panels_20260729,hamlabi,koma_0011_page0009
1074,3587,1,0.7956,588.9,478.8,1445.8,1427.5,train,029_2019_fringe3,fringe,koma_02586_029_2019_fringe3__fringe3__page0020
1075,1483,1,0.8192,206.9,1293.1,1400.3,2544.0,test_panel,061_2023b_akocultB,ako_2023-24,koma_04075_061_2023b_akocultB__akocultB__page0002
1076,1929,1,0.8359,926.5,597.7,1291.7,985.4,test_panel,065_2024_ako3B,ako_2023-24,koma_04320_065_2024_ako3B__ako3B__page0008
1077,1350,2,0.7708,756.9,1076.1,2023.7,2068.7,train,042_2021_akokate,ako_2020-22,koma_03370_042_2021_akokate__akokatei__page0018
1078,3517,1,0.8386,1313.5,204.9,1587.3,475.4,test_series,regions_hamlabi_koma_panels_20260729,hamlabi,koma_0031_page0013
1079,25,1,0.843,166.1,215.0,816.0,808.3,train,003_2016_avbu,avbu,koma_00116_003_2016_avbu__avb__page0006
1080,3133,1,0.8215,178.5,358.4,840.9,1014.8,test_panel,051_2022b_4th,4th,koma_03677_051_2022b_4th__4th__page0008
1081,3115,1,0.827,504.1,17.0,991.4,378.6,test_series,027_2019_ben,ben,koma_02411_027_2019_ben__ben__page0016
1082,4459,1,0.861,1333.3,1016.0,1934.3,1645.7,train,011_2017_ako5,ako_2017,koma_00814_011_2017_ako5__done__ako5-32
1083,2484,1,0.8627,134.1,829.4,520.0,1190.5,train,012_2017_copy,copy,koma_00949_012_2017_copy__copy__page0030
1084,2952,2,0.6138,1270.4,824.8,1519.1,1102.7,train,029_2019_fringe3,fringe,koma_02582_029_2019_fringe3__fringe3__page0019
1085,4944,1,0.8057,570.0,544.0,893.0,861.4,test_panel,028_2019_fringe,fringe,koma_02443_028_2019_fringe__fringe_01__page0015
1086,957,1,0.8062,466.5,9.9,1507.5,946.4,test_panel,013_2017_gakusai1-3DL,gakusai,koma_01188_013_2017_gakusai1-3DL__2__page0027
1087,1271,1,0.8258,1024.7,882.3,1917.2,1912.3,train,056_2022b_hyoui_color,hyoui_color,koma_03913_056_2022b_hyoui_color__hyoui__page0023
1088,1528,2,0.8577,181.7,1458.8,624.1,1954.9,train,056_2022b_hyoui_color,hyoui_color,koma_03876_056_2022b_hyoui_color__hyoui__page0013
1089,736,3,0.809,1112.9,577.5,1752.2,1248.2,train,015_2017_pink,pink,koma_01467_015_2017_pink__pink__page0017
1090,4223,1,0.7545,691.7,169.2,1375.4,999.2,test_series,regions_hamlabi_koma_panels_20260729,hamlabi,koma_0052_page0023
1091,806,1,0.7261,355.2,534.9,2035.1,2532.2,train,065_2024_ako3B,ako_2023-24,koma_04383_065_2024_ako3B__ako3B__page0026
1092,3584,1,0.8731,68.8,1258.7,447.0,1683.0,train,015_2017_pink,pink,koma_01416_015_2017_pink__done1__pink04
1093,3580,1,0.8337,225.2,160.1,728.3,767.1,test_series,073_2024c_mayer,mayer,koma_04951_073_2024c_mayer__mayer__page0013
1094,5144,1,0.8001,30.0,456.9,606.5,1209.0,train,019_2018_ako7,ako_2018-19,koma_01907_019_2018_ako7__ako7__page0068
1095,2483,1,0.8767,737.8,1037.0,1419.9,1702.8,test_series,027_2019_ben,ben,koma_02362_027_2019_ben__ben__page0008
1096,16,1,0.8823,1962.8,779.2,3319.7,1968.0,test_panel,004_2016_gal,gal,koma_00141_004_2016_gal__root__page0002
1097,952,1,0.8135,618.7,645.8,1954.0,1911.2,test_series,014_2017_kacho,kacho,koma_01394_014_2017_kacho__kacho__page0034
1098,196,1,0.4466,1858.7,2424.2,2351.0,2941.2,train,051_2022b_4th,4th,koma_03743_051_2022b_4th__4th__page0031
1099,1088,2,0.8593,0.5,272.4,393.3,871.7,train,019_2018_ako7,ako_2018-19,koma_01899_019_2018_ako7__ako7__page0018
1100,119,1,0.8347,2503.5,624.7,2901.2,964.3,train,regions_4th_koma_panels_20260801,4th,koma_0130_page0032
1101,3563,2,0.8541,755.1,362.9,1048.9,685.3,train,051_2022b_4th,4th,koma_03712_051_2022b_4th__4th__page0022
1102,917,1,0.8774,1473.4,399.7,2028.9,949.9,train,042_2021_akokate,ako_2020-22,koma_03340_042_2021_akokate__akokatei__page0009
1103,4617,1,0.7985,499.4,257.8,1194.8,928.7,train,regions_ako5ver2_koma_panels_20260729,ako_2017,koma_0132_page0050
1104,1094,2,0.8569,1302.5,359.4,1832.4,905.3,train,021_2018_comics4,comics4,koma_02071_021_2018_comics4__mars_v2_mars_manuscript__page0005
1105,2146,1,0.8237,2144.3,3.9,3231.8,1111.2,train,020_2018_china2,china2,koma_01992_020_2018_china2__china2__page0024
1106,2797,2,0.8499,660.5,406.0,960.5,716.5,train,029_2019_fringe3,fringe,koma_02524_029_2019_fringe3__fringe3__page0007
1107,4332,1,0.5757,60.8,170.9,964.3,1440.6,train,016_2017_running,running,koma_01541_016_2017_running__done__running10
1108,1216,1,0.8193,297.2,89.2,1707.1,1637.7,train,013_2017_gakusai1-3DL,gakusai,koma_01323_013_2017_gakusai1-3DL__3__page0021
1109,4916,1,0.7443,41.1,223.8,587.3,862.2,train,015_2017_pink,pink,koma_01457_015_2017_pink__pink__page0010
1110,567,1,0.8753,1130.5,869.8,1742.1,1451.8,train,018_2018_ako6,ako_2018-19,koma_01691_018_2018_ako6__ako6__page0052
1111,2311,1,0.8531,601.0,686.3,891.3,1007.4,test_series,regions_hamlabi_koma_panels_20260729,hamlabi,koma_0022_page0010
1112,3799,1,0.8701,1534.9,293.0,1964.2,695.9,train,029_2019_fringe3,fringe,koma_02534_029_2019_fringe3__fringe3__page0010
1113,3357,1,0.8758,70.3,119.5,331.3,356.9,train,021_2018_comics4,comics4,koma_02004_021_2018_comics4__china_v2_china__page0001
1114,3237,3,0.3672,3269.7,549.2,3413.3,669.7,train,regions_4th_koma_panels_20260801,4th,koma_0044_page0010
1115,1261,2,0.8792,2096.9,391.8,2843.6,1144.7,test_panel,056_2022b_hyoui_color,hyoui_color,koma_03914_056_2022b_hyoui_color__hyoui__page0023
1116,3530,1,0.7877,725.2,587.9,890.2,843.2,train,regions_ako5ver2_koma_panels_20260729,ako_2017,koma_0053_page0024
1117,2873,1,0.6738,45.6,594.5,1210.8,2050.9,train,026_2019_ako7,ako_2018-19,koma_02199_026_2019_ako7__ako7__page0083
1118,2634,3,0.4288,594.6,717.3,715.7,883.2,train,030_2019_succor,succor,koma_02625_030_2019_succor__succor__page0006
1119,4798,1,0.8313,544.5,273.5,1169.5,901.0,train,048_2022_akocult,ako_2020-22,koma_03634_048_2022_akocult__akocult__page0021
1120,2115,1,0.8124,-8.1,185.3,1149.3,1529.2,test_series,010_2016_suc,suc,koma_00698_010_2016_suc__subbcubussBK__page0030
1121,3107,1,0.7808,46.9,94.7,1097.8,1287.8,test_series,006_2016_pc,pc,koma_00432_006_2016_pc__works__page0014
1122,1067,1,0.8572,1431.6,530.1,2020.8,1232.3,train,068_2024b_ako4,ako_2023-24,koma_04531_068_2024b_ako4__ako4__page0015
1123,2597,2,0.8347,1179.5,343.4,1747.5,1063.3,test_series,063_2023b_hamlabi,hamlabi,koma_04195_063_2023b_hamlabi__works__page0017
1124,3345,1,0.8288,342.6,149.4,642.6,569.1,test_series,010_2016_suc,suc,koma_00656_010_2016_suc__subbcubussBK__page0005
1125,2735,1,0.8523,1282.0,174.5,1637.6,496.8,test_series,063_2023b_hamlabi,hamlabi,koma_04203_063_2023b_hamlabi__works__page0020
1126,382,1,0.8803,1200.1,747.8,2413.5,1851.8,train,032_2019b_ako8,ako_2018-19,koma_02902_032_2019b_ako8__ako8__page0045
1127,2875,1,0.8715,2486.8,763.8,3362.1,1666.8,train,030_2019_succor,succor,koma_02762_030_2019_succor__succor__page0042
1128,3385,1,0.8115,533.6,419.6,1513.4,1367.5,train,051_2022b_4th,4th,koma_03756_051_2022b_4th__4th__page0036
1129,5124,1,0.8254,518.6,624.3,1014.5,1185.6,test_series,027_2019_ben,ben,koma_02336_027_2019_ben__ben__page0003
1130,2565,1,0.7525,639.6,1096.2,1665.7,1977.6,train,047_2022_4th,4th,koma_03587_047_2022_4th__4th__page0008
1131,256,1,0.868,954.4,313.3,1744.0,1079.3,test_series,014_2017_kacho,kacho,koma_01378_014_2017_kacho__kacho__page0017
1132,2550,1,0.8373,1115.1,596.1,2226.1,1723.1,train,064_2024_ako3,ako_2023-24,koma_04227_064_2024_ako3__ako3__page0014
1133,1138,1,0.802,1907.9,2579.4,2489.0,3154.1,train,regions_fitness_koma_panels_20260729,fitness,koma_0021_page0007
1134,2112,5,0.5595,0.4,9.0,117.0,267.0,train,017_2017_stoptime,stoptime,koma_01664_017_2017_stoptime__stp__page0016
1135,505,1,0.5844,589.4,679.2,1050.1,1288.0,test_panel,072_2024c_ako,ako_2023-24,koma_04894_072_2024c_ako__ako4__page0056
1136,3338,1,0.4029,549.3,613.2,1198.1,1541.9,train,015_2017_pink,pink,koma_01424_015_2017_pink__done1__pink14
1137,3024,1,0.7859,1662.9,112.7,3088.5,1486.2,train,026_2019_ako7,ako_2018-19,koma_02302_026_2019_ako7__done__road02
1138,4516,1,0.8496,581.0,256.3,1141.8,791.4,train,048_2022_akocult,ako_2020-22,koma_03636_048_2022_akocult__akocult__page0021
1139,1347,1,0.8423,631.7,302.1,1259.3,919.8,train,030_2019_succor,succor,koma_02796_030_2019_succor__succor__page0050
1140,535,1,0.8778,941.1,428.9,1623.7,1081.2,train,003_2016_avbu,avbu,koma_00100_003_2016_avbu__avb__page0002
1141,2034,1,0.7824,601.2,689.1,850.2,884.2,train,048_2022_akocult,ako_2020-22,koma_03611_048_2022_akocult__akocult__page0014
1142,3038,1,0.8691,595.4,448.4,963.2,801.2,train,029_2019_fringe3,fringe,koma_02549_029_2019_fringe3__fringe3__page0013
1143,2787,1,0.7831,340.9,224.3,1266.3,1121.7,test_series,006_2016_pc,pc,koma_00411_006_2016_pc__works__page0008
1144,2932,1,0.8625,909.8,2.3,1845.0,766.6,train,011_2017_ako5,ako_2017,koma_00737_011_2017_ako5__ako5__page0046
1145,2363,1,0.8299,1117.0,347.3,1446.9,635.1,train,011_2017_ako5,ako_2017,koma_00704_011_2017_ako5__ako5__page0003
1146,3727,2,0.8534,1138.6,301.9,1587.5,778.6,train,041_2021_akogoods,ako_2020-22,koma_03235_041_2021_akogoods__akogoods__page0026
1147,3556,1,0.8219,230.1,309.1,936.6,1080.5,train,042_2021_akokate,ako_2020-22,koma_03420_042_2021_akokate__akokatei__page0039
1148,2406,1,0.5206,1463.1,203.1,1682.7,908.3,train,regions_fitness_koma_panels_20260729,fitness,koma_0077_page0026
1149,11,3,0.5856,3448.6,2786.7,3642.8,2983.4,test_panel,013_2017_gakusai1-3DL,gakusai,koma_01184_013_2017_gakusai1-3DL__2__page0025
1150,2414,2,0.846,0.2,1549.5,521.8,2298.5,train,043_2021_hero,hero,koma_03522_043_2021_hero__hero__page0059
1151,2941,1,0.8587,422.6,20.6,1007.3,513.0,train,030_2019_succor,succor,koma_02674_030_2019_succor__succor__page0020
1152,2842,1,0.8418,0.5,692.6,355.1,1084.3,test_panel,030_2019_succor,succor,koma_02828_030_2019_succor__succor__page0057
1153,2822,5,0.4377,848.8,2853.7,953.5,2981.9,train,030_2019_succor,succor,koma_02775_030_2019_succor__succor__page0046
1154,4935,1,0.6402,462.8,-0.8,1441.4,539.8,test_series,006_2016_pc,pc,koma_00423_006_2016_pc__works__page0011
1155,3680,2,0.6686,883.0,331.3,974.6,432.9,train,008_2016_poolsideIdle,poolsideidle,koma_00568_008_2016_poolsideIdle__poolside__page0009
1156,3948,1,0.6899,168.0,236.2,686.3,1106.4,test_series,005_2016_ng,ng,koma_00327_005_2016_ng__ng__page0025
1157,3768,1,0.8358,22.4,395.3,411.7,800.5,test_panel,043_2021_hero,hero,koma_03516_043_2021_hero__hero__page0057
1158,636,1,0.865,2867.0,264.4,3877.7,1233.7,train,069_2024b_fitness,fitness,koma_04596_069_2024b_fitness__kurip__page0010
1159,1851,2,0.3795,763.6,206.6,1496.3,1520.3,train,003_2016_avbu,avbu,koma_00126_003_2016_avbu__avb__page0014
1160,1387,1,0.7876,3007.3,473.3,3725.0,1484.8,train,026_2019_ako7,ako_2018-19,koma_02176_026_2019_ako7__ako7__page0068
1161,4074,1,0.8089,302.1,441.2,966.2,1177.9,train,056_2022b_hyoui_color,hyoui_color,koma_03929_056_2022b_hyoui_color__hyoui__page0026
1162,761,1,0.8588,-3.8,656.8,1054.8,1658.0,test_panel,011_2017_ako5,ako_2017,koma_00708_011_2017_ako5__ako5__page0009
1163,851,1,0.7444,2947.2,394.7,3610.7,1252.6,train,013_2017_gakusai1-3DL,gakusai,koma_01241_013_2017_gakusai1-3DL__3__page0004
1164,1072,1,0.8029,892.3,-0.2,1438.4,489.3,test_panel,072_2024c_ako,ako_2023-24,koma_04811_072_2024c_ako__ako4__page0025
1165,429,2,0.7844,186.5,330.9,834.4,1332.7,train,048_2022_akocult,ako_2020-22,koma_03618_048_2022_akocult__akocult__page0015
1166,324,1,0.8582,409.4,713.8,1472.2,1737.0,train,018_2018_ako6,ako_2018-19,koma_01742_018_2018_ako6__ako6__page0114
1167,657,1,0.5658,1826.8,208.2,2582.6,870.8,train,012_2017_copy,copy,koma_00961_012_2017_copy__copy__page0033
1168,1543,3,0.4682,1437.3,1100.9,1904.8,1594.2,train,004_2016_gal,gal,koma_00203_004_2016_gal__root__page0020
1169,2268,1,0.8532,646.1,355.3,1208.3,1021.2,test_panel,041_2021_akogoods,ako_2020-22,koma_03201_041_2021_akogoods__akogoods__page0017
1170,3487,2,0.3189,-7.4,236.0,884.5,1470.5,train,018_2018_ako6,ako_2018-19,koma_01743_018_2018_ako6__ako6__page0114
1171,919,1,0.8784,1230.5,868.1,2047.6,1659.8,train,012_2017_copy,copy,koma_00969_012_2017_copy__done2__copy07
1172,4274,2,0.804,33.8,1309.7,252.4,1525.5,train,041_2021_akogoods,ako_2020-22,koma_03263_041_2021_akogoods__akogoods__page0047
1173,3293,1,0.7754,178.2,161.1,1075.5,1024.7,test_panel,037_2020_ako9,ako_2020-22,koma_03007_037_2020_ako9__ako9__page0034
1174,2692,1,0.8673,282.7,-3.1,953.3,517.3,train,013_2017_gakusai1-3DL,gakusai,koma_01307_013_2017_gakusai1-3DL__3__page0018
1175,591,2,0.7935,1373.7,109.6,1838.9,742.0,train,072_2024c_ako,ako_2023-24,koma_04891_072_2024c_ako__ako4__page0055
1176,1872,1,0.8694,1103.9,777.2,1746.5,1369.4,train,056_2022b_hyoui_color,hyoui_color,koma_03936_056_2022b_hyoui_color__hyoui__page0028
1177,1,3,0.8262,837.7,2592.6,1894.6,3618.5,train,013_2017_gakusai1-3DL,gakusai,koma_01236_013_2017_gakusai1-3DL__3__page0003
1178,5291,1,0.8432,154.1,150.8,404.7,401.8,train,037_2020_ako9,ako_2020-22,koma_03023_037_2020_ako9__ako9__page0036
1179,603,1,0.8726,1117.8,1735.5,1789.4,2440.6,train,029_2019_fringe3,fringe,koma_02580_029_2019_fringe3__fringe3__page0018
1180,2960,1,0.8024,485.2,205.1,1572.7,1316.2,test_panel,053_2022b_akocult,ako_2020-22,koma_03770_053_2022b_akocult__akocult__page0034
1181,3047,1,0.8852,377.6,606.8,724.7,939.5,train,041_2021_akogoods,ako_2020-22,koma_03257_041_2021_akogoods__akogoods__page0039
1182,2750,1,0.7939,923.6,591.5,1315.0,1234.4,test_series,063_2023b_hamlabi,hamlabi,koma_04210_063_2023b_hamlabi__works__page0029
1183,2323,1,0.8636,1310.5,879.0,2054.1,1606.2,train,026_2019_ako7,ako_2018-19,koma_02227_026_2019_ako7__ako7__page0154
1184,4825,2,0.8551,1012.4,638.2,1241.7,906.1,train,015_2017_pink,pink,koma_01444_015_2017_pink__pink__page0002
1185,831,1,0.8499,2517.5,1193.0,2870.8,1515.8,train,004_2016_gal,gal,koma_00173_004_2016_gal__root__page0010
1186,4261,1,0.7664,267.2,0.1,948.4,852.3,test_panel,011_2017_ako5,ako_2017,koma_00847_011_2017_ako5__done2__ako5-8 (1)
1187,1376,2,0.7839,1446.1,693.3,2145.8,1509.5,test_panel,029_2019_fringe3,fringe,koma_02583_029_2019_fringe3__fringe3__page0019
1188,3805,2,0.8565,1441.9,-0.3,1851.9,356.7,train,016_2017_running,running,koma_01591_016_2017_running__running__page0033
1189,4238,1,0.7901,1674.6,445.0,1946.2,724.7,train,020_2018_china2,china2,koma_01996_020_2018_china2__china2__page0025
1190,2194,3,0.8477,476.3,1239.7,743.8,1547.0,train,regions_4th_koma_panels_20260801,4th,koma_0108_page0025
1191,3081,1,0.8628,2253.3,147.9,2757.7,652.1,train,072_2024c_ako,ako_2023-24,koma_04799_072_2024c_ako__ako4__page0021
1192,3476,3,0.4757,897.6,162.8,1093.8,378.3,train,002_2016_aljanne2,aljanne2,koma_00026_002_2016_aljanne2__aljanne2__page0003
1193,1791,1,0.846,1832.2,956.6,2132.2,1347.2,train,072_2024c_ako,ako_2023-24,koma_04872_072_2024c_ako__ako4__page0052
1194,2594,1,0.8125,521.2,513.7,1202.3,1195.6,train,068_2024b_ako4,ako_2023-24,koma_04489_068_2024b_ako4__ako4__page0003
1195,1156,1,0.506,1201.2,18.8,1710.5,490.6,train,072_2024c_ako,ako_2023-24,koma_04830_072_2024c_ako__ako4__page0037
1196,3550,2,0.8672,750.1,216.4,1083.7,584.6,train,013_2017_gakusai1-3DL,gakusai,koma_01281_013_2017_gakusai1-3DL__3__page0013
1197,4804,1,0.8476,63.2,406.8,454.3,880.8,train,015_2017_pink,pink,koma_01505_015_2017_pink__pink__page0038
1198,2701,2,0.7546,519.1,529.2,1140.6,1193.6,test_series,005_2016_ng,ng,koma_00385_005_2016_ng__新しいフォルダー_n__page0018
1199,4139,1,0.4442,86.0,1.5,333.0,106.6,test_series,006_2016_pc,pc,koma_00401_006_2016_pc__works__page0005
1200,512,2,0.6974,1370.9,451.0,2124.5,1538.7,train,042_2021_akokate,ako_2020-22,koma_03344_042_2021_akokate__akokatei__page0010
1201,2821,1,0.7764,405.1,813.5,1232.2,1906.8,train,018_2018_ako6,ako_2018-19,koma_01757_018_2018_ako6__ako6__page0120
1202,2005,1,0.7998,1865.8,3.6,2991.1,780.5,train,065_2024_ako3B,ako_2023-24,koma_04362_065_2024_ako3B__ako3B__page0019
1203,4178,1,0.7737,433.9,180.3,1033.8,945.4,train,011_2017_ako5,ako_2017,koma_00834_011_2017_ako5__done2__ako5-5 (1)
1204,2327,2,0.6699,954.0,141.7,1470.2,992.4,train,016_2017_running,running,koma_01584_016_2017_running__running__page0030
1205,2650,1,0.7916,1172.2,32.4,1670.2,753.6,train,021_2018_comics4,comics4,koma_02130_021_2018_comics4__underworld_underworld__page0002
1206,884,1,0.793,640.1,559.8,1574.3,1609.6,train,016_2017_running,running,koma_01594_016_2017_running__running__page0035
1207,2090,1,0.8761,974.1,631.0,1814.1,1447.7,train,012_2017_copy,copy,koma_00972_012_2017_copy__done2__copy15
1208,1262,1,0.8355,219.1,172.5,953.7,1189.4,test_panel,018_2018_ako6,ako_2018-19,koma_01755_018_2018_ako6__ako6__page0118
1209,2110,1,0.8778,323.2,1639.3,932.3,2190.6,train,016_2017_running,running,koma_01557_016_2017_running__running__page0004
1210,2759,1,0.8486,852.5,200.0,1424.0,728.0,test_panel,013_2017_gakusai1-3DL,gakusai,koma_01152_013_2017_gakusai1-3DL__2__page0019
1211,3312,1,0.866,523.9,542.5,1053.1,1025.1,train,030_2019_succor,succor,koma_02738_030_2019_succor__succor__page0037
1212,447,1,0.8358,1047.4,689.0,2288.2,1762.5,test_series,005_2016_ng,ng,koma_00354_005_2016_ng__新しいフォルダー_n__page0008
1213,2033,1,0.8482,701.1,705.6,1414.6,1389.0,train,020_2018_china2,china2,koma_01993_020_2018_china2__china2__page0025
1214,416,2,0.814,425.6,260.8,1290.8,1179.1,test_panel,016_2017_running,running,koma_01547_016_2017_running__done__running16
1215,3982,1,0.7807,130.1,316.1,935.5,1116.5,train,056_2022b_hyoui_color,hyoui_color,koma_03945_056_2022b_hyoui_color__hyoui__page0029
1216,37,4,0.6921,3640.7,5.5,4633.3,919.3,train,069_2024b_fitness,fitness,koma_04600_069_2024b_fitness__kurip__page0012
1217,1905,1,0.7827,263.4,2297.3,781.5,2875.7,train,037_2020_ako9,ako_2020-22,koma_02953_037_2020_ako9__ako9__page0012
1218,3761,2,0.8703,525.4,1341.0,947.9,1740.0,train,030_2019_succor,succor,koma_02792_030_2019_succor__succor__page0049
1219,309,2,0.6043,901.2,9.6,1677.1,750.3,train,021_2018_comics4,comics4,koma_02031_021_2018_comics4__china_v2_china__page0008
1220,1170,1,0.8258,2732.2,223.9,4011.8,1430.2,train,039_2020b_ako10,ako_2020-22,koma_03079_039_2020b_ako10__aco10__page0018
1221,302,1,0.8627,408.0,364.4,1527.2,1319.9,test_panel,037_2020_ako9,ako_2020-22,koma_02954_037_2020_ako9__ako9__page0014
1222,315,2,0.87,1580.8,390.7,2193.7,994.9,train,042_2021_akokate,ako_2020-22,koma_03384_042_2021_akokate__akokatei__page0024
1223,2019,1,0.8209,640.0,1507.7,831.2,1723.4,train,regions_4th_koma_panels_20260801,4th,koma_0053_page0014
1224,1537,1,0.8072,1413.3,79.6,3049.8,1626.6,test_series,073_2024c_mayer,mayer,koma_04964_073_2024c_mayer__mayer__page0022
1225,3148,1,0.84,355.1,1089.7,990.0,1761.4,train,017_2017_stoptime,stoptime,koma_01611_017_2017_stoptime__stp__page0001
1226,1092,1,0.8057,654.9,324.5,2269.2,1923.9,train,072_2024c_ako,ako_2023-24,koma_04832_072_2024c_ako__ako4__page0038
1227,61,1,0.8781,1976.3,530.3,2906.4,1414.6,train,069_2024b_fitness,fitness,koma_04671_069_2024b_fitness__kurip__page0038
1228,793,1,0.8662,771.5,204.5,1516.7,955.7,train,regions_fitness_koma_panels_20260729,fitness,koma_0052_page0016
1229,1051,1,0.7079,517.8,326.1,824.4,634.7,train,067_2024b_ako3B,ako_2023-24,koma_04468_067_2024b_ako3B__ako3B__page0005
1230,4282,1,0.8236,2.7,31.7,310.9,547.5,test_panel,016_2017_running,running,koma_01531_016_2017_running__done__running06
1231,3808,1,0.8404,635.6,782.7,933.7,1105.0,train,056_2022b_hyoui_color,hyoui_color,koma_03853_056_2022b_hyoui_color__hyoui__page0008
1232,5187,1,0.4453,460.6,42.6,1095.5,695.0,train,004_2016_gal,gal,koma_00255_004_2016_gal__gal__page0020
1233,4602,1,0.8495,1379.4,868.5,1836.9,1354.3,train,012_2017_copy,copy,koma_00922_012_2017_copy__copy__page0019
1234,2190,1,0.6915,4.2,525.9,866.3,1955.4,test_panel,030_2019_succor,succor,koma_02826_030_2019_succor__succor__page0056
1235,4955,1,0.8638,305.8,647.7,521.7,895.6,test_series,005_2016_ng,ng,koma_00279_005_2016_ng__ng__page0006
1236,1098,1,0.8268,1980.8,93.1,3207.1,1245.6,train,013_2017_gakusai1-3DL,gakusai,koma_01194_013_2017_gakusai1-3DL__2__page0028
1237,3953,1,0.7143,509.4,397.2,704.4,778.7,test_panel,001_2015_gakusai3,gakusai,koma_00005_001_2015_gakusai3__tmp3_gakusai3__page0034
1238,3692,1,0.8002,685.7,246.9,1242.0,943.2,test_panel,051_2022b_4th,4th,koma_03675_051_2022b_4th__4th__page0008
1239,4147,1,0.8363,1253.7,95.9,1888.2,810.6,test_panel,030_2019_succor,succor,koma_02769_030_2019_succor__succor__page0044
1240,3055,1,0.8578,671.0,313.8,971.3,654.7,train,056_2022b_hyoui_color,hyoui_color,koma_03898_056_2022b_hyoui_color__hyoui__page0020
1241,1885,1,0.8232,493.8,151.2,1240.1,906.0,train,029_2019_fringe3,fringe,koma_02492_029_2019_fringe3__fringe3__page0001
1242,1877,1,0.8658,918.0,375.4,1301.2,761.9,test_series,014_2017_kacho,kacho,koma_01348_014_2017_kacho__done__kacho07
1243,2043,1,0.8304,-1.0,1620.4,262.7,1937.0,train,030_2019_succor,succor,koma_02765_030_2019_succor__succor__page0042
1244,2215,1,0.8641,859.0,231.6,1532.8,889.5,test_series,006_2016_pc,pc,koma_00404_006_2016_pc__works__page0005
1245,2618,2,0.8207,213.1,63.5,912.0,752.6,train,019_2018_ako7,ako_2018-19,koma_01922_019_2018_ako7__ako7__page0073
1246,2866,1,0.7963,720.3,485.7,1382.7,1440.5,train,011_2017_ako5,ako_2017,koma_00873_011_2017_ako5__done4__ako5-25
1247,1469,1,0.8195,1448.7,1027.8,2503.9,2156.4,test_series,027_2019_ben,ben,koma_02357_027_2019_ben__ben__page0007
1248,2734,2,0.8542,680.3,666.1,1385.1,1400.3,test_series,027_2019_ben,ben,koma_02329_027_2019_ben__ben__page0001
1249,3985,1,0.8495,585.6,-3.1,1232.8,421.8,train,008_2016_poolsideIdle,poolsideidle,koma_00578_008_2016_poolsideIdle__poolside__page0011
1250,4612,1,0.4738,462.7,361.9,1293.3,2064.7,train,029_2019_fringe3,fringe,koma_02539_029_2019_fringe3__fringe3__page0011
1251,1037,1,0.665,3169.5,1037.4,3849.7,1655.9,train,030_2019_succor,succor,koma_02838_030_2019_succor__succor__page0060
1252,2389,1,0.8184,-0.3,216.1,469.1,897.0,train,regions_ako5ver2_koma_panels_20260729,ako_2017,koma_0016_page0008
1253,2768,2,0.8231,677.3,119.9,911.2,392.6,train,030_2019_succor,succor,koma_02611_030_2019_succor__succor__page0004
1254,2352,1,0.8783,1974.5,456.7,2521.1,1100.6,train,056_2022b_hyoui_color,hyoui_color,koma_03872_056_2022b_hyoui_color__hyoui__page0012
1255,1471,2,0.7652,2852.8,1220.2,3113.5,1492.7,train,030_2019_succor,succor,koma_02752_030_2019_succor__succor__page0040
1256,3362,1,0.8139,7.5,537.0,412.5,1025.3,test_series,007_2016_phantom,phantom,koma_00460_007_2016_phantom__PhantomThief__page0005
1257,2432,1,0.7661,7.9,3.7,600.5,641.7,train,013_2017_gakusai1-3DL,gakusai,koma_01057_013_2017_gakusai1-3DL__1__page0022
1258,3873,1,0.6184,326.3,108.8,1077.7,854.3,train,004_2016_gal,gal,koma_00239_004_2016_gal__gal__page0012
1259,731,1,0.7543,1366.1,1086.7,2914.1,2641.7,train,051_2022b_4th,4th,koma_03658_051_2022b_4th__4th__page0005
1260,3567,1,0.7539,101.7,1064.0,324.9,1303.9,train,071_2024b_kids,kids,koma_04728_071_2024b_kids__milking__page0015
1261,3905,1,0.8465,1687.6,306.2,1945.8,621.8,train,018_2018_ako6,ako_2018-19,koma_01852_018_2018_ako6__done6__ako6-51
1262,5037,1,0.6385,1539.3,66.4,1656.3,273.9,train,018_2018_ako6,ako_2018-19,koma_01721_018_2018_ako6__ako6__page0084
1263,2795,1,0.8187,190.3,305.7,920.6,1023.4,train,003_2016_avbu,avbu,koma_00112_003_2016_avbu__avb__page0005
1264,2819,1,0.8024,506.2,1514.2,1111.7,1877.3,train,026_2019_ako7,ako_2018-19,koma_02258_026_2019_ako7__ako7__page0173
1265,2819,2,0.3994,682.4,1019.5,1226.2,1593.3,train,026_2019_ako7,ako_2018-19,koma_02258_026_2019_ako7__ako7__page0173
1266,1533,1,0.8556,1434.8,258.5,1780.1,635.5,train,019_2018_ako7,ako_2018-19,koma_01931_019_2018_ako7__ako7__page0089
1267,3132,1,0.8611,263.4,356.3,731.1,824.2,train,021_2018_comics4,comics4,koma_02041_021_2018_comics4__china_v2_china__page0013
1268,486,1,0.8439,2201.6,468.4,3096.3,1288.1,train,regions_ako5ver2_koma_panels_20260729,ako_2017,koma_0094_page0038
1269,442,1,0.8486,412.6,522.1,1592.2,1488.3,train,042_2021_akokate,ako_2020-22,koma_03409_042_2021_akokate__akokatei__page0033
1270,4371,1,0.818,1725.0,-7.7,3205.5,1005.5,train,028_2019_fringe,fringe,koma_02484_028_2019_fringe__fringe_01__page0029
1271,3489,1,0.6566,398.4,1566.8,878.6,1967.3,train,regions_4th_koma_panels_20260801,4th,koma_0148_page0035
1272,4054,2,0.7637,258.1,544.6,465.7,785.9,train,016_2017_running,running,koma_01537_016_2017_running__done__running08
1273,3855,1,0.89,249.0,324.3,533.4,582.3,test_panel,011_2017_ako5,ako_2017,koma_00849_011_2017_ako5__done2__ako5-8 (1)
1274,379,1,0.8543,442.4,155.9,1427.8,1095.2,test_series,005_2016_ng,ng,koma_00351_005_2016_ng__新しいフォルダー_n__page0007
1275,3075,1,0.7769,181.3,250.5,1078.3,1205.6,test_panel,015_2017_pink,pink,koma_01495_015_2017_pink__pink__page0034
1276,2582,1,0.7163,597.5,1032.3,856.8,1388.5,train,071_2024b_kids,kids,koma_04765_071_2024b_kids__unmerged__page0011
1277,3885,3,0.8307,791.5,45.0,957.5,244.3,train,004_2016_gal,gal,koma_00178_004_2016_gal__root__page0011
1278,1602,1,0.8533,3034.3,-16.7,4504.6,1091.4,test_series,036_2020_UNI,uni,koma_02935_036_2020_UNI__UNI_works__page0007
1279,1472,1,0.8594,1781.2,577.3,2281.5,1090.2,train,regions_ako5ver2_koma_panels_20260729,ako_2017,koma_0123_page0048
1280,4922,1,0.7986,485.8,578.8,636.6,718.9,test_panel,011_2017_ako5,ako_2017,koma_00762_011_2017_ako5__ako5__page0063
1281,1903,1,0.8327,-2.0,3457.8,562.2,4066.0,train,026_2019_ako7,ako_2018-19,koma_02172_026_2019_ako7__ako7__page0067
1282,2103,2,0.7943,136.9,304.2,644.3,812.6,train,071_2024b_kids,kids,koma_04694_071_2024b_kids__milking__page0009
1283,2954,1,0.8016,1022.2,360.2,1590.8,998.4,train,059_2023b_4th,4th,koma_04025_059_2023b_4th__4th__page0009
1284,4020,1,0.8591,894.3,639.3,1248.7,957.9,train,012_2017_copy,copy,koma_00939_012_2017_copy__copy__page0027
1285,4367,1,0.7783,4.8,472.1,296.2,878.4,train,020_2018_china2,china2,koma_01975_020_2018_china2__china2__page0013
1286,1870,1,0.8583,253.8,455.1,660.5,847.9,train,037_2020_ako9,ako_2020-22,koma_02946_037_2020_ako9__ako9__page0010
1287,3197,1,0.739,371.7,414.9,988.3,1286.6,train,016_2017_running,running,koma_01536_016_2017_running__done__running07
1288,1759,4,0.8514,2716.5,533.5,3043.7,975.9,test_series,027_2019_ben,ben,koma_02340_027_2019_ben__ben__page0003
1289,169,1,0.6122,981.3,406.9,1486.2,1081.2,train,072_2024c_ako,ako_2023-24,koma_04831_072_2024c_ako__ako4__page0037
1290,520,1,0.7499,818.0,193.3,1359.5,905.6,train,064_2024_ako3,ako_2023-24,koma_04257_064_2024_ako3__ako3__page0023
1291,3335,1,0.8467,502.1,962.5,827.4,1319.9,test_panel,015_2017_pink,pink,koma_01511_015_2017_pink__pink__page0040
1292,2551,2,0.6411,1118.9,2.4,1668.1,381.1,train,015_2017_pink,pink,koma_01473_015_2017_pink__pink__page0019
1293,4979,1,0.7291,9.9,603.0,425.1,1404.4,train,021_2018_comics4,comics4,koma_02142_021_2018_comics4__underworld_underworld__page0004
1294,1606,2,0.7857,1441.3,767.0,1889.2,1124.1,train,013_2017_gakusai1-3DL,gakusai,koma_01196_013_2017_gakusai1-3DL__2__page0029
1295,3354,3,0.8324,837.5,270.0,1143.4,725.9,train,013_2017_gakusai1-3DL,gakusai,koma_01002_013_2017_gakusai1-3DL__1__page0009
1296,3500,1,0.8388,327.6,919.5,1149.9,1719.7,train,018_2018_ako6,ako_2018-19,koma_01687_018_2018_ako6__ako6__page0051
1297,1323,1,0.8495,237.7,441.1,1268.1,1313.4,train,004_2016_gal,gal,koma_00194_004_2016_gal__root__page0016
1298,2091,1,0.8092,1464.5,495.4,2187.8,1332.5,test_series,014_2017_kacho,kacho,koma_01380_014_2017_kacho__kacho__page0030
1299,2430,1,0.8,28.2,456.7,1328.2,1837.2,test_series,006_2016_pc,pc,koma_00431_006_2016_pc__works__page0014
1300,1333,2,0.7874,9.7,1481.5,639.7,2948.8,train,013_2017_gakusai1-3DL,gakusai,koma_00983_013_2017_gakusai1-3DL__1__page0005
1301,64,1,0.8781,1976.3,530.3,2906.4,1414.6,train,regions_fitness_koma_panels_20260729,fitness,koma_0107_page0038
1302,4957,1,0.8532,294.1,350.8,501.7,563.6,train,013_2017_gakusai1-3DL,gakusai,koma_01282_013_2017_gakusai1-3DL__3__page0014
1303,602,1,0.8738,233.2,601.8,848.1,1151.2,test_series,005_2016_ng,ng,koma_00272_005_2016_ng__ng__page0004
1304,3914,1,0.8538,439.9,357.6,807.3,743.3,test_series,007_2016_phantom,phantom,koma_00505_007_2016_phantom__PhantomThief__page0020
1305,1509,2,0.8251,412.4,225.4,863.9,763.6,train,regions_ako5ver2_koma_panels_20260729,ako_2017,koma_0153_page0059
1306,497,1,0.8682,2098.1,701.5,2963.9,1476.6,test_series,007_2016_phantom,phantom,koma_00506_007_2016_phantom__PhantomThief__page0027
1307,3511,1,0.8005,685.1,244.5,1238.1,941.1,train,regions_4th_koma_panels_20260801,4th,koma_0035_page0008
1308,3719,1,0.8593,1087.4,90.1,1714.9,662.2,train,013_2017_gakusai1-3DL,gakusai,koma_01150_013_2017_gakusai1-3DL__2__page0018
1309,3898,1,0.5468,114.5,287.6,1033.1,983.8,train,053_2022b_akocult,ako_2020-22,koma_03807_053_2022b_akocult__akocult__page0048
1310,378,1,0.8415,3486.0,1274.1,4323.8,2170.4,train,regions_ako5ver2_koma_panels_20260729,ako_2017,koma_0101_page0041
1311,1727,1,0.8761,310.6,182.2,823.5,661.4,test_series,014_2017_kacho,kacho,koma_01401_014_2017_kacho__kacho__page0037
1312,1873,2,0.7284,225.9,360.3,787.1,884.9,train,030_2019_succor,succor,koma_02630_030_2019_succor__succor__page0007
1313,4011,1,0.8184,206.8,78.8,777.0,679.6,train,037_2020_ako9,ako_2020-22,koma_03027_037_2020_ako9__ako9__page0037
1314,631,1,0.8696,432.0,909.4,1292.8,1806.2,train,039_2020b_ako10,ako_2020-22,koma_03078_039_2020b_ako10__aco10__page0018
1315,3701,2,0.8523,851.0,97.7,1251.8,582.0,test_panel,021_2018_comics4,comics4,koma_02170_021_2018_comics4__underworld_underworld__page0010
1316,4366,2,0.845,111.7,400.2,427.9,677.7,train,026_2019_ako7,ako_2018-19,koma_02263_026_2019_ako7__ako7__page0175
1317,3906,1,0.6208,408.1,275.4,1530.1,1286.3,train,029_2019_fringe3,fringe,koma_02579_029_2019_fringe3__fringe3__page0018
1318,2422,1,0.8598,1527.8,511.4,2210.8,1126.3,train,028_2019_fringe,fringe,koma_02420_028_2019_fringe__fringe_01__page0001
1319,1342,2,0.8211,0.4,195.3,1255.6,1628.5,train,030_2019_succor,succor,koma_02868_030_2019_succor__succor__page0081
1320,1199,1,0.8567,1.0,133.3,428.1,575.0,train,004_2016_gal,gal,koma_00234_004_2016_gal__gal__page0011
1321,4019,2,0.3316,770.4,311.7,1054.8,546.2,train,013_2017_gakusai1-3DL,gakusai,koma_01153_013_2017_gakusai1-3DL__2__page0019
1322,184,1,0.8649,552.5,3029.9,1199.5,3757.5,train,053_2022b_akocult,ako_2020-22,koma_03783_053_2022b_akocult__akocult__page0039
1323,2870,1,0.8422,2082.2,197.7,2640.3,807.5,train,013_2017_gakusai1-3DL,gakusai,koma_01040_013_2017_gakusai1-3DL__1__page0018
1324,2847,2,0.5162,627.7,2.6,1341.1,437.1,test_series,005_2016_ng,ng,koma_00270_005_2016_ng__ng__page0004
1325,2173,1,0.8662,105.3,223.0,782.0,870.2,train,047_2022_4th,4th,koma_03589_047_2022_4th__4th__page0008
1326,1585,1,0.8642,2287.4,632.7,2909.4,1242.9,test_panel,017_2017_stoptime,stoptime,koma_01669_017_2017_stoptime__stp__page0020
1327,2749,2,0.8579,1920.3,1007.2,2183.9,1289.4,train,018_2018_ako6,ako_2018-19,koma_01703_018_2018_ako6__ako6__page0058
1328,3300,1,0.8776,2283.3,535.5,3118.6,1218.9,test_panel,012_2017_copy,copy,koma_00915_012_2017_copy__copy__page0017
1329,3894,1,0.8147,85.8,91.3,723.9,745.7,train,017_2017_stoptime,stoptime,koma_01642_017_2017_stoptime__stp__page0009
1330,3728,1,0.4638,162.4,189.0,769.9,780.8,train,030_2019_succor,succor,koma_02707_030_2019_succor__succor__page0028
1331,4786,2,0.6794,195.1,982.6,564.7,1357.0,train,043_2021_hero,hero,koma_03552_043_2021_hero__hero__page0079
1332,69,2,0.6288,968.3,217.9,2092.2,1737.7,test_panel,056_2022b_hyoui_color,hyoui_color,koma_03992_056_2022b_hyoui_color__hyoui__page0041
1333,673,2,0.8113,1027.3,545.1,2344.5,2097.3,train,016_2017_running,running,koma_01563_016_2017_running__running__page0025
1334,1616,1,0.8367,590.6,925.1,1240.1,1663.2,train,065_2024_ako3B,ako_2023-24,koma_04324_065_2024_ako3B__ako3B__page0008
1335,3003,1,0.805,56.6,1616.5,855.3,2678.5,train,042_2021_akokate,ako_2020-22,koma_03341_042_2021_akokate__akokatei__page0010
1336,4320,1,0.8529,729.8,430.0,964.1,672.0,train,015_2017_pink,pink,koma_01508_015_2017_pink__pink__page0038
1337,319,2,0.8453,2738.0,165.3,3800.8,1192.0,train,061_2023b_akocultB,ako_2023-24,koma_04107_061_2023b_akocultB__akocultB__page0026
1338,4211,1,0.8435,2097.6,216.9,2431.6,659.8,train,017_2017_stoptime,stoptime,koma_01656_017_2017_stoptime__stp__page0012
1339,1783,2,0.8209,132.5,955.1,457.3,1297.0,test_series,regions_hamlabi_koma_panels_20260729,hamlabi,koma_0040_page0018
1340,2256,1,0.7631,156.5,793.3,1256.3,1794.3,train,069_2024b_fitness,fitness,koma_04657_069_2024b_fitness__kurip__page0031
1341,1809,2,0.693,1593.0,935.6,1811.5,1370.6,test_panel,020_2018_china2,china2,koma_01965_020_2018_china2__china2__page0012
1342,3427,2,0.3346,375.0,271.9,909.9,925.5,train,053_2022b_akocult,ako_2020-22,koma_03771_053_2022b_akocult__akocult__page0034
1343,3411,1,0.7836,134.6,-4.7,990.4,858.6,train,021_2018_comics4,comics4,koma_02061_021_2018_comics4__mars_v2_mars_manuscript__page0003
1344,1292,1,0.8136,2307.0,518.1,2568.7,828.4,train,056_2022b_hyoui_color,hyoui_color,koma_03996_056_2022b_hyoui_color__hyoui__page0042
1345,144,1,0.8484,1336.1,1291.1,2220.1,2443.4,train,042_2021_akokate,ako_2020-22,koma_03346_042_2021_akokate__akokatei__page0011
1346,3604,2,0.3156,-6.4,238.4,871.2,1462.0,train,018_2018_ako6,ako_2018-19,koma_01872_018_2018_ako6__done6__ako6-60
1347,568,1,0.8725,1166.5,260.5,2181.1,1216.1,test_series,014_2017_kacho,kacho,koma_01390_014_2017_kacho__kacho__page0033
1348,2067,2,0.8782,3062.2,328.1,3691.5,909.3,train,015_2017_pink,pink,koma_01475_015_2017_pink__pink__page0020
1349,1672,1,0.8392,2272.6,538.2,2674.7,917.6,train,056_2022b_hyoui_color,hyoui_color,koma_03882_056_2022b_hyoui_color__hyoui__page0015
1350,187,1,0.8736,1239.0,308.0,1905.4,1038.3,train,041_2021_akogoods,ako_2020-22,koma_03175_041_2021_akogoods__akogoods__page0010
1351,3281,1,0.778,1386.0,172.6,1634.0,494.8,train,regions_4th_koma_panels_20260801,4th,koma_0049_page0013
1352,2995,2,0.7027,561.5,1185.6,1530.8,1951.6,test_panel,008_2016_poolsideIdle,poolsideidle,koma_00559_008_2016_poolsideIdle__poolside__page0007
1353,799,2,0.8106,550.0,223.4,1665.1,1404.6,train,065_2024_ako3B,ako_2023-24,koma_04355_065_2024_ako3B__ako3B__page0017
1354,2354,1,0.7932,769.1,-10.5,1766.1,845.6,train,013_2017_gakusai1-3DL,gakusai,koma_01233_013_2017_gakusai1-3DL__3__page0002
1355,2313,1,0.797,376.9,350.5,1183.8,1187.3,test_series,027_2019_ben,ben,koma_02412_027_2019_ben__ben__page0016
1356,711,1,0.8537,850.6,821.0,1535.1,1585.0,train,019_2018_ako7,ako_2018-19,koma_01925_019_2018_ako7__ako7__page0083
1357,2330,1,0.8678,2555.7,53.3,3115.1,640.2,train,013_2017_gakusai1-3DL,gakusai,koma_01221_013_2017_gakusai1-3DL__2__page0034
1358,749,2,0.8775,1858.8,99.5,2509.8,738.5,test_panel,015_2017_pink,pink,koma_01440_015_2017_pink__done1__pink20
1359,1265,1,0.5917,278.2,193.7,1106.7,1190.9,train,regions_4th_koma_panels_20260801,4th,koma_0064_page0016
1360,2535,1,0.7311,642.4,1102.6,1663.6,1975.0,train,regions_4th_koma_panels_20260801,4th,koma_0033_page0008
1361,3698,1,0.8072,385.9,588.2,1399.8,1550.6,train,030_2019_succor,succor,koma_02856_030_2019_succor__succor__page0078
1362,2172,1,0.87,1060.0,520.2,1501.8,941.5,train,002_2016_aljanne2,aljanne2,koma_00024_002_2016_aljanne2__aljanne2__page0003
1363,2625,1,0.851,1046.7,223.4,1375.1,568.6,train,068_2024b_ako4,ako_2023-24,koma_04510_068_2024b_ako4__ako4__page0007
1364,760,1,0.8342,883.5,-3.0,1357.0,684.5,train,042_2021_akokate,ako_2020-22,koma_03399_042_2021_akokate__akokatei__page0029
1365,57,2,0.866,744.1,241.5,1400.9,922.8,train,regions_fitness_koma_panels_20260729,fitness,koma_0037_page0012
1366,266,2,0.8103,2588.2,1987.0,3078.7,2927.5,train,041_2021_akogoods,ako_2020-22,koma_03145_041_2021_akogoods__akogoods__page0005
1367,3205,1,0.823,1457.3,169.8,2020.4,708.9,train,011_2017_ako5,ako_2017,koma_00714_011_2017_ako5__ako5__page0018
1368,2626,1,0.7218,770.2,272.5,2166.4,1629.1,train,061_2023b_akocultB,ako_2023-24,koma_04120_061_2023b_akocultB__akocultB__page0029
1369,3131,2,0.8616,1256.7,298.7,1613.5,643.6,train,021_2018_comics4,comics4,koma_02019_021_2018_comics4__china_v2_china__page0004
1370,1317,1,0.8269,559.9,652.2,1368.3,1354.7,test_series,007_2016_phantom,phantom,koma_00510_007_2016_phantom__PhantomThief__page0027
1371,192,1,0.8228,781.8,1042.4,1052.1,1318.5,train,041_2021_akogoods,ako_2020-22,koma_03266_041_2021_akogoods__akogoods__page0047
1372,1897,1,0.8671,662.7,479.4,1083.0,852.3,test_series,007_2016_phantom,phantom,koma_00453_007_2016_phantom__PhantomThief__page0003
1373,1337,1,0.8745,681.3,436.0,1073.4,847.8,train,072_2024c_ako,ako_2023-24,koma_04803_072_2024c_ako__ako4__page0022
1374,3090,1,0.7634,119.0,-0.5,1292.3,1238.9,train,051_2022b_4th,4th,koma_03714_051_2022b_4th__4th__page0022
1375,1204,2,0.7899,2604.1,1032.6,3002.7,1965.6,train,012_2017_copy,copy,koma_00933_012_2017_copy__copy__page0026
1376,1266,1,0.8506,466.7,445.1,1066.8,1076.6,train,065_2024_ako3B,ako_2023-24,koma_04313_065_2024_ako3B__ako3B__page0007
1377,1641,1,0.8759,975.1,627.9,1814.2,1448.2,train,012_2017_copy,copy,koma_00964_012_2017_copy__copy__page0036
1378,146,2,0.776,1815.9,826.7,2579.5,1475.4,test_panel,037_2020_ako9,ako_2020-22,koma_03000_037_2020_ako9__ako9__page0031
1379,329,2,0.8341,246.5,371.8,835.1,980.8,train,030_2019_succor,succor,koma_02766_030_2019_succor__succor__page0043
1380,4132,1,0.8577,143.3,900.4,644.0,1441.6,train,037_2020_ako9,ako_2020-22,koma_02986_037_2020_ako9__ako9__page0028
1381,2539,3,0.8669,1919.2,625.0,2352.3,1093.2,train,029_2019_fringe3,fringe,koma_02519_029_2019_fringe3__fringe3__page0006
1382,329,1,0.8409,3392.7,868.1,3975.9,1500.9,train,030_2019_succor,succor,koma_02766_030_2019_succor__succor__page0043
1383,4067,2,0.7629,655.7,280.1,1126.1,1127.0,train,013_2017_gakusai1-3DL,gakusai,koma_01199_013_2017_gakusai1-3DL__2__page0030
1384,4835,1,0.5293,159.1,229.3,640.0,838.0,train,026_2019_ako7,ako_2018-19,koma_02260_026_2019_ako7__ako7__page0173
1385,2917,3,0.3899,862.3,351.6,1067.5,593.6,train,021_2018_comics4,comics4,koma_02161_021_2018_comics4__underworld_underworld__page0009
1386,3651,1,0.3453,-2.7,0.0,493.0,644.9,train,030_2019_succor,succor,koma_02696_030_2019_succor__succor__page0027
1387,2817,1,0.8105,693.1,256.4,1169.6,789.7,train,065_2024_ako3B,ako_2023-24,koma_04357_065_2024_ako3B__ako3B__page0018
1388,2241,1,0.7343,453.5,333.9,2131.4,2279.8,train,012_2017_copy,copy,koma_00952_012_2017_copy__copy__page0031
1389,1615,2,0.4755,1687.6,70.3,2696.3,849.5,test_series,073_2024c_mayer,mayer,koma_04926_073_2024c_mayer__mayer__page0007
1390,1342,3,0.7727,1242.9,1255.3,2408.8,2741.0,train,030_2019_succor,succor,koma_02868_030_2019_succor__succor__page0081
1391,2308,1,0.8486,627.1,832.5,1363.7,1477.8,train,061_2023b_akocultB,ako_2023-24,koma_04167_061_2023b_akocultB__akocultB__page0045
1392,4917,1,0.6049,262.5,1904.9,739.3,2363.5,train,030_2019_succor,succor,koma_02667_030_2019_succor__succor__page0019
1393,367,2,0.8698,139.0,175.2,604.4,702.0,train,002_2016_aljanne2,aljanne2,koma_00054_002_2016_aljanne2__aljanne2__page0008
1394,4844,3,0.7656,5.9,541.9,254.2,997.3,train,017_2017_stoptime,stoptime,koma_01665_017_2017_stoptime__stp__page0016
1395,839,1,0.8313,1231.3,978.4,1506.6,1348.9,train,regions_fitness_koma_panels_20260729,fitness,koma_0007_page0004
1396,163,1,0.8338,1298.2,397.4,2804.0,1858.7,test_series,005_2016_ng,ng,koma_00261_005_2016_ng__ng__page0002
1397,688,1,0.7971,244.3,726.6,1013.5,1633.5,test_series,regions_hamlabi_koma_panels_20260729,hamlabi,koma_0010_page0007
1398,1235,1,0.8482,975.0,131.2,1325.1,512.7,train,065_2024_ako3B,ako_2023-24,koma_04353_065_2024_ako3B__ako3B__page0017
1399,2347,1,0.8705,725.2,822.8,1291.0,1382.7,train,041_2021_akogoods,ako_2020-22,koma_03322_041_2021_akogoods__akogoods__page0077
1400,200,1,0.8683,645.0,266.6,1215.9,890.0,train,regions_fitness_koma_panels_20260729,fitness,koma_0004_page0002
1401,4882,1,0.7051,200.9,572.4,813.0,1378.3,train,051_2022b_4th,4th,koma_03724_051_2022b_4th__4th__page0025
1402,421,1,0.7862,449.5,257.5,1780.7,1567.8,test_series,036_2020_UNI,uni,koma_02926_036_2020_UNI__UNI_works__page0003
1403,676,3,0.6713,655.3,32.6,1747.9,1101.2,train,013_2017_gakusai1-3DL,gakusai,koma_01299_013_2017_gakusai1-3DL__3__page0017
1404,415,1,0.8588,1031.7,-2.7,1617.9,457.9,train,042_2021_akokate,ako_2020-22,koma_03372_042_2021_akokate__akokatei__page0018
1405,4975,2,0.5716,434.7,1654.4,620.6,1881.0,test_panel,030_2019_succor,succor,koma_02749_030_2019_succor__succor__page0039
1406,4355,1,0.845,787.4,279.6,1314.4,786.9,train,012_2017_copy,copy,koma_00942_012_2017_copy__copy__page0027
1407,829,1,0.8297,363.5,112.3,1815.7,1129.0,train,regions_gakuen_koma_panels_20260729,gakuen,koma_0045_page0016
1408,2352,2,0.8771,342.9,600.1,870.8,1198.0,train,056_2022b_hyoui_color,hyoui_color,koma_03872_056_2022b_hyoui_color__hyoui__page0012
1409,340,1,0.8452,1094.7,352.9,1897.8,1152.0,train,004_2016_gal,gal,koma_00229_004_2016_gal__gal__page0011
1410,1586,1,0.8703,3137.8,608.1,3683.1,1208.1,train,042_2021_akokate,ako_2020-22,koma_03432_042_2021_akokate__akokatei__page0059
1411,2676,2,0.811,432.3,237.8,1176.0,966.1,test_panel,008_2016_poolsideIdle,poolsideidle,koma_00547_008_2016_poolsideIdle__poolside__page0004
1412,903,3,0.7675,201.0,422.7,1032.5,1495.4,test_series,073_2024c_mayer,mayer,koma_04924_073_2024c_mayer__mayer__page0007
1413,2764,1,0.8634,778.0,482.8,1184.1,872.7,train,021_2018_comics4,comics4,koma_02091_021_2018_comics4__mars_v2_mars_manuscript__page0010
1414,2939,2,0.8366,875.7,789.1,1129.2,1130.4,train,018_2018_ako6,ako_2018-19,koma_01673_018_2018_ako6__ako6__page0028
1415,2492,1,0.8741,304.0,408.8,587.2,727.4,test_panel,regions_ako5ver2_koma_panels_20260729,ako_2017,koma_0060_page0025
1416,410,2,0.8434,98.8,305.4,651.9,908.4,train,059_2023b_4th,4th,koma_04043_059_2023b_4th__4th__page0023
1417,233,1,0.3835,1970.8,2.1,2906.9,340.0,train,069_2024b_fitness,fitness,koma_04586_069_2024b_fitness__kurip__page0007
1418,1702,3,0.7583,565.7,174.3,1099.6,852.7,train,regions_ako5ver2_koma_panels_20260729,ako_2017,koma_0134_page0050
1419,4520,1,0.8049,797.6,955.6,999.1,1220.9,train,048_2022_akocult,ako_2020-22,koma_03605_048_2022_akocult__akocult__page0007
1420,4260,1,0.7963,388.9,545.8,957.6,1171.8,train,030_2019_succor,succor,koma_02700_030_2019_succor__succor__page0028
1421,5057,2,0.3787,2.7,4.1,587.5,785.3,train,018_2018_ako6,ako_2018-19,koma_01674_018_2018_ako6__ako6__page0028
1422,619,2,0.8069,2418.5,718.0,3316.8,1685.0,train,026_2019_ako7,ako_2018-19,koma_02307_026_2019_ako7__done__road12
1423,4369,1,0.7961,226.6,379.5,809.1,1003.6,test_panel,068_2024b_ako4,ako_2023-24,koma_04498_068_2024b_ako4__ako4__page0004
1424,625,2,0.8062,1752.4,455.7,2797.4,1604.8,train,056_2022b_hyoui_color,hyoui_color,koma_03924_056_2022b_hyoui_color__hyoui__page0025
1425,1556,1,0.8766,1591.6,-4.8,2163.4,450.1,train,011_2017_ako5,ako_2017,koma_00860_011_2017_ako5__done4__ako5-12
1426,2728,2,0.8688,665.9,79.3,1245.2,687.5,train,032_2019b_ako8,ako_2018-19,koma_02901_032_2019b_ako8__ako8__page0018
1427,519,1,0.8136,608.3,241.2,2238.5,1768.6,train,004_2016_gal,gal,koma_00214_004_2016_gal__gal__page0005
1428,4309,1,0.7182,193.3,65.6,950.1,814.2,train,013_2017_gakusai1-3DL,gakusai,koma_01320_013_2017_gakusai1-3DL__3__page0020
1429,1083,1,0.8541,3282.0,675.1,4245.4,1757.7,train,011_2017_ako5,ako_2017,koma_00782_011_2017_ako5__ako5__page0071
1430,198,1,0.8217,1274.0,193.6,3465.1,2062.0,test_series,014_2017_kacho,kacho,koma_01377_014_2017_kacho__kacho__page0017
1431,2041,2,0.6149,1412.7,324.3,1672.0,587.2,train,008_2016_poolsideIdle,poolsideidle,koma_00612_008_2016_poolsideIdle__poolside__page0020
1432,447,2,0.7904,2311.4,70.9,3468.6,1033.0,test_series,005_2016_ng,ng,koma_00354_005_2016_ng__新しいフォルダー_n__page0008
1433,1894,1,0.3292,472.0,2662.0,615.1,2911.9,train,051_2022b_4th,4th,koma_03723_051_2022b_4th__4th__page0025
1434,2302,1,0.8435,812.3,1656.7,1094.8,1955.5,train,059_2023b_4th,4th,koma_04013_059_2023b_4th__4th__page0005
1435,3217,3,0.8234,953.7,223.9,1397.4,706.2,test_panel,013_2017_gakusai1-3DL,gakusai,koma_01297_013_2017_gakusai1-3DL__3__page0017
1436,848,1,0.8374,2357.6,1392.4,2945.3,2085.1,train,020_2018_china2,china2,koma_01969_020_2018_china2__china2__page0012
1437,3370,1,0.7535,139.0,161.2,1093.7,1281.0,train,043_2021_hero,hero,koma_03535_043_2021_hero__hero__page0069
1438,487,2,0.7052,328.3,269.2,1576.6,1659.6,train,regions_ako5ver2_koma_panels_20260729,ako_2017,koma_0124_page0048
1439,5208,1,0.383,82.6,63.0,637.8,558.7,train,011_2017_ako5,ako_2017,koma_00886_011_2017_ako5__done4__ako5-29
1440,4347,1,0.7951,40.5,522.1,667.5,1370.1,train,013_2017_gakusai1-3DL,gakusai,koma_01077_013_2017_gakusai1-3DL__1__page0027
1441,3776,1,0.8402,2231.5,27.3,2872.6,784.4,train,043_2021_hero,hero,koma_03554_043_2021_hero__hero__page0079
1442,1971,1,0.8094,505.3,904.6,1423.7,1912.3,train,042_2021_akokate,ako_2020-22,koma_03333_042_2021_akokate__akokatei__page0008
1443,2365,1,0.8234,248.6,909.4,1402.1,2082.0,train,051_2022b_4th,4th,koma_03672_051_2022b_4th__4th__page0008
1444,572,1,0.8737,950.5,122.7,1842.4,906.0,train,032_2019b_ako8,ako_2018-19,koma_02897_032_2019b_ako8__ako8__page0015
1445,4201,1,0.7611,498.2,743.1,806.7,1113.6,train,004_2016_gal,gal,koma_00152_004_2016_gal__root__page0005
1446,1802,1,0.8441,1.5,895.8,783.8,1726.8,test_series,005_2016_ng,ng,koma_00277_005_2016_ng__ng__page0006
1447,802,2,0.8009,1273.8,228.4,1999.6,1035.4,train,013_2017_gakusai1-3DL,gakusai,koma_01035_013_2017_gakusai1-3DL__1__page0017
1448,3337,2,0.7861,920.4,1678.3,1104.5,1885.0,train,regions_4th_koma_panels_20260801,4th,koma_0132_page0033
1449,3772,2,0.717,417.0,442.5,947.2,880.1,train,043_2021_hero,hero,koma_03478_043_2021_hero__hero__page0015
1450,2440,1,0.7737,1850.1,-0.3,2508.0,438.3,train,004_2016_gal,gal,koma_00182_004_2016_gal__root__page0012
1451,3073,2,0.8522,1448.3,45.1,1792.8,401.0,test_series,027_2019_ben,ben,koma_02344_027_2019_ben__ben__page0004
1452,5107,1,0.8569,25.3,1266.7,559.0,1883.8,train,015_2017_pink,pink,koma_01453_015_2017_pink__pink__page0004
1453,3198,2,0.8158,1547.4,40.4,1828.9,585.1,train,008_2016_poolsideIdle,poolsideidle,koma_00607_008_2016_poolsideIdle__poolside__page0019
1454,3701,1,0.8541,1219.3,332.4,1627.3,769.2,test_panel,021_2018_comics4,comics4,koma_02170_021_2018_comics4__underworld_underworld__page0010
1455,825,1,0.8112,1591.9,500.4,2741.0,1810.7,train,013_2017_gakusai1-3DL,gakusai,koma_01017_013_2017_gakusai1-3DL__1__page0012
1456,4203,1,0.7593,337.0,175.2,966.4,820.4,train,041_2021_akogoods,ako_2020-22,koma_03282_041_2021_akogoods__akogoods__page0052
1457,2105,1,0.8111,94.4,898.9,261.2,1120.2,test_panel,065_2024_ako3B,ako_2023-24,koma_04301_065_2024_ako3B__ako3B__page0005
1458,4550,1,0.6121,302.9,375.5,853.9,1022.5,train,051_2022b_4th,4th,koma_03709_051_2022b_4th__4th__page0021
1459,785,1,0.8121,390.5,241.9,1389.0,1248.6,test_panel,069_2024b_fitness,fitness,koma_04585_069_2024b_fitness__kurip__page0007
1460,658,2,0.8342,720.1,559.1,1531.1,1248.0,test_panel,013_2017_gakusai1-3DL,gakusai,koma_00979_013_2017_gakusai1-3DL__1__page0004
1461,1400,2,0.8095,243.5,806.2,1077.0,1708.4,train,071_2024b_kids,kids,koma_04759_071_2024b_kids__unmerged__page0010
1462,1581,1,0.7356,1090.0,630.8,1578.4,1065.0,test_series,027_2019_ben,ben,koma_02406_027_2019_ben__ben__page0016
1463,690,2,0.8166,930.7,198.0,1621.5,852.9,train,021_2018_comics4,comics4,koma_02134_021_2018_comics4__underworld_underworld__page0002
1464,2678,2,0.6717,385.2,386.1,660.4,699.9,train,056_2022b_hyoui_color,hyoui_color,koma_03979_056_2022b_hyoui_color__hyoui__page0036
1465,3226,1,0.6732,257.7,-0.5,901.2,599.2,train,021_2018_comics4,comics4,koma_02160_021_2018_comics4__underworld_underworld__page0009
1466,1958,1,0.7803,1318.9,237.0,2426.0,1236.0,train,regions_ako5ver2_koma_panels_20260729,ako_2017,koma_0161_page0062
1467,1975,1,0.7768,909.7,979.5,1118.2,1235.9,train,065_2024_ako3B,ako_2023-24,koma_04364_065_2024_ako3B__ako3B__page0019
1468,1690,2,0.7529,823.1,470.5,1381.1,1300.0,train,065_2024_ako3B,ako_2023-24,koma_04317_065_2024_ako3B__ako3B__page0007
1469,1654,1,0.8529,894.0,259.3,1316.6,661.7,train,002_2016_aljanne2,aljanne2,koma_00091_002_2016_aljanne2__aljanne2__page0020
1470,2757,1,0.8496,475.7,153.1,1216.7,891.5,test_panel,021_2018_comics4,comics4,koma_02025_021_2018_comics4__china_v2_china__page0005
1471,794,2,0.7003,-0.5,127.5,324.2,1258.9,train,004_2016_gal,gal,koma_00139_004_2016_gal__root__page0001
1472,5209,1,0.8301,499.6,461.5,631.9,601.1,train,013_2017_gakusai1-3DL,gakusai,koma_01218_013_2017_gakusai1-3DL__2__page0034
1473,3401,1,0.7717,797.7,3.1,1447.5,578.0,train,041_2021_akogoods,ako_2020-22,koma_03242_041_2021_akogoods__akogoods__page0029
1474,2449,1,0.6312,933.8,238.3,1659.4,1112.7,test_panel,013_2017_gakusai1-3DL,gakusai,koma_01328_013_2017_gakusai1-3DL__3__page0024
1475,4597,1,0.7541,-4.3,345.4,839.7,1261.2,train,019_2018_ako7,ako_2018-19,koma_01906_019_2018_ako7__ako7__page0068
1476,4140,2,0.8081,80.3,1928.4,498.9,2511.0,train,015_2017_pink,pink,koma_01437_015_2017_pink__done1__pink19
1477,1737,1,0.8487,935.2,313.8,1287.2,645.3,train,regions_ako5ver2_koma_panels_20260729,ako_2017,koma_0080_page0034
1478,3726,2,0.8148,1476.6,307.8,1914.4,786.5,train,020_2018_china2,china2,koma_01987_020_2018_china2__china2__page0023
1479,1771,3,0.8347,921.6,926.6,1219.0,1239.3,train,regions_4th_koma_panels_20260801,4th,koma_0135_page0033
1480,2342,2,0.8649,1059.0,74.2,1630.6,712.5,train,056_2022b_hyoui_color,hyoui_color,koma_03899_056_2022b_hyoui_color__hyoui__page0020
1481,400,1,0.8639,173.2,825.6,1232.9,1893.3,train,018_2018_ako6,ako_2018-19,koma_01784_018_2018_ako6__done__ako6-6
1482,1502,1,0.8099,328.2,132.2,1525.8,1372.9,train,013_2017_gakusai1-3DL,gakusai,koma_01081_013_2017_gakusai1-3DL__1__page0028
1483,4673,1,0.4906,45.4,254.6,658.8,1173.7,test_series,005_2016_ng,ng,koma_00260_005_2016_ng__ng__page0001
1484,1167,1,0.4681,572.0,316.8,806.5,569.7,train,regions_4th_koma_panels_20260801,4th,koma_0086_page0021
1485,3150,2,0.8628,236.9,287.6,752.6,811.4,train,043_2021_hero,hero,koma_03515_043_2021_hero__hero__page0057
1486,788,2,0.8703,3045.6,1805.7,3731.7,2476.1,train,011_2017_ako5,ako_2017,koma_00796_011_2017_ako5__ako5__page0076
1487,3936,1,0.7597,341.1,156.8,905.9,953.4,train,regions_4th_koma_panels_20260801,4th,koma_0041_page0009
1488,4142,1,0.7253,393.5,130.9,1222.6,908.4,train,037_2020_ako9,ako_2020-22,koma_03020_037_2020_ako9__ako9__page0036
1489,2990,1,0.5824,1755.5,595.4,1963.6,874.9,train,048_2022_akocult,ako_2020-22,koma_03637_048_2022_akocult__akocult__page0021
1490,176,2,0.8047,3628.6,2128.8,4034.7,2799.0,train,regions_ako5ver2_koma_panels_20260729,ako_2017,koma_0032_page0016
1491,4778,2,0.8306,41.0,506.0,262.8,715.6,test_panel,044_2021_nanami,nurse+nanami,koma_03569_044_2021_nanami__root__b
1492,2657,1,0.8092,171.4,1115.9,1106.3,1992.7,train,042_2021_akokate,ako_2020-22,koma_03445_042_2021_akokate__akokatei__page0064
1493,3956,2,0.3351,1153.0,182.4,2677.1,1234.6,train,019_2018_ako7,ako_2018-19,koma_01921_019_2018_ako7__ako7__page0073
1494,327,1,0.8714,1193.7,613.1,1907.3,1330.7,train,069_2024b_fitness,fitness,koma_04591_069_2024b_fitness__kurip__page0009
1495,245,2,0.8051,560.6,1174.8,790.8,1437.5,train,regions_ako5ver2_koma_panels_20260729,ako_2017,koma_0067_page0027
1496,801,3,0.8319,2932.7,467.6,4396.8,2078.9,train,056_2022b_hyoui_color,hyoui_color,koma_04001_056_2022b_hyoui_color__hyoui__page0044
1497,2687,1,0.804,1033.6,885.8,2234.2,2020.1,train,061_2023b_akocultB,ako_2023-24,koma_04099_061_2023b_akocultB__akocultB__page0023
1498,2350,1,0.8471,555.2,-0.6,1154.2,266.5,train,004_2016_gal,gal,koma_00149_004_2016_gal__root__page0004
1499,1038,1,0.7906,0.8,132.1,856.9,1086.4,test_panel,064_2024_ako3,ako_2023-24,koma_04262_064_2024_ako3__ako3__page0025
1500,3735,1,0.8619,542.6,596.5,685.3,743.1,test_series,007_2016_phantom,phantom,koma_00479_007_2016_phantom__PhantomThief__page0009
1501,2073,1,0.8154,566.6,73.1,2143.6,1429.3,train,013_2017_gakusai1-3DL,gakusai,koma_01058_013_2017_gakusai1-3DL__1__page0022
1502,3453,1,0.8725,1381.6,712.0,1897.8,1209.6,train,028_2019_fringe,fringe,koma_02478_028_2019_fringe__fringe_01__page0028
1503,2081,1,0.8173,707.8,649.5,1483.3,1529.0,train,071_2024b_kids,kids,koma_04737_071_2024b_kids__milking__page0018
1504,2978,2,0.6934,34.6,1067.3,263.2,1339.8,train,072_2024c_ako,ako_2023-24,koma_04865_072_2024c_ako__ako4__page0049
1505,3391,3,0.8567,265.1,605.4,499.8,887.5,train,021_2018_comics4,comics4,koma_02043_021_2018_comics4__china_v2_china__page0013
1506,3614,1,0.8015,509.2,451.2,790.7,710.9,test_panel,064_2024_ako3,ako_2023-24,koma_04223_064_2024_ako3__ako3__page0011
1507,2445,1,0.8344,754.7,471.7,1421.4,1180.9,test_series,010_2016_suc,suc,koma_00670_010_2016_suc__subbcubussBK__page0012
1508,4671,1,0.8486,1232.8,317.1,1619.4,689.8,train,012_2017_copy,copy,koma_00968_012_2017_copy__done__copy5
1509,2654,1,0.8036,234.5,970.0,1329.0,2075.0,train,061_2023b_akocultB,ako_2023-24,koma_04082_061_2023b_akocultB__akocultB__page0007
1510,406,1,0.8751,2391.2,16.2,3103.6,678.3,test_panel,039_2020b_ako10,ako_2020-22,koma_03068_039_2020b_ako10__aco10__page0015
1511,660,2,0.8544,543.6,315.7,1306.6,1076.7,test_series,regions_hamlabi_koma_panels_20260729,hamlabi,koma_0054_page0023
1512,545,2,0.7495,1686.3,30.1,2967.5,1622.8,train,013_2017_gakusai1-3DL,gakusai,koma_01289_013_2017_gakusai1-3DL__3__page0015
1513,2899,1,0.858,0.1,807.3,340.0,1213.1,test_series,010_2016_suc,suc,koma_00667_010_2016_suc__subbcubussBK__page0011
1514,2576,1,0.8324,530.8,371.9,1310.6,1173.6,test_panel,regions_fitness_koma_panels_20260729,fitness,koma_0011_page0004
1515,3312,2,0.6101,783.2,1226.0,1492.7,1831.3,train,030_2019_succor,succor,koma_02738_030_2019_succor__succor__page0037
1516,1260,1,0.8637,484.5,400.0,1149.3,1047.1,train,008_2016_poolsideIdle,poolsideidle,koma_00555_008_2016_poolsideIdle__poolside__page0006
1517,4647,1,0.3127,523.7,-0.6,1035.4,278.1,test_series,006_2016_pc,pc,koma_00424_006_2016_pc__works__page0011
1518,4157,2,0.7978,821.3,385.1,1284.3,907.1,train,020_2018_china2,china2,koma_01972_020_2018_china2__china2__page0013
1519,3671,1,0.8144,218.5,419.8,970.1,1132.8,train,regions_ako5ver2_koma_panels_20260729,ako_2017,koma_0024_page0012
1520,654,1,0.8528,1409.7,497.3,2702.3,1914.8,train,021_2018_comics4,comics4,koma_02009_021_2018_comics4__china_v2_china__page0003
1521,1217,1,0.8633,886.9,776.5,1705.6,1568.1,test_panel,042_2021_akokate,ako_2020-22,koma_03350_042_2021_akokate__akokatei__page0013
1522,187,2,0.8677,332.9,1046.2,972.6,1676.6,train,041_2021_akogoods,ako_2020-22,koma_03175_041_2021_akogoods__akogoods__page0010
1523,987,1,0.8367,1355.4,8.6,2198.0,873.6,test_panel,013_2017_gakusai1-3DL,gakusai,koma_01313_013_2017_gakusai1-3DL__3__page0020
1524,4986,1,0.813,117.6,634.7,661.7,1234.8,train,018_2018_ako6,ako_2018-19,koma_01824_018_2018_ako6__done4__ako6-17
1525,573,1,0.8779,1221.3,863.0,2061.9,1658.8,train,012_2017_copy,copy,koma_00948_012_2017_copy__copy__page0030
1526,1557,2,0.872,388.2,75.5,1136.5,834.9,test_series,027_2019_ben,ben,koma_02371_027_2019_ben__ben__page0009
1527,2326,2,0.7935,671.0,528.7,963.9,822.4,train,065_2024_ako3B,ako_2023-24,koma_04341_065_2024_ako3B__ako3B__page0015
1528,1419,1,0.8218,943.2,680.9,1745.3,1527.3,train,030_2019_succor,succor,koma_02693_030_2019_succor__succor__page0027
1529,3919,1,0.8779,1300.4,760.6,1643.3,1083.2,train,011_2017_ako5,ako_2017,koma_00807_011_2017_ako5__ako5__page0084
1530,2433,1,0.8595,955.2,408.1,1805.9,1341.5,test_panel,030_2019_succor,succor,koma_02753_030_2019_succor__succor__page0040
1531,518,2,0.4603,309.4,169.6,1615.1,1353.7,train,053_2022b_akocult,ako_2020-22,koma_03779_053_2022b_akocult__akocult__page0038
1532,2384,1,0.8318,337.1,301.9,1430.2,1395.4,train,039_2020b_ako10,ako_2020-22,koma_03091_039_2020b_ako10__aco10__page0021
1533,494,1,0.8431,1247.4,289.1,2248.0,1365.0,test_panel,013_2017_gakusai1-3DL,gakusai,koma_01226_013_2017_gakusai1-3DL__2__page0036
1534,149,1,0.8793,3032.6,403.0,3880.0,1412.2,train,017_2017_stoptime,stoptime,koma_01671_017_2017_stoptime__stp__page0020
1535,675,1,0.8359,1174.3,727.7,1909.1,1745.8,train,056_2022b_hyoui_color,hyoui_color,koma_03919_056_2022b_hyoui_color__hyoui__page0024
1536,2590,3,0.8265,1195.1,1656.2,1451.4,1956.5,train,071_2024b_kids,kids,koma_04760_071_2024b_kids__unmerged__page0010
1537,3891,1,0.8354,1127.0,410.0,1733.5,1029.8,train,020_2018_china2,china2,koma_01939_020_2018_china2__china2__page0005
1538,1375,1,0.8469,2179.9,266.7,2533.3,627.4,train,048_2022_akocult,ako_2020-22,koma_03624_048_2022_akocult__akocult__page0018
1539,645,2,0.8384,1122.7,498.4,1965.7,1231.9,test_panel,042_2021_akokate,ako_2020-22,koma_03386_042_2021_akokate__akokatei__page0024
1540,1580,1,0.7942,525.1,551.5,1548.8,1543.8,train,060_2023b_ako3,ako_2023-24,koma_04063_060_2023b_ako3__ako3__page0008
1541,1889,1,0.8454,3882.3,206.1,4654.3,1132.3,train,056_2022b_hyoui_color,hyoui_color,koma_03952_056_2022b_hyoui_color__hyoui__page0030
1542,132,2,0.8266,590.4,-0.5,1531.0,313.6,train,039_2020b_ako10,ako_2020-22,koma_03099_039_2020b_ako10__aco10__page0027
1543,2633,1,0.7812,201.4,400.4,1138.4,1512.4,train,041_2021_akogoods,ako_2020-22,koma_03227_041_2021_akogoods__akogoods__page0023
1544,345,2,0.7556,1285.8,576.8,1826.1,1356.1,train,064_2024_ako3,ako_2023-24,koma_04259_064_2024_ako3__ako3__page0025
1545,2149,1,0.8025,1006.8,-3.7,3152.4,1559.1,train,regions_4th_koma_panels_20260801,4th,koma_0094_page0023
1546,3878,2,0.8656,350.3,99.6,530.2,269.6,train,004_2016_gal,gal,koma_00232_004_2016_gal__gal__page0011
1547,1998,1,0.6931,427.0,388.3,1086.9,1329.1,train,regions_4th_koma_panels_20260801,4th,koma_0024_page0006
1548,985,1,0.7999,945.6,562.7,1537.6,1307.9,train,061_2023b_akocultB,ako_2023-24,koma_04150_061_2023b_akocultB__akocultB__page0041
1549,4285,1,0.7919,163.0,328.8,601.3,879.6,test_panel,051_2022b_4th,4th,koma_03751_051_2022b_4th__4th__page0034
1550,4352,1,0.6431,83.5,480.9,809.1,1307.7,train,065_2024_ako3B,ako_2023-24,koma_04306_065_2024_ako3B__ako3B__page0006
1551,1989,2,0.8455,135.3,889.2,454.4,1293.2,test_panel,021_2018_comics4,comics4,koma_02168_021_2018_comics4__underworld_underworld__page0010
1552,3093,2,0.827,654.4,562.9,1148.7,1182.6,train,030_2019_succor,succor,koma_02737_030_2019_succor__succor__page0037
1553,912,1,0.8715,3059.4,203.4,3616.5,797.0,train,056_2022b_hyoui_color,hyoui_color,koma_03930_056_2022b_hyoui_color__hyoui__page0026
1554,2607,1,0.6774,706.0,21.5,2035.1,1042.1,train,040_2020b_nurse,nurse+nanami,koma_03129_040_2020b_nurse__pumpkin__page0005
1555,5021,1,0.6039,1708.4,-2.4,2619.2,304.3,train,028_2019_fringe,fringe,koma_02485_028_2019_fringe__fringe_01__page0029
1556,1208,1,0.813,1194.4,539.9,2249.5,1749.5,train,065_2024_ako3B,ako_2023-24,koma_04398_065_2024_ako3B__ako3B__page0045
1557,334,1,0.8536,376.6,241.2,1104.9,1219.3,train,069_2024b_fitness,fitness,koma_04648_069_2024b_fitness__kurip__page0028
1558,2768,6,0.5586,1373.8,482.9,1684.2,771.0,train,030_2019_succor,succor,koma_02611_030_2019_succor__succor__page0004
1559,517,3,0.7901,1106.3,580.1,1752.3,1246.1,train,015_2017_pink,pink,koma_01432_015_2017_pink__done1__pink17
1560,1993,2,0.8457,70.1,569.6,594.9,1143.8,train,065_2024_ako3B,ako_2023-24,koma_04314_065_2024_ako3B__ako3B__page0007
1561,1080,2,0.7711,1757.5,491.3,1955.8,731.3,train,regions_ako5ver2_koma_panels_20260729,ako_2017,koma_0061_page0025
1562,2963,1,0.8007,228.9,685.3,1116.4,1577.4,test_series,005_2016_ng,ng,koma_00316_005_2016_ng__ng__page0018
1563,1166,1,0.8623,607.1,480.6,1396.7,1333.8,train,regions_ako5ver2_koma_panels_20260729,ako_2017,koma_0071_page0030
1564,4405,1,0.8331,206.3,1244.9,433.9,1502.0,train,029_2019_fringe3,fringe,koma_02513_029_2019_fringe3__fringe3__page0005
1565,1237,1,0.7858,1720.6,-0.3,2133.9,236.2,train,072_2024c_ako,ako_2023-24,koma_04875_072_2024c_ako__ako4__page0052
1566,311,1,0.8282,1379.5,211.0,2938.1,1553.3,train,004_2016_gal,gal,koma_00186_004_2016_gal__root__page0012
1567,2316,1,0.8164,271.8,480.7,1131.1,1312.2,train,003_2016_avbu,avbu,koma_00099_003_2016_avbu__avb__page0002
1568,1663,1,0.7415,2883.6,669.3,3460.2,1070.3,test_series,036_2020_UNI,uni,koma_02928_036_2020_UNI__UNI_works__page0004
1569,2434,1,0.8583,1819.6,183.9,2137.9,510.0,test_panel,regions_ako5ver2_koma_panels_20260729,ako_2017,koma_0044_page0021
1570,312,1,0.8751,227.9,557.8,1029.1,1349.0,train,064_2024_ako3,ako_2023-24,koma_04260_064_2024_ako3__ako3__page0025
1571,4153,1,0.7208,193.2,1591.0,289.3,1727.5,train,048_2022_akocult,ako_2020-22,koma_03633_048_2022_akocult__akocult__page0021
1572,3057,3,0.8398,23.8,1210.7,286.2,1592.6,train,056_2022b_hyoui_color,hyoui_color,koma_03908_056_2022b_hyoui_color__hyoui__page0022
1573,2823,1,0.859,-1.5,291.1,633.9,1074.4,test_panel,041_2021_akogoods,ako_2020-22,koma_03253_041_2021_akogoods__akogoods__page0035
1574,2436,2,0.7388,531.0,350.0,813.7,967.0,train,072_2024c_ako,ako_2023-24,koma_04905_072_2024c_ako__ako4__page0064
1575,883,2,0.8067,85.4,1848.4,1587.3,3248.0,test_panel,056_2022b_hyoui_color,hyoui_color,koma_03953_056_2022b_hyoui_color__hyoui__page0030
1576,2221,1,0.8184,572.6,372.7,1659.6,1366.1,train,039_2020b_ako10,ako_2020-22,koma_03102_039_2020b_ako10__aco10__page0028
1577,3762,1,0.8085,1878.1,245.5,3084.7,1501.9,test_series,regions_hamlabi_koma_panels_20260729,hamlabi,koma_0055_page0026
1578,882,1,0.8418,618.0,-0.6,1835.8,1023.2,train,013_2017_gakusai1-3DL,gakusai,koma_01294_013_2017_gakusai1-3DL__3__page0016
1579,4177,1,0.7,179.7,239.7,663.9,1089.1,test_series,005_2016_ng,ng,koma_00364_005_2016_ng__新しいフォルダー_n__page0010
1580,3276,1,0.8453,1151.8,345.0,1798.2,1009.6,train,013_2017_gakusai1-3DL,gakusai,koma_01275_013_2017_gakusai1-3DL__3__page0013
1581,452,2,0.878,864.0,949.2,1394.0,1465.4,train,011_2017_ako5,ako_2017,koma_00706_011_2017_ako5__ako5__page0004
1582,2739,1,0.815,1056.9,174.1,2459.5,1610.4,train,026_2019_ako7,ako_2018-19,koma_02207_026_2019_ako7__ako7__page0133
1583,633,1,0.8668,2350.9,248.3,2999.9,916.1,train,regions_fitness_koma_panels_20260729,fitness,koma_0016_page0005
1584,546,1,0.7856,944.6,813.1,1637.1,1430.2,test_series,010_2016_suc,suc,koma_00658_010_2016_suc__subbcubussBK__page0008
1585,1848,1,0.848,2722.5,357.4,3405.3,1351.5,train,043_2021_hero,hero,koma_03488_043_2021_hero__hero__page0047
1586,144,2,0.8389,1914.8,1646.2,2661.8,2512.4,train,042_2021_akokate,ako_2020-22,koma_03346_042_2021_akokate__akokatei__page0011
1587,1931,1,0.5957,264.1,1915.7,581.4,2257.8,train,042_2021_akokate,ako_2020-22,koma_03391_042_2021_akokate__akokatei__page0028
1588,676,4,0.4321,1940.3,-0.1,3012.3,728.4,train,013_2017_gakusai1-3DL,gakusai,koma_01299_013_2017_gakusai1-3DL__3__page0017
1589,1217,2,0.86,479.9,1239.4,1172.3,1881.9,test_panel,042_2021_akokate,ako_2020-22,koma_03350_042_2021_akokate__akokatei__page0013
1590,2884,1,0.8685,1317.2,321.4,1893.5,778.8,test_panel,011_2017_ako5,ako_2017,koma_00901_011_2017_ako5__done4__ako5-39
1591,1173,2,0.8363,995.1,287.1,2091.1,1408.1,train,071_2024b_kids,kids,koma_04706_071_2024b_kids__milking__page0011
1592,4782,1,0.8276,448.4,174.0,1054.8,781.7,test_panel,013_2017_gakusai1-3DL,gakusai,koma_01274_013_2017_gakusai1-3DL__3__page0011
1593,637,2,0.8479,878.4,812.6,1466.8,1454.7,train,regions_fitness_koma_panels_20260729,fitness,koma_0033_page0010
1594,63,2,0.8584,1935.5,451.3,3296.7,1521.5,train,013_2017_gakusai1-3DL,gakusai,koma_01131_013_2017_gakusai1-3DL__2__page0012
1595,2714,1,0.7952,692.8,549.3,1734.6,1752.2,train,012_2017_copy,copy,koma_00905_012_2017_copy__copy__page0013
1596,2026,1,0.8568,669.3,494.9,1239.5,1070.9,train,068_2024b_ako4,ako_2023-24,koma_04544_068_2024b_ako4__ako4__page0018
1597,2809,2,0.8034,686.0,478.7,844.9,693.1,test_panel,041_2021_akogoods,ako_2020-22,koma_03161_041_2021_akogoods__akogoods__page0007
1598,1652,1,0.835,583.5,1947.1,836.2,2215.8,test_series,007_2016_phantom,phantom,koma_00481_007_2016_phantom__PhantomThief__page0009
1599,2652,2,0.8532,200.6,1450.2,519.4,1772.1,train,071_2024b_kids,kids,koma_04700_071_2024b_kids__milking__page0010
1600,3779,1,0.8208,577.3,1027.9,1247.8,1683.3,train,061_2023b_akocultB,ako_2023-24,koma_04084_061_2023b_akocultB__akocultB__page0007
1601,2774,1,0.816,597.8,297.1,1223.8,930.1,test_series,073_2024c_mayer,mayer,koma_04973_073_2024c_mayer__mayer__page0024
1602,4428,1,0.8827,751.1,331.4,1216.9,770.6,train,041_2021_akogoods,ako_2020-22,koma_03320_041_2021_akogoods__akogoods__page0077
1603,3141,2,0.7371,253.8,535.7,396.4,798.2,train,068_2024b_ako4,ako_2023-24,koma_04514_068_2024b_ako4__ako4__page0008
1604,4967,1,0.4609,302.9,249.4,674.9,875.8,train,042_2021_akokate,ako_2020-22,koma_03394_042_2021_akokate__akokatei__page0028
1605,435,3,0.7221,487.7,2.3,1176.4,209.5,test_panel,042_2021_akokate,ako_2020-22,koma_03355_042_2021_akokate__akokatei__page0014
1606,3191,1,0.7429,723.8,1378.1,928.8,1594.9,test_panel,061_2023b_akocultB,ako_2023-24,koma_04165_061_2023b_akocultB__akocultB__page0044
1607,1186,2,0.4074,768.4,734.9,1076.2,1242.3,test_series,014_2017_kacho,kacho,koma_01379_014_2017_kacho__kacho__page0018
1608,2528,1,0.7645,286.4,549.0,1205.7,1449.3,test_series,005_2016_ng,ng,koma_00388_005_2016_ng__新しいフォルダー_n__page0020
1609,994,1,0.7795,673.5,704.9,1692.7,1943.8,train,regions_4th_koma_panels_20260801,4th,koma_0113_page0026
1610,57,4,0.6922,3639.6,5.8,4633.3,920.9,train,regions_fitness_koma_panels_20260729,fitness,koma_0037_page0012
1611,1328,1,0.8268,296.0,85.2,1477.1,1365.4,test_series,005_2016_ng,ng,koma_00330_005_2016_ng__ng__page0027
1612,1889,2,0.3411,180.7,176.5,1217.7,1277.6,train,056_2022b_hyoui_color,hyoui_color,koma_03952_056_2022b_hyoui_color__hyoui__page0030
1613,2058,1,0.859,757.5,19.3,1218.9,493.1,train,039_2020b_ako10,ako_2020-22,koma_03054_039_2020b_ako10__aco10__page0010
1614,3878,1,0.869,547.3,125.8,729.6,312.6,train,004_2016_gal,gal,koma_00232_004_2016_gal__gal__page0011
1615,4338,1,0.8146,144.3,521.0,805.7,1090.4,train,013_2017_gakusai1-3DL,gakusai,koma_01010_013_2017_gakusai1-3DL__1__page0010
1616,1574,2,0.8236,1125.5,460.7,1437.7,800.6,train,015_2017_pink,pink,koma_01521_015_2017_pink__pink__page0044
1617,5019,1,0.7103,223.5,148.7,904.6,910.2,train,011_2017_ako5,ako_2017,koma_00887_011_2017_ako5__done4__ako5-29
1618,5094,1,0.8569,25.3,1266.7,559.0,1883.8,train,015_2017_pink,pink,koma_01415_015_2017_pink__done1__pink04
1619,483,1,0.8647,501.1,4191.5,1233.7,4887.3,train,042_2021_akokate,ako_2020-22,koma_03404_042_2021_akokate__akokatei__page0030
1620,3317,1,0.5796,221.9,130.4,1178.0,968.7,train,037_2020_ako9,ako_2020-22,koma_03008_037_2020_ako9__ako9__page0034
1621,4751,1,0.8668,276.4,291.3,511.3,530.8,train,030_2019_succor,succor,koma_02610_030_2019_succor__succor__page0004
1622,1709,1,0.8108,1573.7,-5.2,2377.1,837.6,train,065_2024_ako3B,ako_2023-24,koma_04396_065_2024_ako3B__ako3B__page0043
1623,1476,2,0.7995,834.9,527.8,1077.9,822.1,train,030_2019_succor,succor,koma_02646_030_2019_succor__succor__page0011
1624,3249,1,0.8527,1283.6,174.7,1635.2,496.2,test_series,regions_hamlabi_koma_panels_20260729,hamlabi,koma_0045_page0020
1625,4297,1,0.8445,743.1,1082.5,1302.5,1652.1,train,043_2021_hero,hero,koma_03556_043_2021_hero__hero__page0079
1626,643,1,0.8645,548.7,593.2,1404.6,1498.1,train,013_2017_gakusai1-3DL,gakusai,koma_01337_013_2017_gakusai1-3DL__3__page0028
1627,3077,1,0.8059,1140.7,24.4,2519.8,927.9,train,regions_ako5ver2_koma_panels_20260729,ako_2017,koma_0079_page0034
1628,2084,2,0.6987,2551.9,1208.8,3297.6,1459.9,train,049_2022_akogoods,ako_2020-22,koma_03644_049_2022_akogoods__akogoods__page0074
1629,3262,1,0.8374,216.0,300.4,774.1,796.0,train,026_2019_ako7,ako_2018-19,koma_02248_026_2019_ako7__ako7__page0169
1630,4054,1,0.8567,1177.9,483.1,1427.8,740.0,train,016_2017_running,running,koma_01537_016_2017_running__done__running08
1631,2871,1,0.7664,346.4,263.5,785.5,691.6,test_panel,064_2024_ako3,ako_2023-24,koma_04234_064_2024_ako3__ako3__page0016
1632,705,1,0.8276,443.8,640.1,1090.2,1507.3,train,004_2016_gal,gal,koma_00162_004_2016_gal__root__page0007
1633,188,1,0.865,892.0,719.9,1884.6,1714.5,test_panel,018_2018_ako6,ako_2018-19,koma_01749_018_2018_ako6__ako6__page0117
1634,4157,1,0.8426,466.2,306.2,820.3,742.8,train,020_2018_china2,china2,koma_01972_020_2018_china2__china2__page0013
1635,747,1,0.8599,1284.4,850.5,2419.0,1933.5,train,regions_ako5ver2_koma_panels_20260729,ako_2017,koma_0103_page0042
1636,4654,1,0.8718,293.3,291.5,562.5,549.6,test_series,007_2016_phantom,phantom,koma_00478_007_2016_phantom__PhantomThief__page0009
1637,3092,2,0.5492,1158.2,17.7,1675.9,497.9,train,021_2018_comics4,comics4,koma_02078_021_2018_comics4__mars_v2_mars_manuscript__page0006
1638,2103,1,0.8505,1005.5,263.0,1499.9,819.9,train,071_2024b_kids,kids,koma_04694_071_2024b_kids__milking__page0009
1639,1597,1,0.6295,386.5,172.1,2143.7,1546.0,train,043_2021_hero,hero,koma_03480_043_2021_hero__hero__page0015
1640,1521,1,0.6463,897.0,330.3,1055.8,513.5,train,072_2024c_ako,ako_2023-24,koma_04786_072_2024c_ako__ako4__page0017
1641,3007,1,0.8715,545.8,279.2,1265.0,947.7,test_series,027_2019_ben,ben,koma_02328_027_2019_ben__ben__page0001
1642,4562,1,0.7322,490.4,7.0,1151.1,660.5,train,004_2016_gal,gal,koma_00148_004_2016_gal__root__page0004
1643,3711,1,0.7895,228.5,498.4,1009.5,1403.1,train,029_2019_fringe3,fringe,koma_02525_029_2019_fringe3__fringe3__page0009
1644,3533,2,0.8077,1013.8,671.1,1211.0,934.9,train,regions_ako5ver2_koma_panels_20260729,ako_2017,koma_0017_page0008
1645,3299,1,0.8718,1156.7,1.3,1614.3,444.9,train,012_2017_copy,copy,koma_00936_012_2017_copy__copy__page0026
1646,268,1,0.8642,239.5,1085.2,1942.1,2577.8,train,013_2017_gakusai1-3DL,gakusai,koma_01050_013_2017_gakusai1-3DL__1__page0021
1647,1228,4,0.3544,896.0,457.3,1078.9,671.2,test_panel,regions_4th_koma_panels_20260801,4th,koma_0055_page0014
1648,4555,1,0.7762,209.9,302.8,849.9,986.3,train,051_2022b_4th,4th,koma_03708_051_2022b_4th__4th__page0021
1649,4093,1,0.8625,835.1,342.8,1288.0,761.7,train,012_2017_copy,copy,koma_00912_012_2017_copy__copy__page0016
1650,22,4,0.7667,3321.1,2535.3,4079.6,3394.0,train,018_2018_ako6,ako_2018-19,koma_01676_018_2018_ako6__ako6__page0030
1651,820,1,0.8475,209.2,621.9,804.9,1274.1,test_series,010_2016_suc,suc,koma_00641_010_2016_suc__subbcubussBK__page0002
1652,3861,3,0.7671,348.8,484.8,546.6,805.1,test_panel,021_2018_comics4,comics4,koma_02079_021_2018_comics4__mars_v2_mars_manuscript__page0006
1653,1813,1,0.7915,512.0,-0.7,1345.1,255.8,test_series,005_2016_ng,ng,koma_00382_005_2016_ng__新しいフォルダー_n__page0017
1654,167,7,0.785,896.0,2017.4,1226.2,2422.2,train,032_2019b_ako8,ako_2018-19,koma_02900_032_2019b_ako8__ako8__page0018
1655,3475,1,0.4022,-0.6,768.2,643.5,1524.8,train,015_2017_pink,pink,koma_01459_015_2017_pink__pink__page0014
1656,3037,2,0.8509,257.8,230.9,729.0,689.5,test_panel,018_2018_ako6,ako_2018-19,koma_01823_018_2018_ako6__done4__ako6-14
1657,905,1,0.6952,388.1,2456.8,725.9,2741.0,train,029_2019_fringe3,fringe,koma_02605_029_2019_fringe3__fringe3__page0024
1658,2553,2,0.7602,-0.3,66.4,530.5,820.9,test_panel,016_2017_running,running,koma_01567_016_2017_running__running__page0026
1659,3979,1,0.7999,1122.2,352.6,1899.5,1135.4,train,037_2020_ako9,ako_2020-22,koma_03021_037_2020_ako9__ako9__page0036
1660,3026,1,0.7041,221.9,556.8,966.7,1499.1,test_panel,004_2016_gal,gal,koma_00216_004_2016_gal__gal__page0006
1661,4518,1,0.8328,868.0,41.4,1531.1,681.0,train,028_2019_fringe,fringe,koma_02474_028_2019_fringe__fringe_01__page0025
1662,338,1,0.823,2805.8,6.8,3706.4,641.3,train,016_2017_running,running,koma_01606_016_2017_running__running__page0040
1663,8,3,0.8107,500.2,827.3,961.1,1337.3,train,013_2017_gakusai1-3DL,gakusai,koma_01176_013_2017_gakusai1-3DL__2__page0023
1664,1875,1,0.7717,363.2,279.0,1768.5,1596.7,train,013_2017_gakusai1-3DL,gakusai,koma_01151_013_2017_gakusai1-3DL__2__page0018
1665,4303,1,0.8019,148.3,379.8,842.6,1022.8,train,039_2020b_ako10,ako_2020-22,koma_03086_039_2020b_ako10__aco10__page0020
1666,4844,2,0.8095,230.0,613.2,543.4,929.5,train,017_2017_stoptime,stoptime,koma_01665_017_2017_stoptime__stp__page0016
1667,1766,1,0.8313,1804.9,4.1,2674.1,570.5,train,044_2021_nanami,nurse+nanami,koma_03563_044_2021_nanami__root__a
1668,3893,2,0.7891,909.1,304.4,1554.2,974.1,train,037_2020_ako9,ako_2020-22,koma_02969_037_2020_ako9__ako9__page0021
1669,732,2,0.8717,115.2,324.5,750.0,911.4,test_series,014_2017_kacho,kacho,koma_01409_014_2017_kacho__kacho__page0041
1670,3940,1,0.8115,760.7,607.5,1219.1,1102.0,train,068_2024b_ako4,ako_2023-24,koma_04503_068_2024b_ako4__ako4__page0006
1671,1076,2,0.7794,861.2,180.5,1165.1,483.7,train,030_2019_succor,succor,koma_02609_030_2019_succor__succor__page0004
1672,3467,1,0.8528,2026.5,87.0,2831.6,920.3,train,030_2019_succor,succor,koma_02675_030_2019_succor__succor__page0021
1673,3004,1,0.6287,461.5,35.0,1550.0,1206.3,train,016_2017_running,running,koma_01599_016_2017_running__running__page0036
1674,3914,2,0.8442,1014.1,298.7,1343.3,728.9,test_series,007_2016_phantom,phantom,koma_00505_007_2016_phantom__PhantomThief__page0020
1675,4084,1,0.7702,341.3,327.9,924.6,1039.2,train,065_2024_ako3B,ako_2023-24,koma_04344_065_2024_ako3B__ako3B__page0016
1676,1973,1,0.8581,522.5,1145.5,1033.1,1659.8,test_panel,037_2020_ako9,ako_2020-22,koma_02994_037_2020_ako9__ako9__page0029
1677,4784,1,0.7723,500.9,5.2,1196.6,408.1,train,011_2017_ako5,ako_2017,koma_00749_011_2017_ako5__ako5__page0052
1678,3184,2,0.8269,1007.7,116.6,1285.2,493.7,train,regions_ako5ver2_koma_panels_20260729,ako_2017,koma_0165_page0064
1679,1864,1,0.8394,842.3,-3.7,2161.8,696.6,test_panel,002_2016_aljanne2,aljanne2,koma_00073_002_2016_aljanne2__aljanne2__page0014
1680,1621,2,0.5854,462.2,1242.5,1142.9,1563.7,test_series,005_2016_ng,ng,koma_00386_005_2016_ng__新しいフォルダー_n__page0018
1681,3289,1,0.8558,322.3,373.0,853.7,853.6,train,020_2018_china2,china2,koma_01999_020_2018_china2__china2__page0026
1682,4827,1,0.8559,945.3,113.3,1284.1,447.1,train,041_2021_akogoods,ako_2020-22,koma_03198_041_2021_akogoods__akogoods__page0016
1683,528,1,0.826,482.4,976.9,1072.3,1716.3,train,regions_fitness_koma_panels_20260729,fitness,koma_0098_page0033
1684,631,2,0.8636,1129.2,985.4,1905.7,1732.2,train,039_2020b_ako10,ako_2020-22,koma_03078_039_2020b_ako10__aco10__page0018
1685,3099,1,0.7888,726.8,712.8,1169.4,1122.9,train,037_2020_ako9,ako_2020-22,koma_02957_037_2020_ako9__ako9__page0019
1686,172,1,0.8739,1301.9,846.8,2156.6,1666.5,train,042_2021_akokate,ako_2020-22,koma_03411_042_2021_akokate__akokatei__page0037
1687,3816,1,0.8481,301.5,988.4,1051.4,1756.6,train,037_2020_ako9,ako_2020-22,koma_03017_037_2020_ako9__ako9__page0036
1688,4589,1,0.846,1444.6,358.6,1685.8,621.2,train,013_2017_gakusai1-3DL,gakusai,koma_01269_013_2017_gakusai1-3DL__3__page0010
1689,2168,1,0.8575,434.6,578.8,1274.2,1341.5,train,011_2017_ako5,ako_2017,koma_00874_011_2017_ako5__done4__ako5-25
1690,3069,2,0.8645,751.4,545.3,1057.8,1004.3,test_panel,056_2022b_hyoui_color,hyoui_color,koma_03937_056_2022b_hyoui_color__hyoui__page0028
1691,2506,1,0.8334,1077.2,163.5,1509.9,492.6,train,008_2016_poolsideIdle,poolsideidle,koma_00552_008_2016_poolsideIdle__poolside__page0005
1692,800,2,0.8273,342.7,330.3,1482.7,1312.3,train,regions_ako5ver2_koma_panels_20260729,ako_2017,koma_0069_page0027
1693,478,1,0.8614,593.0,1065.0,1303.6,1836.8,train,011_2017_ako5,ako_2017,koma_00711_011_2017_ako5__ako5__page0010
1694,5196,1,0.8514,723.5,337.8,1174.9,793.8,train,018_2018_ako6,ako_2018-19,koma_01816_018_2018_ako6__done3__ako6-26
1695,2584,1,0.8468,363.3,117.3,1107.6,865.0,train,018_2018_ako6,ako_2018-19,koma_01753_018_2018_ako6__ako6__page0118
1696,43,5,0.7717,1226.5,1133.7,1644.3,1519.3,train,018_2018_ako6,ako_2018-19,koma_01884_018_2018_ako6__done8__ako6-39
1697,429,1,0.8645,1950.0,342.5,2817.1,1183.0,train,048_2022_akocult,ako_2020-22,koma_03618_048_2022_akocult__akocult__page0015
1698,4762,1,0.7767,224.6,333.1,839.1,1425.3,train,011_2017_ako5,ako_2017,koma_00733_011_2017_ako5__ako5__page0043
1699,2425,1,0.8297,549.2,404.5,1097.4,959.5,train,013_2017_gakusai1-3DL,gakusai,koma_01202_013_2017_gakusai1-3DL__2__page0030
1700,4096,1,0.7538,79.3,304.2,589.0,954.5,train,043_2021_hero,hero,koma_03476_043_2021_hero__hero__page0014
1701,181,1,0.862,698.9,665.4,1681.7,1641.4,train,regions_fitness_koma_panels_20260729,fitness,koma_0081_page0027
1702,4554,1,0.8116,995.5,-4.6,1828.1,704.7,train,regions_ako5ver2_koma_panels_20260729,ako_2017,koma_0140_page0051
1703,3415,1,0.803,586.1,210.2,1305.6,1015.6,train,069_2024b_fitness,fitness,koma_04613_069_2024b_fitness__kurip__page0016
1704,4574,1,0.8051,1538.6,257.2,2264.5,826.0,train,013_2017_gakusai1-3DL,gakusai,koma_01032_013_2017_gakusai1-3DL__1__page0015
1705,3509,1,0.7786,2826.4,646.9,3541.4,1228.5,train,026_2019_ako7,ako_2018-19,koma_02194_026_2019_ako7__ako7__page0073
1706,846,1,0.8523,364.1,750.4,1326.7,1759.3,train,052_2022b_ako10,ako_2020-22,koma_03759_052_2022b_ako10__aco10__page0035
1707,2715,1,0.7615,1683.8,3.3,2219.4,629.1,test_series,007_2016_phantom,phantom,koma_00535_007_2016_phantom__tmp__PhantomThief
1708,3114,1,0.8264,845.8,299.2,1098.8,625.7,train,068_2024b_ako4,ako_2023-24,koma_04541_068_2024b_ako4__ako4__page0017
1709,3072,1,0.8339,1587.1,277.5,2147.2,763.8,train,029_2019_fringe3,fringe,koma_02573_029_2019_fringe3__fringe3__page0017
1710,1286,1,0.4791,1385.1,160.4,1684.4,469.0,train,065_2024_ako3B,ako_2023-24,koma_04413_065_2024_ako3B__ako3B__page0050
1711,3571,1,0.8467,2570.1,388.3,2839.0,791.5,train,068_2024b_ako4,ako_2023-24,koma_04532_068_2024b_ako4__ako4__page0015
1712,1087,2,0.7526,546.1,451.0,973.9,833.5,test_panel,004_2016_gal,gal,koma_00180_004_2016_gal__root__page0011
1713,1744,1,0.8018,204.9,715.2,502.4,1111.8,train,047_2022_4th,4th,koma_03594_047_2022_4th__4th__page0013
1714,1451,1,0.6882,59.1,997.8,1400.1,2301.4,train,regions_4th_koma_panels_20260801,4th,koma_0069_page0017
1715,3965,1,0.6517,219.9,341.5,986.2,1150.4,test_series,027_2019_ben,ben,koma_02338_027_2019_ben__ben__page0003
1716,4649,3,0.835,388.0,248.4,538.6,409.9,train,011_2017_ako5,ako_2017,koma_00841_011_2017_ako5__done2__ako5-6 (1)
1717,4877,1,0.795,0.2,57.6,760.4,1063.1,train,028_2019_fringe,fringe,koma_02446_028_2019_fringe__fringe_01__page0015
1718,1218,1,0.8242,1243.9,246.0,1907.0,1173.8,train,072_2024c_ako,ako_2023-24,koma_04893_072_2024c_ako__ako4__page0056
1719,2480,2,0.7232,2192.3,303.1,2333.4,463.0,train,regions_ako5ver2_koma_panels_20260729,ako_2017,koma_0018_page0008
1720,3938,1,0.7882,1519.3,15.4,3070.3,893.2,train,048_2022_akocult,ako_2020-22,koma_03614_048_2022_akocult__akocult__page0014
1721,924,2,0.71,8.8,1289.3,1097.0,2104.9,train,059_2023b_4th,4th,koma_04045_059_2023b_4th__4th__page0031
1722,1338,2,0.8362,1062.8,773.7,1368.8,1239.0,train,042_2021_akokate,ako_2020-22,koma_03339_042_2021_akokate__akokatei__page0009
1723,3416,2,0.662,67.0,1022.6,165.9,1169.7,test_panel,068_2024b_ako4,ako_2023-24,koma_04490_068_2024b_ako4__ako4__page0003
1724,2681,2,0.872,1444.8,324.6,1928.4,828.2,test_panel,061_2023b_akocultB,ako_2023-24,koma_04163_061_2023b_akocultB__akocultB__page0044
1725,181,2,0.8108,1429.4,0.4,2374.1,632.7,train,regions_fitness_koma_panels_20260729,fitness,koma_0081_page0027
1726,1951,1,0.8211,945.8,94.5,2374.5,1128.3,test_series,014_2017_kacho,kacho,koma_01365_014_2017_kacho__done2__kacho13
1727,3066,1,0.6936,231.7,123.3,1220.4,1162.8,test_series,010_2016_suc,suc,koma_00702_010_2016_suc__subbcubussBK__page0034
1728,4340,1,0.6891,253.8,348.3,868.7,983.2,train,072_2024c_ako,ako_2023-24,koma_04773_072_2024c_ako__ako4__page0004
1729,1893,1,0.8474,-0.7,375.7,524.0,1193.9,train,030_2019_succor,succor,koma_02786_030_2019_succor__succor__page0048
1730,4408,2,0.6444,886.0,683.7,1101.7,936.3,train,043_2021_hero,hero,koma_03545_043_2021_hero__hero__page0078
1731,1833,1,0.597,433.2,751.3,732.2,1031.4,test_series,005_2016_ng,ng,koma_00308_005_2016_ng__ng__page0015
1732,1673,1,0.8793,1255.4,921.0,2134.2,1782.0,train,032_2019b_ako8,ako_2018-19,koma_02896_032_2019b_ako8__ako8__page0015
1733,88,2,0.8365,1176.2,579.9,1529.2,958.0,train,003_2016_avbu,avbu,koma_00106_003_2016_avbu__avb__page0004
1734,2277,2,0.7848,422.4,871.6,774.7,1211.3,train,068_2024b_ako4,ako_2023-24,koma_04500_068_2024b_ako4__ako4__page0004
1735,2088,1,0.6314,549.8,-14.5,2248.5,1888.0,train,019_2018_ako7,ako_2018-19,koma_01904_019_2018_ako7__ako7__page0067
1736,3503,2,0.8393,454.5,1347.9,826.5,1718.0,test_panel,021_2018_comics4,comics4,koma_02069_021_2018_comics4__mars_v2_mars_manuscript__page0004
1737,230,1,0.8346,1295.8,401.9,2803.6,1857.2,test_series,005_2016_ng,ng,koma_00336_005_2016_ng__新しいフォルダー_n__page0002
1738,2748,1,0.844,1144.5,118.0,1459.7,472.3,train,021_2018_comics4,comics4,koma_02062_021_2018_comics4__mars_v2_mars_manuscript__page0003
1739,2305,1,0.8235,249.9,909.5,1401.4,2085.6,train,047_2022_4th,4th,koma_03586_047_2022_4th__4th__page0008
1740,1671,1,0.8519,1202.7,587.3,1934.1,1258.9,test_series,005_2016_ng,ng,koma_00342_005_2016_ng__新しいフォルダー_n__page0004
1741,3925,1,0.7207,204.1,9.5,1117.8,983.1,train,002_2016_aljanne2,aljanne2,koma_00041_002_2016_aljanne2__aljanne2__page0005
1742,4778,1,0.8593,479.0,164.8,779.8,459.6,test_panel,044_2021_nanami,nurse+nanami,koma_03569_044_2021_nanami__root__b
1743,409,1,0.8004,1589.3,767.0,3180.6,2480.6,test_series,073_2024c_mayer,mayer,koma_04986_073_2024c_mayer__mayer__page0028
1744,916,3,0.845,2725.7,145.6,3677.5,1134.3,train,026_2019_ako7,ako_2018-19,koma_02213_026_2019_ako7__ako7__page0138
1745,1569,1,0.8114,-4.0,1218.7,1203.9,2716.5,test_series,014_2017_kacho,kacho,koma_01366_014_2017_kacho__done2__kacho14
1746,2995,1,0.8665,812.2,183.7,1078.4,439.6,test_panel,008_2016_poolsideIdle,poolsideidle,koma_00559_008_2016_poolsideIdle__poolside__page0007
1747,638,2,0.803,910.9,4.4,1878.7,637.4,train,018_2018_ako6,ako_2018-19,koma_01734_018_2018_ako6__ako6__page0111
1748,3180,2,0.8453,314.6,1155.4,656.0,1492.6,train,004_2016_gal,gal,koma_00158_004_2016_gal__root__page0006
1749,338,2,0.8149,426.6,256.4,1287.7,1180.1,train,016_2017_running,running,koma_01606_016_2017_running__running__page0040
1750,3907,1,0.8448,166.4,270.8,682.0,782.5,test_panel,regions_ako5ver2_koma_panels_20260729,ako_2017,koma_0117_page0047
1751,3391,2,0.8618,636.7,562.6,941.4,902.9,train,021_2018_comics4,comics4,koma_02043_021_2018_comics4__china_v2_china__page0013
1752,2945,1,0.7825,1073.6,212.9,2366.8,1700.2,train,regions_ako5ver2_koma_panels_20260729,ako_2017,koma_0163_page0062
1753,961,2,0.7367,1281.4,887.9,1633.1,1339.9,test_panel,regions_gakuen_koma_panels_20260729,gakuen,koma_0024_page0008
1754,1542,2,0.807,1359.2,564.1,2124.7,1505.6,test_panel,056_2022b_hyoui_color,hyoui_color,koma_03932_056_2022b_hyoui_color__hyoui__page0027
1755,1776,1,0.8109,678.9,992.9,1785.0,2119.2,train,regions_4th_koma_panels_20260801,4th,koma_0026_page0007
1756,498,5,0.3516,1622.6,1007.9,1944.1,1342.9,train,011_2017_ako5,ako_2017,koma_00766_011_2017_ako5__ako5__page0066
1757,4537,1,0.8361,2073.7,75.8,2356.3,350.9,train,011_2017_ako5,ako_2017,koma_00751_011_2017_ako5__ako5__page0052
1758,1275,2,0.4245,545.3,-16.0,1492.9,1417.7,test_series,073_2024c_mayer,mayer,koma_04929_073_2024c_mayer__mayer__page0008
1759,274,1,0.847,1895.3,566.1,2347.3,1039.0,train,051_2022b_4th,4th,koma_03665_051_2022b_4th__4th__page0006
1760,1390,1,0.8686,1401.6,280.7,1758.9,650.4,train,026_2019_ako7,ako_2018-19,koma_02212_026_2019_ako7__ako7__page0134
1761,3335,2,0.7919,1244.0,497.8,1822.4,1205.0,test_panel,015_2017_pink,pink,koma_01511_015_2017_pink__pink__page0040
1762,4239,1,0.815,403.9,243.2,858.0,739.3,train,008_2016_poolsideIdle,poolsideidle,koma_00586_008_2016_poolsideIdle__poolside__page0013
1763,3986,2,0.6694,745.0,98.8,866.3,227.5,train,026_2019_ako7,ako_2018-19,koma_02223_026_2019_ako7__ako7__page0150
1764,2195,1,0.887,552.8,1081.8,1096.8,1608.1,train,039_2020b_ako10,ako_2020-22,koma_03081_039_2020b_ako10__aco10__page0020
1765,3640,1,0.7654,518.4,678.5,1182.6,1373.6,train,072_2024c_ako,ako_2023-24,koma_04862_072_2024c_ako__ako4__page0048
1766,2186,1,0.8633,906.0,553.1,1208.6,867.6,test_series,010_2016_suc,suc,koma_00689_010_2016_suc__subbcubussBK__page0020
1767,215,3,0.8643,2226.0,154.5,2850.4,895.2,test_panel,015_2017_pink,pink,koma_01498_015_2017_pink__pink__page0036
1768,1917,1,0.3533,1204.1,1354.4,1449.7,1541.1,test_series,regions_hamlabi_koma_panels_20260729,hamlabi,koma_0014_page0009
1769,3001,1,0.8266,1067.5,67.6,1550.3,702.9,test_series,005_2016_ng,ng,koma_00267_005_2016_ng__ng__page0003
1770,1879,1,0.3292,472.0,2662.0,615.1,2911.9,train,regions_4th_koma_panels_20260801,4th,koma_0106_page0025
1771,493,2,0.664,3163.6,357.5,3663.0,872.0,test_panel,039_2020b_ako10,ako_2020-22,koma_03049_039_2020b_ako10__aco10__page0008
1772,834,2,0.8483,2661.3,-1.7,3669.9,953.6,train,042_2021_akokate,ako_2020-22,koma_03356_042_2021_akokate__akokatei__page0014
1773,372,2,0.5382,1730.0,288.2,2564.3,1872.2,train,016_2017_running,running,koma_01542_016_2017_running__done__running11
1774,4137,1,0.7547,902.1,428.3,1068.7,592.5,test_panel,029_2019_fringe3,fringe,koma_02520_029_2019_fringe3__fringe3__page0007
1775,777,1,0.8331,443.5,-1.7,1587.0,987.7,train,021_2018_comics4,comics4,koma_02085_021_2018_comics4__mars_v2_mars_manuscript__page0007
1776,1690,1,0.8326,149.5,1045.3,779.3,1772.8,train,065_2024_ako3B,ako_2023-24,koma_04317_065_2024_ako3B__ako3B__page0007
1777,1074,2,0.6125,1866.1,0.8,2601.4,302.2,train,015_2017_pink,pink,koma_01426_015_2017_pink__done1__pink14
1778,1631,1,0.8037,19.6,1682.3,629.0,2393.7,train,056_2022b_hyoui_color,hyoui_color,koma_03964_056_2022b_hyoui_color__hyoui__page0033
1779,1816,1,0.8527,1909.8,52.0,2491.1,637.2,train,016_2017_running,running,koma_01564_016_2017_running__running__page0025
1780,1532,1,0.7535,844.7,1259.5,1042.2,1449.4,train,048_2022_akocult,ako_2020-22,koma_03612_048_2022_akocult__akocult__page0014
1781,232,1,0.8626,616.7,708.3,1424.7,1450.4,test_series,027_2019_ben,ben,koma_02345_027_2019_ben__ben__page0004
1782,1352,1,0.8643,2121.4,326.2,2438.2,616.8,train,017_2017_stoptime,stoptime,koma_01624_017_2017_stoptime__stp__page0005
1783,577,1,0.8794,979.8,46.7,1879.8,808.5,test_series,027_2019_ben,ben,koma_02349_027_2019_ben__ben__page0005
1784,1056,1,0.8756,145.2,760.2,1073.6,1619.2,train,018_2018_ako6,ako_2018-19,koma_01698_018_2018_ako6__ako6__page0055
1785,3106,1,0.8285,925.9,579.7,1196.5,893.7,train,030_2019_succor,succor,koma_02626_030_2019_succor__succor__page0006
1786,749,3,0.8319,669.8,1004.5,1113.4,1435.3,test_panel,015_2017_pink,pink,koma_01440_015_2017_pink__done1__pink20
1787,2100,2,0.5575,210.6,2855.7,1185.5,3842.2,test_panel,030_2019_succor,succor,koma_02684_030_2019_succor__succor__page0025
1788,500,1,0.8806,3058.0,328.0,3699.2,910.7,train,015_2017_pink,pink,koma_01516_015_2017_pink__pink__page0042
1789,3386,2,0.8264,256.0,218.5,1426.0,1365.6,train,011_2017_ako5,ako_2017,koma_00806_011_2017_ako5__ako5__page0084
1790,3921,1,0.8729,262.6,553.2,585.8,851.1,test_panel,016_2017_running,running,koma_01555_016_2017_running__done__running5_aname
1791,2143,1,0.8629,937.2,654.0,1408.8,1104.1,train,008_2016_poolsideIdle,poolsideidle,koma_00604_008_2016_poolsideIdle__poolside__page0019
1792,1400,1,0.8106,1744.3,96.2,2612.7,1098.9,train,071_2024b_kids,kids,koma_04759_071_2024b_kids__unmerged__page0010
1793,3058,1,0.7099,13.4,329.5,1122.9,2029.0,train,011_2017_ako5,ako_2017,koma_00788_011_2017_ako5__ako5__page0073
1794,4265,1,0.8491,286.7,381.7,761.8,852.6,train,018_2018_ako6,ako_2018-19,koma_01707_018_2018_ako6__ako6__page0058
1795,948,1,0.7874,844.6,412.7,1995.3,1451.5,test_series,073_2024c_mayer,mayer,koma_04922_073_2024c_mayer__mayer__page0006
1796,1503,2,0.7609,577.9,756.7,1633.8,2053.1,train,018_2018_ako6,ako_2018-19,koma_01731_018_2018_ako6__ako6__page0111
1797,2768,5,0.7438,1057.7,3.0,1347.1,236.8,train,030_2019_succor,succor,koma_02611_030_2019_succor__succor__page0004
1798,3330,1,0.8011,557.6,14.4,1584.5,1448.9,train,020_2018_china2,china2,koma_01988_020_2018_china2__china2__page0024
1799,2893,1,0.6625,3.3,176.9,936.7,1020.0,test_series,007_2016_phantom,phantom,koma_00527_007_2016_phantom__PhantomThief__page0031
1800,307,2,0.7531,949.4,408.3,1493.5,948.3,train,021_2018_comics4,comics4,koma_02139_021_2018_comics4__underworld_underworld__page0003
1801,630,1,0.8618,2954.6,330.7,3491.5,889.0,train,065_2024_ako3B,ako_2023-24,koma_04350_065_2024_ako3B__ako3B__page0016
1802,3110,1,0.4355,354.9,372.4,1237.1,1248.0,train,029_2019_fringe3,fringe,koma_02599_029_2019_fringe3__fringe3__page0022
1803,444,1,0.8656,406.2,778.0,1267.2,1646.6,train,regions_gakuen_koma_panels_20260729,gakuen,koma_0035_page0012
1804,121,1,0.8661,1390.6,2.6,2211.7,502.4,test_panel,061_2023b_akocultB,ako_2023-24,koma_04151_061_2023b_akocultB__akocultB__page0041
1805,1633,1,0.864,428.3,528.8,1263.8,1482.1,train,061_2023b_akocultB,ako_2023-24,koma_04083_061_2023b_akocultB__akocultB__page0007
1806,4244,1,0.7025,166.9,59.2,917.0,753.0,test_panel,041_2021_akogoods,ako_2020-22,koma_03184_041_2021_akogoods__akogoods__page0012
1807,4486,2,0.862,872.6,321.5,1035.7,496.9,train,011_2017_ako5,ako_2017,koma_00753_011_2017_ako5__ako5__page0052
1808,538,2,0.4345,2324.6,333.6,2833.7,1045.2,train,053_2022b_akocult,ako_2020-22,koma_03780_053_2022b_akocult__akocult__page0038
1809,4217,2,0.8229,179.5,120.3,510.5,517.0,train,013_2017_gakusai1-3DL,gakusai,koma_01198_013_2017_gakusai1-3DL__2__page0030
1810,2980,1,0.7901,301.6,437.9,1326.1,1422.9,train,043_2021_hero,hero,koma_03493_043_2021_hero__hero__page0047
1811,1238,1,0.8765,2615.3,798.6,3551.3,1464.5,test_panel,021_2018_comics4,comics4,koma_02066_021_2018_comics4__mars_v2_mars_manuscript__page0004
1812,437,1,0.8693,705.5,621.9,1754.6,1569.8,test_panel,013_2017_gakusai1-3DL,gakusai,koma_01059_013_2017_gakusai1-3DL__1__page0023
1813,4152,1,0.7468,238.5,322.2,778.4,972.8,test_series,073_2024c_mayer,mayer,koma_04966_073_2024c_mayer__mayer__page0022
1814,3550,1,0.8759,996.4,132.7,1359.1,506.6,train,013_2017_gakusai1-3DL,gakusai,koma_01281_013_2017_gakusai1-3DL__3__page0013
1815,4495,3,0.8462,334.0,127.5,511.2,359.6,train,018_2018_ako6,ako_2018-19,koma_01712_018_2018_ako6__ako6__page0058
1816,549,1,0.8187,2975.9,244.9,3562.9,1004.3,train,042_2021_akokate,ako_2020-22,koma_03360_042_2021_akokate__akokatei__page0015
1817,3711,2,0.7689,1007.5,677.3,2060.0,1562.6,train,029_2019_fringe3,fringe,koma_02525_029_2019_fringe3__fringe3__page0009
1818,858,1,0.8717,1231.2,414.0,2103.2,1272.6,test_panel,011_2017_ako5,ako_2017,koma_00868_011_2017_ako5__done4__ako5-23
1819,866,1,0.8613,1563.0,15.0,2321.9,670.7,train,020_2018_china2,china2,koma_01945_020_2018_china2__china2__page0006
1820,1177,2,0.6867,220.2,476.6,1001.7,1424.1,test_series,005_2016_ng,ng,koma_00379_005_2016_ng__新しいフォルダー_n__page0016
1821,4486,3,0.8314,388.0,248.2,538.6,409.7,train,011_2017_ako5,ako_2017,koma_00753_011_2017_ako5__ako5__page0052
1822,2706,1,0.8618,721.9,316.9,1052.8,644.3,test_series,027_2019_ben,ben,koma_02367_027_2019_ben__ben__page0008
1823,266,1,0.8581,1619.0,1012.9,2437.3,1943.9,train,041_2021_akogoods,ako_2020-22,koma_03145_041_2021_akogoods__akogoods__page0005
1824,4592,1,0.8379,1012.3,3.5,1532.7,450.0,test_series,027_2019_ben,ben,koma_02348_027_2019_ben__ben__page0005
1825,1089,2,0.8098,3270.7,76.6,3933.3,1094.7,train,016_2017_running,running,koma_01550_016_2017_running__done__running20
1826,1869,2,0.8793,1373.5,511.9,1755.6,879.7,test_panel,039_2020b_ako10,ako_2020-22,koma_03082_039_2020b_ako10__aco10__page0020
1827,244,2,0.5137,2366.2,412.1,3736.3,1994.4,test_series,036_2020_UNI,uni,koma_02934_036_2020_UNI__UNI_works__page0007
1828,2635,2,0.8353,2874.8,1059.0,3223.6,1566.6,train,048_2022_akocult,ako_2020-22,koma_03608_048_2022_akocult__akocult__page0008
1829,5261,1,0.8633,1804.6,212.7,2170.9,534.9,train,012_2017_copy,copy,koma_00920_012_2017_copy__copy__page0018
1830,1815,2,0.8106,1272.1,494.2,1877.3,1194.2,train,028_2019_fringe,fringe,koma_02482_028_2019_fringe__fringe_01__page0029
1831,2512,1,0.642,729.4,180.6,1812.8,1346.0,test_panel,042_2021_akokate,ako_2020-22,koma_03442_042_2021_akokate__akokatei__page0064
1832,4375,1,0.7925,339.2,5.6,1318.3,891.1,test_panel,071_2024b_kids,kids,koma_04748_071_2024b_kids__unmerged__page0008
1833,1948,1,0.8711,476.9,578.6,1302.0,1423.9,train,037_2020_ako9,ako_2020-22,koma_03022_037_2020_ako9__ako9__page0036
1834,4691,1,0.8361,1070.1,935.3,1655.3,1518.2,train,028_2019_fringe,fringe,koma_02444_028_2019_fringe__fringe_01__page0015
1835,1714,3,0.401,1560.2,514.8,2402.3,1932.8,test_panel,056_2022b_hyoui_color,hyoui_color,koma_03984_056_2022b_hyoui_color__hyoui__page0039
1836,48,1,0.8685,431.0,538.9,1236.0,1496.8,test_panel,regions_gakuen_koma_panels_20260729,gakuen,koma_0030_page0010
1837,3822,1,0.8176,267.9,577.0,1101.2,1456.5,test_panel,028_2019_fringe,fringe,koma_02423_028_2019_fringe__fringe_01__page0002
1838,284,1,0.8807,1465.2,451.9,2295.6,1217.8,test_series,009_2016_riko,riko,koma_00639_009_2016_riko__lozx__page0028
1839,928,1,0.8473,1288.2,307.9,1886.6,969.6,train,041_2021_akogoods,ako_2020-22,koma_03172_041_2021_akogoods__akogoods__page0009
1840,963,1,0.8255,650.3,639.6,1669.4,1821.5,train,013_2017_gakusai1-3DL,gakusai,koma_01244_013_2017_gakusai1-3DL__3__page0005
1841,4570,1,0.8573,-0.6,581.1,335.6,1009.3,train,008_2016_poolsideIdle,poolsideidle,koma_00614_008_2016_poolsideIdle__poolside__page0030
1842,1902,2,0.8173,-0.5,1869.1,372.3,2424.4,train,019_2018_ako7,ako_2018-19,koma_01902_019_2018_ako7__ako7__page0067
1843,1328,2,0.7531,1421.1,434.4,2413.8,1423.6,test_series,005_2016_ng,ng,koma_00330_005_2016_ng__ng__page0027
1844,3053,1,0.8517,1040.1,260.2,1434.7,675.1,train,068_2024b_ako4,ako_2023-24,koma_04492_068_2024b_ako4__ako4__page0003
1845,4288,1,0.8105,564.7,922.8,1181.5,1557.2,train,030_2019_succor,succor,koma_02661_030_2019_succor__succor__page0016
1846,2342,1,0.8719,40.7,83.2,609.9,658.7,train,056_2022b_hyoui_color,hyoui_color,koma_03899_056_2022b_hyoui_color__hyoui__page0020
1847,1596,1,0.7815,869.7,323.5,1924.4,1735.6,train,008_2016_poolsideIdle,poolsideidle,koma_00602_008_2016_poolsideIdle__poolside__page0018
1848,368,1,0.8713,1107.7,526.6,1994.3,1330.4,train,021_2018_comics4,comics4,koma_02023_021_2018_comics4__china_v2_china__page0005
1849,326,1,0.859,261.4,1430.6,764.2,1896.3,test_series,regions_hamlabi_koma_panels_20260729,hamlabi,koma_0025_page0011
1850,1441,1,0.8656,804.2,1029.8,1588.7,1773.3,train,013_2017_gakusai1-3DL,gakusai,koma_01000_013_2017_gakusai1-3DL__1__page0009
1851,3082,3,0.7776,-1.6,350.2,305.8,906.4,test_series,014_2017_kacho,kacho,koma_01392_014_2017_kacho__kacho__page0034
1852,269,2,0.8165,2915.7,463.6,3389.2,880.7,train,053_2022b_akocult,ako_2020-22,koma_03812_053_2022b_akocult__akocult__page0050
1853,1989,1,0.8676,572.9,409.5,1004.2,811.5,test_panel,021_2018_comics4,comics4,koma_02168_021_2018_comics4__underworld_underworld__page0010
1854,1842,2,0.6602,1527.1,807.8,1947.1,1289.1,train,030_2019_succor,succor,koma_02620_030_2019_succor__succor__page0005
1855,0,3,0.8423,-3.2,3526.0,741.1,4500.1,train,013_2017_gakusai1-3DL,gakusai,koma_01166_013_2017_gakusai1-3DL__2__page0021
1856,3391,1,0.8707,-0.4,503.6,267.1,860.5,train,021_2018_comics4,comics4,koma_02043_021_2018_comics4__china_v2_china__page0013
1857,4213,1,0.8154,1577.2,350.9,3038.3,1737.9,test_series,regions_hamlabi_koma_panels_20260729,hamlabi,koma_0058_page0026
1858,5283,2,0.6482,46.9,718.2,148.9,822.7,train,013_2017_gakusai1-3DL,gakusai,koma_01174_013_2017_gakusai1-3DL__2__page0022
1859,2106,2,0.8516,2759.4,379.2,3103.7,833.6,train,048_2022_akocult,ako_2020-22,koma_03607_048_2022_akocult__akocult__page0007
1860,2581,1,0.8071,835.9,925.3,1455.7,2251.5,train,042_2021_akokate,ako_2020-22,koma_03351_042_2021_akokate__akokatei__page0013
1861,1458,2,0.5318,89.4,1850.8,344.9,2205.0,train,030_2019_succor,succor,koma_02832_030_2019_succor__succor__page0058
1862,4826,1,0.789,489.6,740.1,797.2,1113.0,test_panel,004_2016_gal,gal,koma_00211_004_2016_gal__gal__page0005
1863,2359,1,0.8193,1336.3,0.9,1722.0,483.4,train,004_2016_gal,gal,koma_00213_004_2016_gal__gal__page0005
1864,5045,1,0.7584,844.1,217.8,1005.0,464.1,test_panel,030_2019_succor,succor,koma_02823_030_2019_succor__succor__page0056
1865,2636,1,0.8574,1026.5,347.1,1650.7,919.4,train,018_2018_ako6,ako_2018-19,koma_01829_018_2018_ako6__done4__ako6-18
1866,1640,1,0.8673,172.3,185.7,533.8,535.2,train,041_2021_akogoods,ako_2020-22,koma_03237_041_2021_akogoods__akogoods__page0026
1867,507,1,0.8406,459.6,84.9,1206.2,954.3,train,002_2016_aljanne2,aljanne2,koma_00044_002_2016_aljanne2__aljanne2__page0006
1868,4686,2,0.7766,1711.3,555.0,1857.7,768.7,train,041_2021_akogoods,ako_2020-22,koma_03238_041_2021_akogoods__akogoods__page0026
1869,96,1,0.838,462.5,457.8,1505.6,1573.0,test_series,063_2023b_hamlabi,hamlabi,koma_04189_063_2023b_hamlabi__works__page0009
1870,3584,2,0.8429,625.3,723.7,1214.8,1346.6,train,015_2017_pink,pink,koma_01416_015_2017_pink__done1__pink04
1871,1548,1,0.6759,2648.9,1485.1,3560.0,2328.3,train,012_2017_copy,copy,koma_00929_012_2017_copy__copy__page0025
1872,1701,1,0.8708,538.6,608.1,1229.7,1239.3,test_panel,037_2020_ako9,ako_2020-22,koma_02973_037_2020_ako9__ako9__page0022
1873,2137,1,0.8528,1642.6,496.8,2221.5,1060.0,train,008_2016_poolsideIdle,poolsideidle,koma_00603_008_2016_poolsideIdle__poolside__page0019
1874,4272,1,0.8327,329.9,163.5,527.9,408.7,test_panel,013_2017_gakusai1-3DL,gakusai,koma_01253_013_2017_gakusai1-3DL__3__page0006
1875,462,2,0.8407,202.4,857.0,856.4,1809.2,train,039_2020b_ako10,ako_2020-22,koma_03065_039_2020b_ako10__aco10__page0014
1876,1667,2,0.5588,2271.6,678.9,2536.1,980.6,train,053_2022b_akocult,ako_2020-22,koma_03794_053_2022b_akocult__akocult__page0044
1877,1891,1,0.8592,189.5,613.3,657.9,1119.6,train,regions_ako5ver2_koma_panels_20260729,ako_2017,koma_0167_page0064
1878,3447,1,0.7045,4.8,883.5,799.1,1215.4,test_panel,041_2021_akogoods,ako_2020-22,koma_03246_041_2021_akogoods__akogoods__page0029
1879,3974,1,0.7966,17.9,769.5,940.1,1904.5,train,011_2017_ako5,ako_2017,koma_00895_011_2017_ako5__done4__ako5-37
1880,1798,1,0.8817,911.5,738.8,1572.9,1444.5,train,056_2022b_hyoui_color,hyoui_color,koma_03852_056_2022b_hyoui_color__hyoui__page0008
1881,4962,1,0.3867,105.1,593.3,709.9,1420.1,test_panel,026_2019_ako7,ako_2018-19,koma_02257_026_2019_ako7__ako7__page0173
1882,2887,1,0.8501,898.3,1510.4,1564.6,2136.8,train,030_2019_succor,succor,koma_02677_030_2019_succor__succor__page0021
1883,1214,1,0.8524,1227.8,77.2,1706.4,431.9,train,049_2022_akogoods,ako_2020-22,koma_03642_049_2022_akogoods__akogoods__page0073
1884,3492,1,0.7793,94.4,507.2,1060.7,1627.1,test_series,073_2024c_mayer,mayer,koma_05003_073_2024c_mayer__mayer__page0034
1885,4825,1,0.8683,500.7,672.4,738.6,961.4,train,015_2017_pink,pink,koma_01444_015_2017_pink__pink__page0002
1886,3225,1,0.7964,1124.5,0.4,1484.2,614.4,train,030_2019_succor,succor,koma_02710_030_2019_succor__succor__page0029
1887,4238,2,0.7171,2642.2,788.2,2851.3,1105.8,train,020_2018_china2,china2,koma_01996_020_2018_china2__china2__page0025
1888,352,2,0.8759,1874.1,1672.5,2642.4,2417.3,train,056_2022b_hyoui_color,hyoui_color,koma_04000_056_2022b_hyoui_color__hyoui__page0043
1889,253,1,0.5736,3011.1,177.6,3782.7,964.6,train,066_2024_housei,housei,koma_04451_066_2024_housei__kazenagare__page0008
1890,1545,1,0.822,753.8,408.7,2142.6,1655.0,train,008_2016_poolsideIdle,poolsideidle,koma_00546_008_2016_poolsideIdle__poolside__page0003
1891,1996,1,0.8478,555.3,0.2,1114.0,565.6,test_panel,regions_ako5ver2_koma_panels_20260729,ako_2017,koma_0127_page0049
1892,953,1,0.6237,367.0,1697.4,595.3,1971.2,train,regions_ako5ver2_koma_panels_20260729,ako_2017,koma_0070_page0030
1893,1730,2,0.476,376.5,40.8,721.5,363.9,train,072_2024c_ako,ako_2023-24,koma_04870_072_2024c_ako__ako4__page0051
1894,3533,1,0.8368,1304.4,398.6,1543.6,727.9,train,regions_ako5ver2_koma_panels_20260729,ako_2017,koma_0017_page0008
1895,3665,1,0.8526,460.3,434.6,906.3,883.3,train,013_2017_gakusai1-3DL,gakusai,koma_01091_013_2017_gakusai1-3DL__1__page0030
1896,3644,2,0.582,469.7,1614.1,957.6,2075.5,test_panel,017_2017_stoptime,stoptime,koma_01660_017_2017_stoptime__stp__page0016
1897,1535,1,0.8705,2008.2,114.5,2621.5,644.4,train,020_2018_china2,china2,koma_01970_020_2018_china2__china2__page0013
1898,3278,2,0.7105,631.4,1254.3,1064.6,1992.3,test_panel,030_2019_succor,succor,koma_02819_030_2019_succor__succor__page0055
1899,4751,2,0.8569,24.0,266.3,240.8,544.0,train,030_2019_succor,succor,koma_02610_030_2019_succor__succor__page0004
1900,3170,1,0.5371,2228.7,244.8,2992.4,581.9,train,013_2017_gakusai1-3DL,gakusai,koma_00986_013_2017_gakusai1-3DL__1__page0005
1901,2525,1,0.8255,1098.4,403.0,1636.2,1004.7,train,029_2019_fringe3,fringe,koma_02543_029_2019_fringe3__fringe3__page0012
1902,2579,1,0.8324,530.8,371.9,1310.6,1173.6,test_panel,069_2024b_fitness,fitness,koma_04574_069_2024b_fitness__kurip__page0004
1903,2638,1,0.8051,47.3,783.0,1097.3,1832.3,train,029_2019_fringe3,fringe,koma_02548_029_2019_fringe3__fringe3__page0013
1904,3246,1,0.8203,813.6,27.7,1433.1,616.6,test_series,005_2016_ng,ng,koma_00380_005_2016_ng__新しいフォルダー_n__page0016
1905,318,1,0.8537,443.0,155.7,1427.3,1095.3,test_series,005_2016_ng,ng,koma_00282_005_2016_ng__ng__page0007
1906,971,1,0.8878,1310.4,507.6,2102.6,1227.6,train,011_2017_ako5,ako_2017,koma_00856_011_2017_ako5__done3__ako5-15
1907,135,1,0.8548,1439.2,760.2,2220.3,1454.8,train,069_2024b_fitness,fitness,koma_04612_069_2024b_fitness__kurip__page0016
1908,1606,4,0.4026,358.1,759.5,629.8,1151.1,train,013_2017_gakusai1-3DL,gakusai,koma_01196_013_2017_gakusai1-3DL__2__page0029
1909,2146,2,0.8226,737.0,25.6,1654.1,1235.1,train,020_2018_china2,china2,koma_01992_020_2018_china2__china2__page0024
1910,122,1,0.8687,2351.2,-0.5,3446.5,648.8,train,049_2022_akogoods,ako_2020-22,koma_03645_049_2022_akogoods__akogoods__page0074
1911,3442,1,0.8035,547.6,686.4,1415.1,1776.5,train,048_2022_akocult,ako_2020-22,koma_03615_048_2022_akocult__akocult__page0015
1912,2131,1,0.795,2131.3,653.5,2767.8,1598.8,train,026_2019_ako7,ako_2018-19,koma_02308_026_2019_ako7__done__road12
1913,2129,1,0.8457,1721.6,1547.6,2330.3,2106.4,train,056_2022b_hyoui_color,hyoui_color,koma_03976_056_2022b_hyoui_color__hyoui__page0036
1914,1795,1,0.7983,1094.3,290.1,1962.5,1280.7,test_series,073_2024c_mayer,mayer,koma_04987_073_2024c_mayer__mayer__page0028
1915,1744,2,0.7616,2001.8,875.7,2193.5,1093.1,train,047_2022_4th,4th,koma_03594_047_2022_4th__4th__page0013
1916,4893,1,0.8103,1596.5,283.0,2058.6,722.0,test_panel,030_2019_succor,succor,koma_02633_030_2019_succor__succor__page0007
1917,845,2,0.8644,1366.9,329.4,1996.0,1101.8,train,061_2023b_akocultB,ako_2023-24,koma_04102_061_2023b_akocultB__akocultB__page0023
1918,1292,3,0.6528,698.9,240.3,890.8,492.9,train,056_2022b_hyoui_color,hyoui_color,koma_03996_056_2022b_hyoui_color__hyoui__page0042
1919,4829,2,0.8417,959.4,377.7,1202.8,634.7,test_panel,008_2016_poolsideIdle,poolsideidle,koma_00592_008_2016_poolsideIdle__poolside__page0014
1920,817,1,0.7909,1134.6,2.5,2774.8,1761.0,test_panel,regions_ako5ver2_koma_panels_20260729,ako_2017,koma_0031_page0014
1921,4216,1,0.8391,147.6,616.3,646.3,1578.8,train,015_2017_pink,pink,koma_01472_015_2017_pink__pink__page0019
1922,4463,1,0.8486,330.8,227.5,684.3,562.3,train,017_2017_stoptime,stoptime,koma_01652_017_2017_stoptime__stp__page0010
1923,4385,1,0.8323,923.6,861.7,1515.2,1466.1,train,029_2019_fringe3,fringe,koma_02512_029_2019_fringe3__fringe3__page0005
1924,474,1,0.8231,666.0,413.2,2168.0,1776.5,train,013_2017_gakusai1-3DL,gakusai,koma_01183_013_2017_gakusai1-3DL__2__page0025
1925,3470,1,0.5612,1328.0,784.0,1746.5,1175.3,train,028_2019_fringe,fringe,koma_02449_028_2019_fringe__fringe_01__page0016
1926,4009,1,0.4691,-7.1,121.6,1252.6,1463.1,train,056_2022b_hyoui_color,hyoui_color,koma_03820_056_2022b_hyoui_color__hyoui__page0001
1927,150,2,0.8008,836.7,137.6,2541.0,1605.0,test_panel,013_2017_gakusai1-3DL,gakusai,koma_01164_013_2017_gakusai1-3DL__2__page0021
1928,912,2,0.8605,618.9,600.7,1102.4,1057.5,train,056_2022b_hyoui_color,hyoui_color,koma_03930_056_2022b_hyoui_color__hyoui__page0026
1929,3682,1,0.8229,537.8,354.5,1206.4,1012.8,train,regions_4th_koma_panels_20260801,4th,koma_0101_page0024
1930,2636,2,0.8208,213.1,63.5,912.0,752.6,train,018_2018_ako6,ako_2018-19,koma_01829_018_2018_ako6__done4__ako6-18
1931,4682,1,0.752,39.4,211.3,592.1,856.3,test_panel,015_2017_pink,pink,koma_01419_015_2017_pink__done1__pink10
1932,3695,1,0.8763,698.5,826.0,1029.8,1182.3,train,011_2017_ako5,ako_2017,koma_00743_011_2017_ako5__ako5__page0050
1933,3687,2,0.7717,1606.0,890.6,1878.6,1152.2,train,068_2024b_ako4,ako_2023-24,koma_04526_068_2024b_ako4__ako4__page0014
1934,1760,1,0.8434,251.8,573.8,1059.0,1430.7,train,071_2024b_kids,kids,koma_04742_071_2024b_kids__unmerged__page0006
1935,602,2,0.8292,2378.1,580.8,2852.7,1171.0,test_series,005_2016_ng,ng,koma_00272_005_2016_ng__ng__page0004
1936,411,2,0.4353,2093.0,102.5,2651.6,556.0,train,064_2024_ako3,ako_2023-24,koma_04263_064_2024_ako3__ako3__page0031
1937,2415,2,0.7557,418.1,408.2,938.7,894.5,train,013_2017_gakusai1-3DL,gakusai,koma_01043_013_2017_gakusai1-3DL__1__page0019
1938,2966,1,0.5741,595.2,923.7,775.2,1106.7,train,071_2024b_kids,kids,koma_04696_071_2024b_kids__milking__page0010
1939,4461,1,0.8521,645.2,628.1,1050.4,1021.7,train,015_2017_pink,pink,koma_01441_015_2017_pink__pink__page0002
1940,5126,1,0.8459,520.4,179.3,1079.2,690.2,test_panel,013_2017_gakusai1-3DL,gakusai,koma_01322_013_2017_gakusai1-3DL__3__page0021
1941,1029,1,0.8686,767.9,808.0,1513.3,1494.0,train,039_2020b_ako10,ako_2020-22,koma_03108_039_2020b_ako10__aco10__page0034
1942,1019,1,0.659,1517.5,319.9,2142.4,723.8,train,051_2022b_4th,4th,koma_03688_051_2022b_4th__4th__page0014
1943,4840,1,0.7862,186.1,565.0,751.6,1446.3,train,018_2018_ako6,ako_2018-19,koma_01849_018_2018_ako6__done5__ako6-43
1944,601,1,0.8858,1304.4,507.3,2108.3,1226.9,train,011_2017_ako5,ako_2017,koma_00803_011_2017_ako5__ako5__page0080
1945,1500,1,0.8527,569.4,451.7,1041.7,966.6,test_panel,065_2024_ako3B,ako_2023-24,koma_04406_065_2024_ako3B__ako3B__page0046
1946,576,1,0.8284,1038.7,335.9,1981.1,1313.2,train,026_2019_ako7,ako_2018-19,koma_02269_026_2019_ako7__ako7__page0179
1947,1158,1,0.6134,128.8,342.6,1876.1,1946.0,train,013_2017_gakusai1-3DL,gakusai,koma_01088_013_2017_gakusai1-3DL__1__page0029
1948,2910,1,0.8419,271.2,989.8,960.5,1734.2,train,011_2017_ako5,ako_2017,koma_00768_011_2017_ako5__ako5__page0066
1949,2704,2,0.7629,3030.9,372.8,3948.8,1645.7,train,032_2019b_ako8,ako_2018-19,koma_02881_032_2019b_ako8__ako8__page0001
1950,3703,1,0.3557,588.8,-1.8,1496.0,264.1,test_series,014_2017_kacho,kacho,koma_01385_014_2017_kacho__kacho__page0031
1951,43,6,0.7687,3317.0,2521.2,4091.5,3397.5,train,018_2018_ako6,ako_2018-19,koma_01884_018_2018_ako6__done8__ako6-39
1952,2689,1,0.8132,1198.1,13.6,2412.3,1124.0,train,065_2024_ako3B,ako_2023-24,koma_04354_065_2024_ako3B__ako3B__page0017
1953,2820,1,0.8239,347.1,466.1,803.9,942.6,train,041_2021_akogoods,ako_2020-22,koma_03313_041_2021_akogoods__akogoods__page0076
1954,3547,1,0.7464,1008.2,256.1,1832.6,1316.9,train,008_2016_poolsideIdle,poolsideidle,koma_00594_008_2016_poolsideIdle__poolside__page0014
1955,119,3,0.5637,195.6,1675.3,936.2,2253.2,train,regions_4th_koma_panels_20260801,4th,koma_0130_page0032
1956,2161,3,0.7886,0.6,326.3,378.4,906.8,test_panel,042_2021_akokate,ako_2020-22,koma_03381_042_2021_akokate__akokatei__page0020
1957,3047,2,0.8669,1587.3,757.1,1910.7,1096.7,train,041_2021_akogoods,ako_2020-22,koma_03257_041_2021_akogoods__akogoods__page0039
1958,5240,1,0.5583,615.2,275.3,801.8,504.6,train,068_2024b_ako4,ako_2023-24,koma_04530_068_2024b_ako4__ako4__page0015
1959,867,1,0.8249,429.1,741.3,1725.0,2257.3,train,004_2016_gal,gal,koma_00188_004_2016_gal__root__page0013
1960,2139,1,0.7879,595.6,492.7,1734.3,1441.8,train,013_2017_gakusai1-3DL,gakusai,koma_01293_013_2017_gakusai1-3DL__3__page0016
1961,1811,1,0.6504,298.0,0.3,1276.7,511.1,test_series,010_2016_suc,suc,koma_00703_010_2016_suc__subbcubussBK__page0034
1962,1080,3,0.7314,1257.1,416.2,1482.3,653.1,train,regions_ako5ver2_koma_panels_20260729,ako_2017,koma_0061_page0025
1963,751,2,0.4694,971.2,211.3,2167.9,1494.9,train,016_2017_running,running,koma_01559_016_2017_running__running__page0004
1964,3870,1,0.8395,377.9,144.5,922.2,648.5,test_panel,008_2016_poolsideIdle,poolsideidle,koma_00566_008_2016_poolsideIdle__poolside__page0008
1965,1397,1,0.849,681.3,447.6,1331.4,1082.3,train,013_2017_gakusai1-3DL,gakusai,koma_01144_013_2017_gakusai1-3DL__2__page0017
1966,4012,1,0.6493,1025.6,75.3,1733.0,957.9,train,056_2022b_hyoui_color,hyoui_color,koma_03949_056_2022b_hyoui_color__hyoui__page0030
1967,3807,2,0.7961,495.1,1194.5,996.1,1901.2,train,013_2017_gakusai1-3DL,gakusai,koma_01171_013_2017_gakusai1-3DL__2__page0022
1968,4812,1,0.8337,749.8,4.2,1004.3,322.7,test_series,027_2019_ben,ben,koma_02392_027_2019_ben__ben__page0013
1969,4246,1,0.817,81.7,970.8,924.3,1803.2,train,059_2023b_4th,4th,koma_04011_059_2023b_4th__4th__page0005
1970,2793,2,0.8524,1218.6,439.6,1655.1,905.8,train,021_2018_comics4,comics4,koma_02166_021_2018_comics4__underworld_underworld__page0010
1971,3644,3,0.4725,765.4,497.3,883.1,640.4,test_panel,017_2017_stoptime,stoptime,koma_01660_017_2017_stoptime__stp__page0016
1972,1292,4,0.4669,2179.8,202.5,2400.4,477.7,train,056_2022b_hyoui_color,hyoui_color,koma_03996_056_2022b_hyoui_color__hyoui__page0042
1973,3011,3,0.7964,1073.4,180.8,1564.1,803.5,train,004_2016_gal,gal,koma_00170_004_2016_gal__root__page0010
1974,1176,1,0.8464,240.5,871.1,898.7,1459.5,train,020_2018_china2,china2,koma_01966_020_2018_china2__china2__page0012
1975,2942,1,0.8044,358.1,693.4,1344.3,1639.5,test_series,005_2016_ng,ng,koma_00321_005_2016_ng__ng__page0020
1976,2145,1,0.7963,-3.9,2.7,643.0,323.6,train,072_2024c_ako,ako_2023-24,koma_04802_072_2024c_ako__ako4__page0022
1977,3990,3,0.6109,934.2,470.1,1437.1,974.0,train,030_2019_succor,succor,koma_02850_030_2019_succor__succor__page0077
1978,3878,3,0.8307,791.5,45.0,957.5,244.3,train,004_2016_gal,gal,koma_00232_004_2016_gal__gal__page0011
1979,1501,1,0.8087,681.6,197.0,1206.9,733.3,test_series,regions_hamlabi_koma_panels_20260729,hamlabi,koma_0032_page0013
1980,1681,1,0.79,623.4,432.7,1745.3,1748.1,test_series,073_2024c_mayer,mayer,koma_04917_073_2024c_mayer__mayer__page0005
1981,3424,2,0.4105,243.5,975.0,456.5,1210.4,train,061_2023b_akocultB,ako_2023-24,koma_04085_061_2023b_akocultB__akocultB__page0007
1982,2057,1,0.6815,-10.6,21.8,1073.2,2151.9,test_panel,013_2017_gakusai1-3DL,gakusai,koma_01110_013_2017_gakusai1-3DL__2__page0005
1983,3566,1,0.8684,1804.2,230.4,2261.1,696.2,train,regions_4th_koma_panels_20260801,4th,koma_0091_page0022
1984,258,2,0.825,1650.8,138.3,2638.9,1193.5,test_panel,069_2024b_fitness,fitness,koma_04622_069_2024b_fitness__kurip__page0019
1985,781,1,0.8709,1719.5,589.7,2403.7,1198.2,train,020_2018_china2,china2,koma_01976_020_2018_china2__china2__page0014
1986,4823,1,0.8023,249.8,525.0,861.9,1509.4,train,013_2017_gakusai1-3DL,gakusai,koma_01014_013_2017_gakusai1-3DL__1__page0012
1987,1901,1,0.8543,99.3,538.6,896.0,1284.0,train,071_2024b_kids,kids,koma_04743_071_2024b_kids__unmerged__page0006
1988,3194,1,0.7746,173.8,239.7,1077.7,1206.9,train,015_2017_pink,pink,koma_01466_015_2017_pink__pink__page0016
1989,4156,1,0.8479,342.1,67.9,770.1,543.0,test_panel,013_2017_gakusai1-3DL,gakusai,koma_01100_013_2017_gakusai1-3DL__1__page0031
1990,1383,1,0.8659,394.6,132.5,770.3,522.0,test_panel,035_2019b_skima2,skima2,koma_02913_035_2019b_skima2__task__page0012
1991,1723,2,0.7246,-0.2,305.5,438.3,1420.3,train,013_2017_gakusai1-3DL,gakusai,koma_01207_013_2017_gakusai1-3DL__2__page0031
1992,1256,4,0.8158,3005.4,281.4,3386.6,647.3,test_panel,008_2016_poolsideIdle,poolsideidle,koma_00540_008_2016_poolsideIdle__poolside__page0001
1993,2825,3,0.7827,1230.3,1080.4,1772.5,1497.7,train,042_2021_akokate,ako_2020-22,koma_03375_042_2021_akokate__akokatei__page0019
1994,5243,1,0.8269,128.6,214.2,750.6,802.3,test_panel,018_2018_ako6,ako_2018-19,koma_01769_018_2018_ako6__ako6__page0127
1995,3639,1,0.4237,1513.2,75.8,1765.7,293.3,test_panel,030_2019_succor,succor,koma_02614_030_2019_succor__succor__page0004
1996,1264,3,0.3307,2739.4,1298.5,2942.2,1962.2,train,042_2021_akokate,ako_2020-22,koma_03396_042_2021_akokate__akokatei__page0028
1997,1438,4,0.7993,1224.0,393.1,1452.9,630.6,train,regions_ako5ver2_koma_panels_20260729,ako_2017,koma_0068_page0027
1998,8,2,0.8265,2104.6,176.2,3918.7,1782.4,train,013_2017_gakusai1-3DL,gakusai,koma_01176_013_2017_gakusai1-3DL__2__page0023
1999,1539,1,0.8613,414.2,325.7,759.8,656.9,train,041_2021_akogoods,ako_2020-22,koma_03278_041_2021_akogoods__akogoods__page0051
2000,4846,1,0.8009,166.0,226.9,572.0,682.6,train,042_2021_akokate,ako_2020-22,koma_03453_042_2021_akokate__akokatei__page0066
2001,4760,1,0.8687,537.6,167.9,759.5,397.5,test_series,005_2016_ng,ng,koma_00268_005_2016_ng__ng__page0003
2002,814,1,0.6912,1278.1,216.0,1780.9,695.6,train,011_2017_ako5,ako_2017,koma_00793_011_2017_ako5__ako5__page0074
2003,3863,1,0.8564,111.4,195.5,364.4,420.4,test_panel,018_2018_ako6,ako_2018-19,koma_01704_018_2018_ako6__ako6__page0058
2004,2148,2,0.8625,581.8,1098.2,875.7,1353.0,test_panel,019_2018_ako7,ako_2018-19,koma_01930_019_2018_ako7__ako7__page0089
2005,3316,1,0.8062,851.6,304.6,1550.9,967.9,train,043_2021_hero,hero,koma_03487_043_2021_hero__hero__page0035
2006,3963,1,0.757,350.4,241.6,816.5,809.7,train,regions_ako5ver2_koma_panels_20260729,ako_2017,koma_0001_page0001
2007,640,2,0.7415,3190.6,14.1,3480.9,359.0,train,072_2024c_ako,ako_2023-24,koma_04853_072_2024c_ako__ako4__page0047
2008,1594,4,0.5942,1315.6,270.3,1504.5,473.9,train,004_2016_gal,gal,koma_00145_004_2016_gal__root__page0003
2009,870,3,0.7482,3558.4,308.9,4256.1,1646.0,train,013_2017_gakusai1-3DL,gakusai,koma_01272_013_2017_gakusai1-3DL__3__page0011
2010,69,1,0.8721,2012.5,636.1,3112.3,1735.3,test_panel,056_2022b_hyoui_color,hyoui_color,koma_03992_056_2022b_hyoui_color__hyoui__page0041
2011,4329,2,0.8181,321.1,1005.7,628.7,1349.1,train,030_2019_succor,succor,koma_02764_030_2019_succor__succor__page0042
2012,4936,1,0.6875,-4.8,285.1,753.0,1106.2,train,043_2021_hero,hero,koma_03547_043_2021_hero__hero__page0078
2013,1068,1,0.6321,997.9,-3.9,1728.4,164.9,train,056_2022b_hyoui_color,hyoui_color,koma_03874_056_2022b_hyoui_color__hyoui__page0012
2014,2099,2,0.7662,993.7,275.3,1802.2,1148.1,train,071_2024b_kids,kids,koma_04712_071_2024b_kids__milking__page0012
2015,4372,1,0.8442,88.5,1791.6,465.0,2196.9,test_panel,020_2018_china2,china2,koma_01935_020_2018_china2__china2__page0004
2016,242,2,0.817,2432.9,1246.7,3091.4,2281.5,train,041_2021_akogoods,ako_2020-22,koma_03225_041_2021_akogoods__akogoods__page0023
2017,2466,1,0.8144,497.0,889.1,1208.9,1659.3,train,041_2021_akogoods,ako_2020-22,koma_03241_041_2021_akogoods__akogoods__page0029
2018,3205,2,0.821,691.4,196.2,1026.9,736.8,train,011_2017_ako5,ako_2017,koma_00714_011_2017_ako5__ako5__page0018
2019,838,2,0.8047,549.1,1266.6,784.2,1584.5,train,069_2024b_fitness,fitness,koma_04570_069_2024b_fitness__kurip__page0004
2020,33,1,0.8686,1616.4,-4.1,2362.6,620.3,train,regions_gakuen_koma_panels_20260729,gakuen,koma_0033_page0011
2021,1206,1,0.7923,504.5,213.0,1938.9,1839.7,train,004_2016_gal,gal,koma_00163_004_2016_gal__root__page0007
2022,2181,1,0.3421,1947.7,1291.3,2612.8,2058.8,train,061_2023b_akocultB,ako_2023-24,koma_04132_061_2023b_akocultB__akocultB__page0032
2023,484,1,0.8567,1318.6,-0.3,2020.7,570.3,train,069_2024b_fitness,fitness,koma_04642_069_2024b_fitness__kurip__page0026
2024,1149,2,0.8464,3347.0,598.9,3768.8,1077.9,train,021_2018_comics4,comics4,koma_02106_021_2018_comics4__mars_v2_mars_manuscript__page0012
2025,1728,1,0.845,377.6,1099.7,1284.0,2023.4,train,061_2023b_akocultB,ako_2023-24,koma_04134_061_2023b_akocultB__akocultB__page0033
2026,3855,2,0.888,769.4,340.9,1036.9,605.4,test_panel,011_2017_ako5,ako_2017,koma_00849_011_2017_ako5__done2__ako5-8 (1)
2027,3771,2,0.7862,16.9,717.2,703.8,1934.2,train,029_2019_fringe3,fringe,koma_02603_029_2019_fringe3__fringe3__page0024
2028,55,1,0.8625,3020.6,2473.0,3853.2,3308.3,test_series,regions_hamlabi_koma_panels_20260729,hamlabi,koma_0001_page0002
2029,4830,1,0.8073,289.2,272.7,1014.9,885.3,train,030_2019_succor,succor,koma_02741_030_2019_succor__succor__page0037
2030,2227,2,0.603,1540.9,142.1,2971.7,1424.5,test_panel,015_2017_pink,pink,koma_01500_015_2017_pink__pink__page0037
2031,1926,1,0.8439,946.9,423.5,1815.0,1207.4,train,069_2024b_fitness,fitness,koma_04661_069_2024b_fitness__kurip__page0032
2032,3677,1,0.8018,370.8,349.4,895.6,883.9,train,030_2019_succor,succor,koma_02683_030_2019_succor__succor__page0024
2033,943,2,0.6736,8.3,1298.1,1072.1,2102.5,test_panel,regions_4th_koma_panels_20260801,4th,koma_0127_page0031
2034,1974,1,0.6931,427.0,388.3,1086.9,1329.1,test_panel,051_2022b_4th,4th,koma_03664_051_2022b_4th__4th__page0006
2035,3011,2,0.8695,0.3,186.7,236.1,545.6,train,004_2016_gal,gal,koma_00170_004_2016_gal__root__page0010
2036,2992,1,0.8394,818.7,300.8,1430.7,874.0,test_panel,030_2019_succor,succor,koma_02740_030_2019_succor__succor__page0037
2037,1230,1,0.8124,208.4,351.8,525.0,692.6,test_panel,059_2023b_4th,4th,koma_04029_059_2023b_4th__4th__page0014
2038,2198,1,0.8039,724.9,-6.2,1598.6,803.7,test_panel,002_2016_aljanne2,aljanne2,koma_00086_002_2016_aljanne2__aljanne2__page0018
2039,2719,1,0.7528,554.5,188.2,1575.8,1251.2,train,008_2016_poolsideIdle,poolsideidle,koma_00593_008_2016_poolsideIdle__poolside__page0014
2040,3088,1,0.8786,850.1,295.4,1210.0,655.4,test_panel,032_2019b_ako8,ako_2018-19,koma_02882_032_2019b_ako8__ako8__page0001
2041,2024,1,0.8094,197.1,707.8,1450.7,1911.8,test_panel,013_2017_gakusai1-3DL,gakusai,koma_01145_013_2017_gakusai1-3DL__2__page0017
2042,2238,1,0.6897,208.2,284.2,1586.8,1794.2,train,056_2022b_hyoui_color,hyoui_color,koma_03947_056_2022b_hyoui_color__hyoui__page0029
2043,2187,1,0.8839,128.4,470.6,458.0,810.6,train,065_2024_ako3B,ako_2023-24,koma_04367_065_2024_ako3B__ako3B__page0019
2044,4506,1,0.7516,38.9,209.6,592.6,855.8,train,015_2017_pink,pink,koma_01478_015_2017_pink__pink__page0028
2045,2620,2,0.8543,912.6,1239.0,1512.0,1819.8,train,030_2019_succor,succor,koma_02864_030_2019_succor__succor__page0080
2046,933,2,0.86,2886.5,252.9,3385.6,714.1,test_series,regions_hamlabi_koma_panels_20260729,hamlabi,koma_0036_page0014
2047,2868,1,0.8272,1109.5,57.7,2374.9,1377.7,train,011_2017_ako5,ako_2017,koma_00818_011_2017_ako5__done__ako5-32
2048,1111,2,0.7615,1153.6,1944.4,1437.7,2727.1,train,013_2017_gakusai1-3DL,gakusai,koma_01303_013_2017_gakusai1-3DL__3__page0018
2049,292,3,0.7838,2343.6,805.2,2694.0,1229.7,train,071_2024b_kids,kids,koma_04687_071_2024b_kids__milking__page0007
2050,900,3,0.8496,1945.2,133.4,2518.3,798.8,train,020_2018_china2,china2,koma_01943_020_2018_china2__china2__page0005
2051,2291,1,0.8462,1056.0,282.4,1566.8,805.3,test_panel,042_2021_akokate,ako_2020-22,koma_03324_042_2021_akokate__akokatei__page0001
2052,1918,1,0.3533,1204.1,1354.4,1449.7,1541.1,test_series,063_2023b_hamlabi,hamlabi,koma_04187_063_2023b_hamlabi__works__page0009
2053,167,2,0.858,3286.5,553.3,3698.1,984.1,train,032_2019b_ako8,ako_2018-19,koma_02900_032_2019b_ako8__ako8__page0018
2054,3141,1,0.8269,490.6,893.2,721.4,1127.3,train,068_2024b_ako4,ako_2023-24,koma_04514_068_2024b_ako4__ako4__page0008
2055,1777,1,0.7741,732.1,438.1,1881.6,1912.6,train,013_2017_gakusai1-3DL,gakusai,koma_01327_013_2017_gakusai1-3DL__3__page0024
2056,1360,1,0.8279,343.0,572.1,1705.8,2011.2,test_panel,040_2020b_nurse,nurse+nanami,koma_03122_040_2020b_nurse__pumpkin__page0003
2057,1784,1,0.3751,371.4,652.8,1378.6,1555.5,train,051_2022b_4th,4th,koma_03663_051_2022b_4th__4th__page0006
2058,4193,1,0.7631,558.2,-4.2,1493.2,773.3,train,regions_ako5ver2_koma_panels_20260729,ako_2017,koma_0089_page0037
2059,3544,1,0.8599,149.2,356.8,651.0,753.8,train,002_2016_aljanne2,aljanne2,koma_00031_002_2016_aljanne2__aljanne2__page0003
2060,2067,1,0.8863,1860.2,87.8,2509.1,734.3,train,015_2017_pink,pink,koma_01475_015_2017_pink__pink__page0020
2061,2010,1,0.8673,248.0,374.2,769.4,924.2,test_series,005_2016_ng,ng,koma_00355_005_2016_ng__新しいフォルダー_n__page0008
2062,3105,1,0.8595,1750.6,602.6,2853.7,1740.6,test_panel,011_2017_ako5,ako_2017,koma_00842_011_2017_ako5__done2__ako5-7 (1)
2063,3971,1,0.8567,1007.6,751.2,1241.6,988.0,test_series,027_2019_ben,ben,koma_02405_027_2019_ben__ben__page0016
2064,2666,2,0.4649,319.3,316.8,1369.7,1010.8,test_panel,043_2021_hero,hero,koma_03490_043_2021_hero__hero__page0047
2065,2536,1,0.6684,930.0,568.5,2231.3,1993.4,test_panel,030_2019_succor,succor,koma_02722_030_2019_succor__succor__page0033
2066,2245,2,0.7504,1703.1,493.0,1864.4,643.5,train,043_2021_hero,hero,koma_03468_043_2021_hero__hero__page0002
2067,541,2,0.8572,412.2,561.7,874.9,1062.4,train,regions_ako5ver2_koma_panels_20260729,ako_2017,koma_0009_page0003
2068,4741,1,0.8622,580.2,812.6,1167.0,1416.2,train,011_2017_ako5,ako_2017,koma_00820_011_2017_ako5__done__ako5-34
2069,3766,1,0.8298,820.0,585.6,1069.5,980.5,train,regions_ako5ver2_koma_panels_20260729,ako_2017,koma_0169_page0065
2070,889,1,0.6425,1763.3,355.1,2907.1,1706.1,test_series,063_2023b_hamlabi,hamlabi,koma_04209_063_2023b_hamlabi__works__page0026
2071,3959,2,0.6288,1747.8,97.4,2027.1,417.4,test_panel,029_2019_fringe3,fringe,koma_02508_029_2019_fringe3__fringe3__page0004
2072,1231,2,0.6133,1923.2,601.8,2088.4,736.4,train,071_2024b_kids,kids,koma_04688_071_2024b_kids__milking__page0007
2073,4121,1,0.7893,138.1,-4.8,925.4,520.5,train,041_2021_akogoods,ako_2020-22,koma_03249_041_2021_akogoods__akogoods__page0029
2074,2863,1,0.8443,363.8,103.0,1108.7,865.9,train,018_2018_ako6,ako_2018-19,koma_01858_018_2018_ako6__done6__ako6-56
2075,1650,1,0.8632,2381.9,37.2,2941.6,561.2,train,056_2022b_hyoui_color,hyoui_color,koma_03920_056_2022b_hyoui_color__hyoui__page0024
2076,5098,1,0.8467,674.8,1115.1,1034.1,1428.6,train,018_2018_ako6,ako_2018-19,koma_01819_018_2018_ako6__done3__ako6-27
2077,2348,1,0.8667,395.1,216.4,776.5,591.7,train,regions_ako5ver2_koma_panels_20260729,ako_2017,koma_0005_page0002
2078,232,2,0.8111,1602.3,88.9,2240.2,752.6,test_series,027_2019_ben,ben,koma_02345_027_2019_ben__ben__page0004
2079,1037,2,0.6555,2293.2,1022.6,3007.4,1636.7,train,030_2019_succor,succor,koma_02838_030_2019_succor__succor__page0060
2080,1433,1,0.823,88.6,296.7,640.1,984.4,train,030_2019_succor,succor,koma_02690_030_2019_succor__succor__page0026
2081,2141,1,0.8571,1026.2,341.1,1655.3,921.5,train,026_2019_ako7,ako_2018-19,koma_02195_026_2019_ako7__ako7__page0073
2082,1757,1,0.8172,1225.7,323.3,2076.7,1181.4,train,028_2019_fringe,fringe,koma_02425_028_2019_fringe__fringe_01__page0002
2083,4328,1,0.8699,1772.3,278.6,2296.0,759.2,train,011_2017_ako5,ako_2017,koma_00805_011_2017_ako5__ako5__page0081
2084,2366,1,0.7975,379.0,123.3,1343.3,1166.1,train,072_2024c_ako,ako_2023-24,koma_04846_072_2024c_ako__ako4__page0043
2085,1849,4,0.8265,1086.6,709.1,1354.2,956.3,train,030_2019_succor,succor,koma_02608_030_2019_succor__succor__page0002
2086,4115,1,0.7592,195.6,14.6,368.4,174.3,test_series,007_2016_phantom,phantom,koma_00442_007_2016_phantom__PhantomThief__page0002
2087,346,1,0.8345,827.9,621.9,1952.4,1589.6,train,011_2017_ako5,ako_2017,koma_00734_011_2017_ako5__ako5__page0045
2088,4572,1,0.8226,266.2,128.0,617.5,459.4,train,017_2017_stoptime,stoptime,koma_01647_017_2017_stoptime__stp__page0010
2089,396,1,0.8365,1677.7,1587.4,2391.7,2358.1,test_panel,072_2024c_ako,ako_2023-24,koma_04864_072_2024c_ako__ako4__page0049
2090,3060,1,0.7929,580.2,369.7,1271.8,1113.9,train,064_2024_ako3,ako_2023-24,koma_04282_064_2024_ako3__ako3__page0041
2091,5072,1,0.4567,284.5,1202.7,364.5,1319.5,train,064_2024_ako3,ako_2023-24,koma_04285_064_2024_ako3__ako3__page0041
2092,819,2,0.5776,1869.0,0.8,2593.7,298.9,train,015_2017_pink,pink,koma_01490_015_2017_pink__pink__page0032
2093,3392,1,0.8078,30.0,358.3,1106.1,1529.1,train,056_2022b_hyoui_color,hyoui_color,koma_03917_056_2022b_hyoui_color__hyoui__page0023
2094,3516,1,0.8175,332.0,198.7,1344.6,1266.9,test_panel,018_2018_ako6,ako_2018-19,koma_01746_018_2018_ako6__ako6__page0116
2095,1339,1,0.8464,2169.0,619.8,2585.2,1272.4,test_series,027_2019_ben,ben,koma_02374_027_2019_ben__ben__page0010
2096,2117,2,0.7445,63.2,240.1,455.4,944.7,train,039_2020b_ako10,ako_2020-22,koma_03084_039_2020b_ako10__aco10__page0020
2097,3606,1,0.832,372.2,469.9,1021.5,1183.2,train,029_2019_fringe3,fringe,koma_02499_029_2019_fringe3__fringe3__page0003
2098,2300,1,0.82,1336.0,0.9,1721.8,484.0,train,004_2016_gal,gal,koma_00154_004_2016_gal__root__page0005
2099,1475,1,0.8286,774.8,627.0,1605.0,1400.8,test_series,regions_hamlabi_koma_panels_20260729,hamlabi,koma_0039_page0018
2100,2713,2,0.8563,477.9,840.0,815.7,1385.6,train,026_2019_ako7,ako_2018-19,koma_02316_026_2019_ako7__done2__ako7-39
2101,2378,2,0.7387,1131.1,533.5,1429.3,808.9,test_panel,029_2019_fringe3,fringe,koma_02559_029_2019_fringe3__fringe3__page0015
2102,2054,2,0.8176,1870.9,516.1,2364.2,998.0,test_series,007_2016_phantom,phantom,koma_00450_007_2016_phantom__PhantomThief__page0003
2103,1022,1,0.659,1517.5,319.9,2142.4,723.8,train,regions_4th_koma_panels_20260801,4th,koma_0057_page0014
2104,265,1,0.8772,1698.3,690.9,2704.8,1655.8,test_panel,018_2018_ako6,ako_2018-19,koma_01739_018_2018_ako6__ako6__page0113
2105,3337,3,0.5872,1286.3,969.0,1484.7,1180.6,train,regions_4th_koma_panels_20260801,4th,koma_0132_page0033
2106,534,1,0.8309,227.5,855.8,1151.7,1861.1,train,013_2017_gakusai1-3DL,gakusai,koma_01227_013_2017_gakusai1-3DL__2__page0036
2107,1627,1,0.854,-4.0,412.9,807.1,1311.8,test_panel,040_2020b_nurse,nurse+nanami,koma_03135_040_2020b_nurse__pumpkin__page0008
2108,4650,1,0.7991,598.2,419.1,1225.1,832.1,train,028_2019_fringe,fringe,koma_02441_028_2019_fringe__fringe_01__page0015
2109,3642,1,0.7688,30.6,252.1,305.9,747.1,train,021_2018_comics4,comics4,koma_02039_021_2018_comics4__china_v2_china__page0012
2110,1790,1,0.7886,-8.8,485.3,1014.7,2007.3,train,071_2024b_kids,kids,koma_04704_071_2024b_kids__milking__page0011
2111,1137,2,0.856,817.7,582.6,1255.1,1128.7,train,065_2024_ako3B,ako_2023-24,koma_04305_065_2024_ako3B__ako3B__page0006
2112,1261,3,0.8245,3528.8,616.2,3997.9,1370.9,test_panel,056_2022b_hyoui_color,hyoui_color,koma_03914_056_2022b_hyoui_color__hyoui__page0023
2113,110,1,0.816,1209.9,846.8,1969.9,1632.7,test_panel,072_2024c_ako,ako_2023-24,koma_04833_072_2024c_ako__ako4__page0038
2114,2522,1,0.8672,1172.9,699.4,1838.4,1343.9,train,056_2022b_hyoui_color,hyoui_color,koma_03931_056_2022b_hyoui_color__hyoui__page0027
2115,4799,1,0.7967,485.1,403.9,1246.7,1316.6,train,029_2019_fringe3,fringe,koma_02489_029_2019_fringe3__fringe3__page0001
2116,588,2,0.6303,1317.2,750.6,1613.6,1245.2,train,042_2021_akokate,ako_2020-22,koma_03366_042_2021_akokate__akokatei__page0017
2117,2267,2,0.7674,821.4,224.9,1333.7,829.0,train,065_2024_ako3B,ako_2023-24,koma_04340_065_2024_ako3B__ako3B__page0015
2118,4306,2,0.8226,930.4,509.7,1269.2,1052.5,test_panel,018_2018_ako6,ako_2018-19,koma_01867_018_2018_ako6__done6__ako6-58
2119,1866,1,0.8828,1228.4,434.9,1698.0,892.0,train,002_2016_aljanne2,aljanne2,koma_00018_002_2016_aljanne2__aljanne2__page0002
2120,1231,3,0.3524,605.1,517.5,736.9,652.0,train,071_2024b_kids,kids,koma_04688_071_2024b_kids__milking__page0007
2121,363,1,0.8457,1082.0,238.3,1606.0,1009.6,train,069_2024b_fitness,fitness,koma_04639_069_2024b_fitness__kurip__page0025
2122,3459,1,0.8133,159.5,422.1,867.8,1147.3,train,020_2018_china2,china2,koma_01960_020_2018_china2__china2__page0010
2123,2154,1,0.8622,578.0,457.0,995.6,901.3,test_panel,012_2017_copy,copy,koma_00937_012_2017_copy__copy__page0026
2124,2462,3,0.4036,1721.7,51.3,2326.6,543.4,test_panel,013_2017_gakusai1-3DL,gakusai,koma_01306_013_2017_gakusai1-3DL__3__page0018
2125,39,1,0.8743,535.8,1303.2,1166.3,1892.9,train,regions_4th_koma_panels_20260801,4th,koma_0070_page0018
2126,2112,1,0.8258,823.5,632.0,1075.2,920.6,train,017_2017_stoptime,stoptime,koma_01664_017_2017_stoptime__stp__page0016
2127,530,1,0.8716,1892.2,347.0,2538.6,925.4,train,051_2022b_4th,4th,koma_03671_051_2022b_4th__4th__page0007
2128,3339,2,0.7993,5.2,118.7,564.9,822.8,train,013_2017_gakusai1-3DL,gakusai,koma_01193_013_2017_gakusai1-3DL__2__page0028
2129,4380,2,0.5934,362.1,-0.2,615.5,240.3,train,021_2018_comics4,comics4,koma_02148_021_2018_comics4__underworld_underworld__page0006
2130,4536,1,0.8538,611.7,-1.7,1465.0,512.2,train,017_2017_stoptime,stoptime,koma_01648_017_2017_stoptime__stp__page0010
2131,418,1,0.8413,1682.5,120.5,2813.0,1292.5,test_series,073_2024c_mayer,mayer,koma_04983_073_2024c_mayer__mayer__page0027
2132,3705,1,0.8811,540.0,280.8,963.6,675.9,train,012_2017_copy,copy,koma_00931_012_2017_copy__copy__page0025
2133,415,3,0.8139,2760.2,27.6,3300.0,683.8,train,042_2021_akokate,ako_2020-22,koma_03372_042_2021_akokate__akokatei__page0018
2134,2994,1,0.8081,560.2,563.6,1098.4,1140.6,train,060_2023b_ako3,ako_2023-24,koma_04065_060_2023b_ako3__ako3__page0009
2135,2684,1,0.6603,395.9,2470.4,518.3,2581.0,train,071_2024b_kids,kids,koma_04683_071_2024b_kids__milking__page0006
2136,1842,1,0.7229,187.7,664.7,381.8,923.8,train,030_2019_succor,succor,koma_02620_030_2019_succor__succor__page0005
2137,1334,1,0.8484,1652.2,542.9,2672.6,1326.9,train,016_2017_running,running,koma_01601_016_2017_running__running__page0038
2138,5090,1,0.8348,2071.3,74.1,2356.5,351.7,train,011_2017_ako5,ako_2017,koma_00840_011_2017_ako5__done2__ako5-6 (1)
2139,40,1,0.8709,1220.2,628.5,2225.0,1506.5,test_series,007_2016_phantom,phantom,koma_00525_007_2016_phantom__PhantomThief__page0031
2140,4050,1,0.3974,524.8,259.4,1243.2,984.9,test_panel,056_2022b_hyoui_color,hyoui_color,koma_03821_056_2022b_hyoui_color__hyoui__page0001
2141,3216,1,0.8005,488.9,461.2,1201.8,1100.1,train,regions_ako5ver2_koma_panels_20260729,ako_2017,koma_0082_page0034
2142,2788,1,0.8082,-2.6,681.8,1051.3,1910.3,test_series,014_2017_kacho,kacho,koma_01370_014_2017_kacho__done2__kacho20
2143,3688,1,0.8693,806.2,239.1,1369.2,804.5,test_series,027_2019_ben,ben,koma_02347_027_2019_ben__ben__page0005
2144,3395,1,0.6492,141.8,296.5,912.3,1222.2,test_panel,013_2017_gakusai1-3DL,gakusai,koma_01182_013_2017_gakusai1-3DL__2__page0024
2145,1322,1,0.816,387.5,-0.5,863.5,738.8,test_series,006_2016_pc,pc,koma_00395_006_2016_pc__works__page0003
2146,2304,2,0.6083,19.4,1280.6,448.4,1813.1,test_panel,053_2022b_akocult,ako_2020-22,koma_03800_053_2022b_akocult__akocult__page0046
2147,1316,1,0.8495,237.7,441.1,1268.1,1313.4,test_panel,004_2016_gal,gal,koma_00247_004_2016_gal__gal__page0016
2148,2768,3,0.8043,0.8,297.7,194.7,589.4,train,030_2019_succor,succor,koma_02611_030_2019_succor__succor__page0004
2149,608,1,0.8173,1600.2,1521.3,2864.1,2747.0,train,039_2020b_ako10,ako_2020-22,koma_03041_039_2020b_ako10__aco10__page0006
2150,3081,2,0.8581,1673.6,145.9,2203.0,650.4,train,072_2024c_ako,ako_2023-24,koma_04799_072_2024c_ako__ako4__page0021
2151,4263,1,0.803,1061.6,516.5,1540.4,969.0,train,030_2019_succor,succor,koma_02802_030_2019_succor__succor__page0051
2152,2200,1,0.7956,454.5,990.6,1676.3,2210.5,test_series,073_2024c_mayer,mayer,koma_04976_073_2024c_mayer__mayer__page0025
2153,1,1,0.8807,2604.0,702.5,3875.5,1866.3,train,013_2017_gakusai1-3DL,gakusai,koma_01236_013_2017_gakusai1-3DL__3__page0003
2154,3113,1,0.8843,2072.0,545.9,2577.0,1073.0,test_panel,032_2019b_ako8,ako_2018-19,koma_02879_032_2019b_ako8__ako8__page0001
2155,3829,1,0.8204,611.6,740.3,1251.3,1417.6,train,071_2024b_kids,kids,koma_04698_071_2024b_kids__milking__page0010
2156,2476,1,0.7791,1250.7,-15.1,2762.8,1331.8,train,061_2023b_akocultB,ako_2023-24,koma_04124_061_2023b_akocultB__akocultB__page0030
2157,1374,3,0.3164,792.6,704.6,1180.3,1163.0,train,041_2021_akogoods,ako_2020-22,koma_03228_041_2021_akogoods__akogoods__page0025
2158,2869,2,0.8451,433.8,461.7,897.7,937.6,train,021_2018_comics4,comics4,koma_02006_021_2018_comics4__china_v2_china__page0002
2159,3172,1,0.7818,580.3,258.0,1069.7,819.5,test_panel,030_2019_succor,succor,koma_02756_030_2019_succor__succor__page0040
2160,2833,1,0.7454,333.5,538.3,1452.4,1619.9,train,regions_ako5ver2_koma_panels_20260729,ako_2017,koma_0040_page0020
2161,758,2,0.8108,1276.6,1187.4,1957.5,1937.4,test_panel,039_2020b_ako10,ako_2020-22,koma_03077_039_2020b_ako10__aco10__page0018
2162,3712,2,0.7757,1129.6,189.6,1699.7,791.2,train,017_2017_stoptime,stoptime,koma_01643_017_2017_stoptime__stp__page0009
2163,3155,1,0.8581,553.7,524.2,944.2,935.1,train,071_2024b_kids,kids,koma_04763_071_2024b_kids__unmerged__page0011
2164,554,1,0.8784,1991.8,992.7,2975.1,1939.9,train,056_2022b_hyoui_color,hyoui_color,koma_03894_056_2022b_hyoui_color__hyoui__page0019
2165,4529,2,0.7888,280.0,291.9,414.8,494.3,test_panel,013_2017_gakusai1-3DL,gakusai,koma_01101_013_2017_gakusai1-3DL__1__page0031
2166,953,2,0.581,1234.2,2310.7,1425.8,2690.5,train,regions_ako5ver2_koma_panels_20260729,ako_2017,koma_0070_page0030
2167,2176,2,0.4382,129.2,1057.2,653.1,1916.4,test_panel,041_2021_akogoods,ako_2020-22,koma_03285_041_2021_akogoods__akogoods__page0053
2168,4858,1,0.5673,382.0,427.2,612.1,705.0,train,039_2020b_ako10,ako_2020-22,koma_03052_039_2020b_ako10__aco10__page0008
2169,556,1,0.856,233.9,2011.3,1369.3,3166.0,train,regions_fitness_koma_panels_20260729,fitness,koma_0060_page0019
2170,1032,2,0.6914,1393.8,1137.9,2141.7,1856.1,test_panel,030_2019_succor,succor,koma_02739_030_2019_succor__succor__page0037
2171,100,1,0.8616,1439.6,1399.1,2020.7,1965.0,train,068_2024b_ako4,ako_2023-24,koma_04520_068_2024b_ako4__ako4__page0010
2172,3032,1,0.8498,1500.5,129.2,2014.7,679.0,train,030_2019_succor,succor,koma_02810_030_2019_succor__succor__page0054
2173,3893,1,0.815,421.3,262.0,1056.2,958.8,train,037_2020_ako9,ako_2020-22,koma_02969_037_2020_ako9__ako9__page0021
2174,336,1,0.8541,1639.1,1.0,2672.9,801.5,train,016_2017_running,running,koma_01602_016_2017_running__running__page0038
2175,1242,1,0.8424,303.8,370.8,963.8,990.0,train,011_2017_ako5,ako_2017,koma_00735_011_2017_ako5__ako5__page0046
2176,3425,1,0.7886,75.8,1300.9,284.3,1544.9,train,018_2018_ako6,ako_2018-19,koma_01895_018_2018_ako6__done8__ako6-41
2177,1299,1,0.8796,480.5,0.4,1206.9,569.2,train,056_2022b_hyoui_color,hyoui_color,koma_03868_056_2022b_hyoui_color__hyoui__page0011
2178,1257,1,0.7991,473.9,1112.9,1558.8,2032.3,test_series,027_2019_ben,ben,koma_02378_027_2019_ben__ben__page0011
2179,4228,1,0.8474,719.0,767.0,1115.0,1308.4,train,061_2023b_akocultB,ako_2023-24,koma_04095_061_2023b_akocultB__akocultB__page0022
2180,2842,2,0.8228,1012.1,1152.0,1360.9,1698.2,test_panel,030_2019_succor,succor,koma_02828_030_2019_succor__succor__page0057
2181,1388,1,0.8313,214.5,555.1,1055.8,1287.0,train,011_2017_ako5,ako_2017,koma_00813_011_2017_ako5__ako5__page0090
2182,4323,1,0.8449,743.1,491.6,971.7,695.1,test_series,010_2016_suc,suc,koma_00654_010_2016_suc__subbcubussBK__page0005
2183,190,1,0.8242,1548.8,-2.0,2433.3,780.6,test_series,007_2016_phantom,phantom,koma_00484_007_2016_phantom__PhantomThief__page0011
2184,3269,1,0.8585,302.9,1530.7,661.9,1891.4,train,037_2020_ako9,ako_2020-22,koma_02965_037_2020_ako9__ako9__page0020
2185,3567,2,0.3776,545.5,963.1,797.4,1204.8,train,071_2024b_kids,kids,koma_04728_071_2024b_kids__milking__page0015
2186,68,1,0.8709,1933.3,232.3,2603.7,833.6,train,regions_gakuen_koma_panels_20260729,gakuen,koma_0018_page0005
2187,3201,5,0.6728,3350.5,390.2,3509.5,690.3,test_panel,030_2019_succor,succor,koma_02783_030_2019_succor__succor__page0047
2188,1090,1,0.842,1143.5,769.6,1697.0,1407.0,train,regions_fitness_koma_panels_20260729,fitness,koma_0071_page0022
2189,4541,1,0.7174,129.3,487.7,251.4,617.6,train,043_2021_hero,hero,koma_03536_043_2021_hero__hero__page0069
2190,2587,4,0.7881,729.3,-2.3,1124.2,445.0,train,013_2017_gakusai1-3DL,gakusai,koma_01097_013_2017_gakusai1-3DL__1__page0031
2191,3562,1,0.7937,1028.8,-9.4,2505.1,910.1,test_panel,017_2017_stoptime,stoptime,koma_01612_017_2017_stoptime__stp__page0001
2192,2176,1,0.8234,473.8,765.4,958.9,1670.8,test_panel,041_2021_akogoods,ako_2020-22,koma_03285_041_2021_akogoods__akogoods__page0053
2193,4335,1,0.8061,360.9,598.6,1095.7,1236.8,train,056_2022b_hyoui_color,hyoui_color,koma_03978_056_2022b_hyoui_color__hyoui__page0036
2194,1421,1,0.842,882.2,222.4,1434.8,743.5,train,regions_ako5ver2_koma_panels_20260729,ako_2017,koma_0064_page0026
2195,75,3,0.8401,3162.2,1189.9,3723.5,1732.6,train,021_2018_comics4,comics4,koma_02044_021_2018_comics4__china_v2_china__page0013
2196,2084,1,0.7453,666.4,845.2,944.5,1194.3,train,049_2022_akogoods,ako_2020-22,koma_03644_049_2022_akogoods__akogoods__page0074
2197,4387,1,0.7593,315.6,289.1,671.9,634.8,test_panel,030_2019_succor,succor,koma_02664_030_2019_succor__succor__page0017
2198,1273,1,0.7985,401.6,331.5,1603.9,1696.1,train,013_2017_gakusai1-3DL,gakusai,koma_01007_013_2017_gakusai1-3DL__1__page0010
2199,3171,1,0.8193,538.2,223.5,1216.1,964.5,train,013_2017_gakusai1-3DL,gakusai,koma_01277_013_2017_gakusai1-3DL__3__page0013
2200,4027,1,0.8178,99.9,1124.9,915.5,2001.0,test_panel,041_2021_akogoods,ako_2020-22,koma_03293_041_2021_akogoods__akogoods__page0056
2201,518,3,0.4306,0.7,3619.2,618.2,4096.4,train,053_2022b_akocult,ako_2020-22,koma_03779_053_2022b_akocult__akocult__page0038
2202,1062,1,0.6751,277.4,194.9,1105.8,1184.2,train,059_2023b_4th,4th,koma_04034_059_2023b_4th__4th__page0016
2203,4377,1,0.7961,226.6,379.5,809.1,1003.6,test_panel,072_2024c_ako,ako_2023-24,koma_04774_072_2024c_ako__ako4__page0004
2204,1187,1,0.8376,1127.8,126.3,1838.4,812.8,test_series,005_2016_ng,ng,koma_00344_005_2016_ng__新しいフォルダー_n__page0005
2205,4113,2,0.4872,521.2,45.9,1587.5,935.2,test_panel,029_2019_fringe3,fringe,koma_02530_029_2019_fringe3__fringe3__page0009
2206,1476,5,0.7797,285.2,556.8,522.3,826.7,train,030_2019_succor,succor,koma_02646_030_2019_succor__succor__page0011
2207,2045,2,0.8396,1241.0,1336.4,1850.4,1976.7,train,072_2024c_ako,ako_2023-24,koma_04792_072_2024c_ako__ako4__page0018
2208,1737,3,0.7785,2484.7,123.5,2743.0,446.5,train,regions_ako5ver2_koma_panels_20260729,ako_2017,koma_0080_page0034
2209,423,1,0.71,331.5,1284.2,612.9,1543.8,train,016_2017_running,running,koma_01577_016_2017_running__running__page0027
2210,1903,2,0.8173,-0.5,1869.1,372.3,2424.4,train,026_2019_ako7,ako_2018-19,koma_02172_026_2019_ako7__ako7__page0067
2211,1358,1,0.8522,2.5,153.9,666.2,810.7,test_series,005_2016_ng,ng,koma_00339_005_2016_ng__新しいフォルダー_n__page0002
2212,2064,1,0.6247,1808.9,128.2,2263.4,791.8,test_series,073_2024c_mayer,mayer,koma_04949_073_2024c_mayer__mayer__page0013
2213,50,2,0.4006,1149.5,1274.7,1725.5,1850.9,test_series,036_2020_UNI,uni,koma_02922_036_2020_UNI__UNI_works__page0002
2214,5032,1,0.8083,326.9,1450.3,739.6,1961.7,train,004_2016_gal,gal,koma_00156_004_2016_gal__root__page0005
2215,2917,2,0.6874,871.8,-0.0,1240.5,229.6,train,021_2018_comics4,comics4,koma_02161_021_2018_comics4__underworld_underworld__page0009
2216,2935,1,0.8415,476.6,505.6,1507.9,1548.9,train,011_2017_ako5,ako_2017,koma_00872_011_2017_ako5__done4__ako5-24
2217,2667,1,0.8331,169.4,765.0,832.8,1405.2,test_series,014_2017_kacho,kacho,koma_01344_014_2017_kacho__done__kacho03
2218,4904,1,0.8468,674.8,1115.1,1034.1,1428.6,train,019_2018_ako7,ako_2018-19,koma_01918_019_2018_ako7__ako7__page0071
2219,94,1,0.8688,611.1,923.0,1917.0,2186.2,test_series,005_2016_ng,ng,koma_00381_005_2016_ng__新しいフォルダー_n__page0017
2220,3037,1,0.8573,1429.5,257.9,1782.0,635.3,test_panel,018_2018_ako6,ako_2018-19,koma_01823_018_2018_ako6__done4__ako6-14
2221,240,1,0.7842,1018.7,193.1,2835.1,2347.2,test_series,073_2024c_mayer,mayer,koma_04982_073_2024c_mayer__mayer__page0027
2222,922,1,0.8717,2097.5,620.7,2807.8,1235.8,test_panel,017_2017_stoptime,stoptime,koma_01636_017_2017_stoptime__stp__page0008
2223,1606,3,0.4892,2187.7,150.3,3531.6,1327.7,train,013_2017_gakusai1-3DL,gakusai,koma_01196_013_2017_gakusai1-3DL__2__page0029
2224,2587,1,0.8416,2632.3,138.4,2928.3,446.5,train,013_2017_gakusai1-3DL,gakusai,koma_01097_013_2017_gakusai1-3DL__1__page0031
2225,3101,1,0.7556,231.1,509.9,1225.5,2090.0,train,072_2024c_ako,ako_2023-24,koma_04887_072_2024c_ako__ako4__page0054
2226,2835,1,0.759,50.7,-0.1,732.2,255.6,test_series,007_2016_phantom,phantom,koma_00521_007_2016_phantom__PhantomThief__page0030
2227,3123,1,0.829,1738.2,281.4,2499.9,995.0,train,068_2024b_ako4,ako_2023-24,koma_04486_068_2024b_ako4__ako4__page0002
2228,2250,2,0.8116,800.9,345.4,1086.3,597.9,test_panel,013_2017_gakusai1-3DL,gakusai,koma_01181_013_2017_gakusai1-3DL__2__page0024
2229,3588,1,0.4468,973.3,152.1,1343.5,845.7,test_series,005_2016_ng,ng,koma_00309_005_2016_ng__ng__page0015
2230,1941,1,0.7874,380.7,1753.0,692.0,2063.6,test_panel,043_2021_hero,hero,koma_03543_043_2021_hero__hero__page0071
2231,2698,1,0.7706,82.7,885.7,762.5,1637.0,test_series,005_2016_ng,ng,koma_00317_005_2016_ng__ng__page0018
2232,2032,1,0.8209,640.0,1507.7,831.2,1723.4,test_panel,059_2023b_4th,4th,koma_04027_059_2023b_4th__4th__page0014
2233,1172,2,0.8363,995.1,287.1,2091.1,1408.1,train,071_2024b_kids,kids,koma_04766_071_2024b_kids__unmerged__page0011
2234,2500,1,0.8518,407.0,642.0,908.9,1258.1,train,013_2017_gakusai1-3DL,gakusai,koma_01070_013_2017_gakusai1-3DL__1__page0025
2235,269,1,0.8433,881.7,63.3,1900.2,1197.9,train,053_2022b_akocult,ako_2020-22,koma_03812_053_2022b_akocult__akocult__page0050
2236,550,1,0.8472,1634.7,256.3,2817.2,1325.6,train,042_2021_akokate,ako_2020-22,koma_03363_042_2021_akokate__akokatei__page0016
2237,1600,1,0.8214,560.9,62.0,1563.7,1045.6,test_series,007_2016_phantom,phantom,koma_00522_007_2016_phantom__PhantomThief__page0030
2238,1409,1,0.6215,2234.4,270.9,2997.9,1125.6,train,051_2022b_4th,4th,koma_03753_051_2022b_4th__4th__page0034
2239,1819,2,0.8547,943.2,-2.8,1424.2,468.9,test_panel,037_2020_ako9,ako_2020-22,koma_03003_037_2020_ako9__ako9__page0033
2240,759,2,0.8192,3096.0,0.8,3916.7,495.4,train,061_2023b_akocultB,ako_2023-24,koma_04094_061_2023b_akocultB__akocultB__page0021
2241,849,1,0.8376,2886.0,260.6,4287.1,1581.1,test_panel,regions_ako5ver2_koma_panels_20260729,ako_2017,koma_0025_page0012
2242,2956,1,0.8183,309.1,274.8,863.4,849.1,test_panel,008_2016_poolsideIdle,poolsideidle,koma_00539_008_2016_poolsideIdle__poolside__page0001
2243,2069,1,0.8442,664.9,164.4,1143.7,655.6,train,regions_ako5ver2_koma_panels_20260729,ako_2017,koma_0139_page0051
2244,4280,1,0.7687,584.1,229.9,774.5,444.1,test_series,007_2016_phantom,phantom,koma_00449_007_2016_phantom__PhantomThief__page0003
2245,3986,1,0.7388,518.2,421.4,650.6,554.4,train,026_2019_ako7,ako_2018-19,koma_02223_026_2019_ako7__ako7__page0150
2246,344,2,0.6669,251.2,676.3,723.5,1716.4,train,060_2023b_ako3,ako_2023-24,koma_04061_060_2023b_ako3__ako3__page0008
2247,736,1,0.8733,709.9,1595.5,1370.0,2247.1,train,015_2017_pink,pink,koma_01467_015_2017_pink__pink__page0017
2248,5170,1,0.6323,452.0,388.0,1006.8,997.4,test_panel,015_2017_pink,pink,koma_01506_015_2017_pink__pink__page0038
2249,1862,1,0.8224,138.3,275.7,512.6,851.7,train,015_2017_pink,pink,koma_01438_015_2017_pink__done1__pink19
2250,349,1,0.7955,30.7,614.4,1384.6,2005.0,test_series,010_2016_suc,suc,koma_00701_010_2016_suc__subbcubussBK__page0034
2251,4319,2,0.7328,525.3,292.7,856.6,856.5,test_series,063_2023b_hamlabi,hamlabi,koma_04202_063_2023b_hamlabi__works__page0020
2252,3006,1,0.8694,2354.8,362.4,2886.3,863.1,train,018_2018_ako6,ako_2018-19,koma_01718_018_2018_ako6__ako6__page0065
2253,1035,1,0.8434,378.6,633.3,1179.9,1552.3,train,061_2023b_akocultB,ako_2023-24,koma_04171_061_2023b_akocultB__akocultB__page0045
2254,2569,1,0.7937,117.0,653.8,930.4,1583.6,train,065_2024_ako3B,ako_2023-24,koma_04302_065_2024_ako3B__ako3B__page0005
2255,3202,2,0.872,1411.7,526.3,1855.6,969.4,train,018_2018_ako6,ako_2018-19,koma_01798_018_2018_ako6__done2__ako6-15
2256,4723,1,0.6625,395.0,301.0,1473.4,1109.2,train,037_2020_ako9,ako_2020-22,koma_02960_037_2020_ako9__ako9__page0019
2257,3037,3,0.7901,3116.4,144.9,3524.6,573.0,test_panel,018_2018_ako6,ako_2018-19,koma_01823_018_2018_ako6__done4__ako6-14
2258,1500,2,0.8107,1432.5,205.7,1929.8,806.1,test_panel,065_2024_ako3B,ako_2023-24,koma_04406_065_2024_ako3B__ako3B__page0046
2259,2435,2,0.7619,680.2,1544.1,1106.4,1866.5,test_panel,042_2021_akokate,ako_2020-22,koma_03379_042_2021_akokate__akokatei__page0020
2260,1588,1,0.8027,833.6,15.0,2009.8,861.2,test_panel,013_2017_gakusai1-3DL,gakusai,koma_01134_013_2017_gakusai1-3DL__2__page0014
2261,539,2,0.6191,315.9,2171.8,847.8,2838.6,train,051_2022b_4th,4th,koma_03757_051_2022b_4th__4th__page0036
2262,641,1,0.8721,1212.9,659.2,1816.5,1249.2,test_panel,regions_fitness_koma_panels_20260729,fitness,koma_0041_page0013
2263,1522,1,0.7075,635.5,349.5,1408.8,1433.8,test_panel,064_2024_ako3,ako_2023-24,koma_04277_064_2024_ako3__ako3__page0040
2264,319,1,0.8475,334.8,39.6,1430.9,1070.7,train,061_2023b_akocultB,ako_2023-24,koma_04107_061_2023b_akocultB__akocultB__page0026
2265,4406,1,0.7522,157.8,89.7,955.9,793.1,train,013_2017_gakusai1-3DL,gakusai,koma_01173_013_2017_gakusai1-3DL__2__page0022
2266,1837,1,0.3794,26.7,817.5,1334.6,1682.5,test_series,005_2016_ng,ng,koma_00391_005_2016_ng__新しいフォルダー_n__page0020
2267,4686,3,0.5023,1463.2,551.4,1689.4,813.7,train,041_2021_akogoods,ako_2020-22,koma_03238_041_2021_akogoods__akogoods__page0026
2268,131,1,0.868,3183.0,1215.4,3851.1,1894.5,train,041_2021_akogoods,ako_2020-22,koma_03199_041_2021_akogoods__akogoods__page0017
2269,2303,1,0.7348,72.8,871.9,685.9,2019.1,train,002_2016_aljanne2,aljanne2,koma_00080_002_2016_aljanne2__aljanne2__page0016
2270,3837,2,0.3565,62.9,891.6,353.4,1304.0,train,011_2017_ako5,ako_2017,koma_00742_011_2017_ako5__ako5__page0050
2271,778,1,0.8331,3141.0,1047.9,4060.6,1939.2,train,018_2018_ako6,ako_2018-19,koma_01719_018_2018_ako6__ako6__page0084
2272,3020,3,0.3333,-1.5,1128.9,1004.4,2671.1,train,030_2019_succor,succor,koma_02821_030_2019_succor__succor__page0056
2273,2805,1,0.8519,175.8,1045.6,432.2,1331.1,train,068_2024b_ako4,ako_2023-24,koma_04528_068_2024b_ako4__ako4__page0015
2274,3759,1,0.8654,1262.7,141.3,1848.3,676.9,test_series,027_2019_ben,ben,koma_02353_027_2019_ben__ben__page0006
2275,207,1,0.8683,645.0,266.6,1215.9,890.0,train,069_2024b_fitness,fitness,koma_04561_069_2024b_fitness__kurip__page0002
2276,4957,2,0.7605,680.6,396.4,809.7,621.6,train,013_2017_gakusai1-3DL,gakusai,koma_01282_013_2017_gakusai1-3DL__3__page0014
2277,1850,1,0.8416,1006.9,1047.3,1532.1,1519.6,test_series,063_2023b_hamlabi,hamlabi,koma_04186_063_2023b_hamlabi__works__page0009
2278,1888,1,0.8645,563.4,1376.7,1241.1,2072.4,train,041_2021_akogoods,ako_2020-22,koma_03163_041_2021_akogoods__akogoods__page0008
2279,2629,3,0.476,128.6,55.3,444.2,628.4,train,011_2017_ako5,ako_2017,koma_00756_011_2017_ako5__ako5__page0053
2280,2652,3,0.827,1194.8,1656.0,1452.0,1956.9,train,071_2024b_kids,kids,koma_04700_071_2024b_kids__milking__page0010
2281,4403,1,0.8494,564.8,894.9,871.4,1169.9,train,020_2018_china2,china2,koma_01971_020_2018_china2__china2__page0013
2282,4954,2,0.5793,785.5,160.3,1044.0,551.9,train,039_2020b_ako10,ako_2020-22,koma_03089_039_2020b_ako10__aco10__page0021
2283,4484,1,0.8165,382.3,154.6,944.1,778.6,train,029_2019_fringe3,fringe,koma_02514_029_2019_fringe3__fringe3__page0005
2284,541,1,0.8632,1270.7,421.9,1843.3,902.6,train,regions_ako5ver2_koma_panels_20260729,ako_2017,koma_0009_page0003
2285,2266,1,0.8252,525.9,31.8,1935.7,1279.4,train,037_2020_ako9,ako_2020-22,koma_03006_037_2020_ako9__ako9__page0034
2286,933,1,0.8629,875.3,448.0,1307.4,890.5,test_series,regions_hamlabi_koma_panels_20260729,hamlabi,koma_0036_page0014
2287,1118,2,0.8262,938.7,533.7,1354.4,980.2,test_series,005_2016_ng,ng,koma_00264_005_2016_ng__ng__page0002
2288,487,1,0.8131,1661.0,970.1,2862.4,2162.3,train,regions_ako5ver2_koma_panels_20260729,ako_2017,koma_0124_page0048
2289,3990,1,0.8601,1750.8,464.9,2067.0,857.1,train,030_2019_succor,succor,koma_02850_030_2019_succor__succor__page0077
2290,2642,2,0.5251,1015.1,69.5,1710.6,1394.4,train,013_2017_gakusai1-3DL,gakusai,koma_01112_013_2017_gakusai1-3DL__2__page0006
2291,2399,3,0.4718,126.3,8.7,619.3,544.0,train,002_2016_aljanne2,aljanne2,koma_00040_002_2016_aljanne2__aljanne2__page0005
2292,1718,2,0.8574,2290.4,231.3,2744.0,717.5,test_panel,056_2022b_hyoui_color,hyoui_color,koma_03909_056_2022b_hyoui_color__hyoui__page0022
2293,1321,2,0.8519,2711.2,542.5,3173.0,1024.4,test_panel,056_2022b_hyoui_color,hyoui_color,koma_03933_056_2022b_hyoui_color__hyoui__page0027
2294,868,1,0.841,1446.4,251.4,2757.6,1462.8,test_series,005_2016_ng,ng,koma_00304_005_2016_ng__ng__page0014
2295,285,1,0.8692,2358.6,-0.3,3441.0,647.1,train,041_2021_akogoods,ako_2020-22,koma_03311_041_2021_akogoods__akogoods__page0074
2296,1073,2,0.857,1088.7,458.0,1828.8,1233.3,test_series,006_2016_pc,pc,koma_00425_006_2016_pc__works__page0012
2297,1426,4,0.8651,1092.5,732.8,1494.9,1151.5,test_panel,061_2023b_akocultB,ako_2023-24,koma_04108_061_2023b_akocultB__akocultB__page0027
2298,2816,1,0.8205,534.3,502.1,1368.7,1258.8,train,039_2020b_ako10,ako_2020-22,koma_03095_039_2020b_ako10__aco10__page0026
2299,2290,1,0.7536,1643.8,870.6,1773.9,1041.7,train,051_2022b_4th,4th,koma_03685_051_2022b_4th__4th__page0014
2300,490,2,0.6793,2319.1,400.6,3315.6,1405.6,train,004_2016_gal,gal,koma_00253_004_2016_gal__gal__page0019
2301,2016,2,0.8343,489.4,303.7,819.9,914.9,train,011_2017_ako5,ako_2017,koma_00770_011_2017_ako5__ako5__page0067
2302,2,4,0.7963,615.8,2866.1,1530.6,3884.9,train,013_2017_gakusai1-3DL,gakusai,koma_01231_013_2017_gakusai1-3DL__3__page0002
2303,23,4,0.8742,1288.9,2361.9,2261.6,3383.3,train,003_2016_avbu,avbu,koma_00096_003_2016_avbu__avb__page0001
2304,2263,1,0.8024,1011.3,-2.9,3140.8,1557.2,train,059_2023b_4th,4th,koma_04038_059_2023b_4th__4th__page0023
2305,4889,2,0.8586,537.8,200.5,767.0,439.4,train,012_2017_copy,copy,koma_00924_012_2017_copy__copy__page0019
2306,1619,3,0.8665,1034.6,873.6,1371.4,1211.6,train,042_2021_akokate,ako_2020-22,koma_03448_042_2021_akokate__akokatei__page0065
2307,2992,2,0.7719,76.2,467.6,526.2,1082.3,test_panel,030_2019_succor,succor,koma_02740_030_2019_succor__succor__page0037
2308,3267,1,0.8664,551.4,237.0,852.5,525.4,train,064_2024_ako3,ako_2023-24,koma_04226_064_2024_ako3__ako3__page0011
2309,3240,1,0.8482,1104.6,172.6,1561.9,683.1,train,064_2024_ako3,ako_2023-24,koma_04215_064_2024_ako3__ako3__page0009
2310,3424,1,0.4225,816.9,340.8,1047.9,651.2,train,061_2023b_akocultB,ako_2023-24,koma_04085_061_2023b_akocultB__akocultB__page0007
2311,764,1,0.8244,62.0,12.7,910.9,756.7,train,041_2021_akogoods,ako_2020-22,koma_03301_041_2021_akogoods__akogoods__page0060
2312,3863,2,0.8327,0.9,602.7,211.8,875.9,test_panel,018_2018_ako6,ako_2018-19,koma_01704_018_2018_ako6__ako6__page0058
2313,524,5,0.5428,3235.7,902.5,3486.1,1097.4,train,regions_ako5ver2_koma_panels_20260729,ako_2017,koma_0011_page0003
2314,202,2,0.8592,1147.4,763.1,2038.2,1715.2,train,065_2024_ako3B,ako_2023-24,koma_04356_065_2024_ako3B__ako3B__page0018
2315,919,2,0.6589,576.3,555.1,951.5,1446.8,train,012_2017_copy,copy,koma_00969_012_2017_copy__done2__copy07
2316,368,3,0.8092,2489.3,1569.1,2737.2,1849.4,train,021_2018_comics4,comics4,koma_02023_021_2018_comics4__china_v2_china__page0005
2317,2006,1,0.6646,792.9,447.2,911.7,598.2,test_series,073_2024c_mayer,mayer,koma_04913_073_2024c_mayer__mayer__page0004
2318,4031,1,0.8696,44.2,1447.2,458.1,1840.6,train,016_2017_running,running,koma_01575_016_2017_running__running__page0027
2319,1608,1,0.8633,247.1,378.2,768.2,924.4,test_series,005_2016_ng,ng,koma_00286_005_2016_ng__ng__page0008
2320,828,1,0.806,1217.7,199.3,1878.5,816.9,train,regions_4th_koma_panels_20260801,4th,koma_0154_page0036
2321,255,1,0.8547,661.1,671.2,1290.5,1561.4,train,069_2024b_fitness,fitness,koma_04658_069_2024b_fitness__kurip__page0032
2322,5207,1,0.7358,1542.9,371.9,1744.5,592.6,train,030_2019_succor,succor,koma_02632_030_2019_succor__succor__page0007
2323,2734,1,0.8553,1685.0,616.2,2450.0,1360.6,test_series,027_2019_ben,ben,koma_02329_027_2019_ben__ben__page0001
2324,934,1,0.8781,2395.4,348.1,3127.8,1062.7,test_panel,011_2017_ako5,ako_2017,koma_00867_011_2017_ako5__done4__ako5-23
2325,3665,3,0.805,994.6,601.5,1374.8,986.4,train,013_2017_gakusai1-3DL,gakusai,koma_01091_013_2017_gakusai1-3DL__1__page0030
2326,4556,1,0.8434,848.9,354.5,1016.9,563.3,train,041_2021_akogoods,ako_2020-22,koma_03275_041_2021_akogoods__akogoods__page0051
2327,43,7,0.3845,2448.1,1732.8,2740.4,2134.5,train,018_2018_ako6,ako_2018-19,koma_01884_018_2018_ako6__done8__ako6-39
2328,3245,1,0.7511,34.1,360.3,936.5,1279.7,test_series,010_2016_suc,suc,koma_00651_010_2016_suc__subbcubussBK__page0003
2329,3430,1,0.8643,624.5,768.4,920.1,1060.6,train,037_2020_ako9,ako_2020-22,koma_03013_037_2020_ako9__ako9__page0035
2330,2136,1,0.6325,549.9,-14.3,2248.1,1886.2,train,018_2018_ako6,ako_2018-19,koma_01806_018_2018_ako6__done3__ako6-21
2331,445,1,0.765,1549.8,958.3,1852.4,1273.7,train,065_2024_ako3B,ako_2023-24,koma_04337_065_2024_ako3B__ako3B__page0010
2332,3387,1,0.8577,133.8,530.3,567.7,1001.6,test_panel,037_2020_ako9,ako_2020-22,koma_03012_037_2020_ako9__ako9__page0035
2333,4834,1,0.8447,460.7,818.4,625.8,1081.2,train,037_2020_ako9,ako_2020-22,koma_03019_037_2020_ako9__ako9__page0036
2334,628,2,0.713,2883.3,617.8,3067.1,787.0,train,016_2017_running,running,koma_01560_016_2017_running__running__page0023
2335,3717,1,0.8051,329.5,307.2,1130.0,1139.7,train,064_2024_ako3,ako_2023-24,koma_04230_064_2024_ako3__ako3__page0014
2336,3049,1,0.8407,751.7,263.4,1095.6,656.7,train,026_2019_ako7,ako_2018-19,koma_02239_026_2019_ako7__ako7__page0163
2337,791,1,0.7451,993.0,175.1,2084.6,1692.9,train,053_2022b_akocult,ako_2020-22,koma_03772_053_2022b_akocult__akocult__page0034
2338,957,2,0.7593,1470.9,1474.6,2371.5,1788.2,test_panel,013_2017_gakusai1-3DL,gakusai,koma_01188_013_2017_gakusai1-3DL__2__page0027
2339,766,1,0.8102,1118.6,312.4,2549.8,1636.6,train,068_2024b_ako4,ako_2023-24,koma_04507_068_2024b_ako4__ako4__page0007
2340,3473,1,0.6623,744.9,235.8,1584.4,1000.3,test_series,073_2024c_mayer,mayer,koma_04953_073_2024c_mayer__mayer__page0013
2341,1495,1,0.8274,2393.7,1104.3,2820.5,1734.5,train,019_2018_ako7,ako_2018-19,koma_01910_019_2018_ako7__ako7__page0069
2342,3046,1,0.7894,1604.6,55.5,2827.5,1228.3,test_series,regions_hamlabi_koma_panels_20260729,hamlabi,koma_0053_page0023
2343,724,2,0.6654,190.7,145.2,1370.8,1425.7,train,013_2017_gakusai1-3DL,gakusai,koma_01048_013_2017_gakusai1-3DL__1__page0020
2344,2069,2,0.7963,176.8,2.9,752.5,387.3,train,regions_ako5ver2_koma_panels_20260729,ako_2017,koma_0139_page0051
2345,1150,1,0.7392,403.5,435.0,2169.5,2099.9,train,016_2017_running,running,koma_01525_016_2017_running__done__running
2346,1718,3,0.8524,1328.0,83.8,1757.3,575.5,test_panel,056_2022b_hyoui_color,hyoui_color,koma_03909_056_2022b_hyoui_color__hyoui__page0022
2347,1622,1,0.8011,2.2,1352.4,913.0,2155.8,test_panel,011_2017_ako5,ako_2017,koma_00892_011_2017_ako5__done4__ako5-32
2348,2764,2,0.8518,1.3,565.9,294.3,1118.6,train,021_2018_comics4,comics4,koma_02091_021_2018_comics4__mars_v2_mars_manuscript__page0010
2349,5209,2,0.7907,3.2,383.1,158.5,745.8,train,013_2017_gakusai1-3DL,gakusai,koma_01218_013_2017_gakusai1-3DL__2__page0034
2350,291,2,0.5803,97.5,829.2,350.3,1262.9,train,030_2019_succor,succor,koma_02799_030_2019_succor__succor__page0051
2351,910,1,0.8625,886.4,975.4,2171.7,2177.4,train,061_2023b_akocultB,ako_2023-24,koma_04086_061_2023b_akocultB__akocultB__page0017
2352,4259,1,0.817,81.7,970.8,924.3,1803.2,train,051_2022b_4th,4th,koma_03659_051_2022b_4th__4th__page0005
2353,4380,1,0.8193,539.5,300.5,917.4,627.4,train,021_2018_comics4,comics4,koma_02148_021_2018_comics4__underworld_underworld__page0006
2354,3140,1,0.7908,608.3,761.9,1809.0,2050.1,train,056_2022b_hyoui_color,hyoui_color,koma_03902_056_2022b_hyoui_color__hyoui__page0021
2355,796,1,0.838,574.9,110.3,1046.0,607.5,train,043_2021_hero,hero,koma_03511_043_2021_hero__hero__page0057
2356,3182,1,0.7448,45.5,1.4,915.9,921.8,train,013_2017_gakusai1-3DL,gakusai,koma_01158_013_2017_gakusai1-3DL__2__page0019
2357,1364,2,0.6904,1110.4,0.0,1812.5,288.0,train,regions_ako5ver2_koma_panels_20260729,ako_2017,koma_0100_page0040
2358,808,1,0.8419,1880.1,907.3,3029.6,2092.0,train,020_2018_china2,china2,koma_01944_020_2018_china2__china2__page0006
2359,1514,1,0.8474,780.1,253.0,1278.9,841.9,train,028_2019_fringe,fringe,koma_02460_028_2019_fringe__fringe_01__page0018
2360,3628,1,0.8228,1494.7,3.8,2363.1,391.5,train,003_2016_avbu,avbu,koma_00109_003_2016_avbu__avb__page0004
2361,3421,1,0.7997,487.0,643.8,1555.7,1941.7,train,056_2022b_hyoui_color,hyoui_color,koma_03903_056_2022b_hyoui_color__hyoui__page0021
2362,3168,1,0.6599,80.6,1015.4,1017.6,2234.5,train,043_2021_hero,hero,koma_03510_043_2021_hero__hero__page0056
2363,4667,2,0.6845,-0.5,6.3,388.4,468.0,train,013_2017_gakusai1-3DL,gakusai,koma_01186_013_2017_gakusai1-3DL__2__page0025
2364,3721,1,0.8355,812.7,353.4,1437.3,960.6,train,011_2017_ako5,ako_2017,koma_00755_011_2017_ako5__ako5__page0053
2365,2592,1,0.8513,1523.0,83.5,2137.8,730.1,test_panel,013_2017_gakusai1-3DL,gakusai,koma_01219_013_2017_gakusai1-3DL__2__page0034
2366,3782,1,0.8725,1365.3,378.1,1789.8,798.3,train,029_2019_fringe3,fringe,koma_02490_029_2019_fringe3__fringe3__page0001
2367,4217,3,0.7481,3164.1,159.5,3480.5,517.7,train,013_2017_gakusai1-3DL,gakusai,koma_01198_013_2017_gakusai1-3DL__2__page0030
2368,4019,1,0.8105,1008.9,138.5,1340.3,438.5,train,013_2017_gakusai1-3DL,gakusai,koma_01153_013_2017_gakusai1-3DL__2__page0019
2369,4839,1,0.8231,771.5,989.7,976.5,1291.3,train,041_2021_akogoods,ako_2020-22,koma_03305_041_2021_akogoods__akogoods__page0060
2370,4491,2,0.7854,150.6,590.8,378.7,1000.9,train,021_2018_comics4,comics4,koma_02126_021_2018_comics4__underworld_underworld__page0001
2371,897,1,0.8552,977.3,542.8,1817.9,1286.3,train,021_2018_comics4,comics4,koma_02036_021_2018_comics4__china_v2_china__page0012
2372,3558,1,0.8468,1754.3,438.4,2884.1,1749.9,train,029_2019_fringe3,fringe,koma_02493_029_2019_fringe3__fringe3__page0002
2373,3131,1,0.8719,2254.7,194.7,2715.9,621.3,train,021_2018_comics4,comics4,koma_02019_021_2018_comics4__china_v2_china__page0004
2374,358,1,0.8388,-0.8,1.9,996.9,1442.2,test_series,006_2016_pc,pc,koma_00428_006_2016_pc__works__page0012
2375,1757,2,0.8123,335.3,242.7,1300.3,1215.6,train,028_2019_fringe,fringe,koma_02425_028_2019_fringe__fringe_01__page0002
2376,351,1,0.8423,2697.4,308.9,3198.4,796.6,train,059_2023b_4th,4th,koma_04044_059_2023b_4th__4th__page0031
2377,2652,1,0.8694,730.0,1471.6,1027.8,1797.7,train,071_2024b_kids,kids,koma_04700_071_2024b_kids__milking__page0010
2378,1243,1,0.8681,801.2,186.4,1734.6,1078.2,train,056_2022b_hyoui_color,hyoui_color,koma_03975_056_2022b_hyoui_color__hyoui__page0035
2379,684,2,0.8107,1095.1,708.0,2049.7,1590.8,train,030_2019_succor,succor,koma_02698_030_2019_succor__succor__page0027
2380,893,1,0.811,2351.5,513.9,3451.3,1528.4,test_panel,072_2024c_ako,ako_2023-24,koma_04829_072_2024c_ako__ako4__page0037
2381,3243,1,0.8482,1104.6,172.6,1561.9,683.1,train,060_2023b_ako3,ako_2023-24,koma_04067_060_2023b_ako3__ako3__page0009
2382,1468,2,0.7268,1087.1,1034.9,1330.5,1485.0,train,072_2024c_ako,ako_2023-24,koma_04805_072_2024c_ako__ako4__page0024
2383,1211,2,0.7633,1343.6,121.5,1890.4,819.7,train,013_2017_gakusai1-3DL,gakusai,koma_01108_013_2017_gakusai1-3DL__2__page0004
2384,1437,1,0.8249,836.5,342.3,1717.8,1321.7,train,071_2024b_kids,kids,koma_04736_071_2024b_kids__milking__page0018
2385,4048,1,0.8643,482.0,304.3,771.9,586.1,train,041_2021_akogoods,ako_2020-22,koma_03265_041_2021_akogoods__akogoods__page0047
2386,4820,1,0.8504,760.0,173.0,1018.5,544.5,train,021_2018_comics4,comics4,koma_02075_021_2018_comics4__mars_v2_mars_manuscript__page0005
2387,1849,1,0.8426,1444.1,886.2,1731.1,1148.2,train,030_2019_succor,succor,koma_02608_030_2019_succor__succor__page0002
2388,1251,1,0.8489,543.9,2538.6,980.4,2945.9,train,043_2021_hero,hero,koma_03484_043_2021_hero__hero__page0035
2389,361,1,0.8626,529.7,912.0,1535.1,1687.2,train,regions_fitness_koma_panels_20260729,fitness,koma_0055_page0017
2390,799,1,0.811,2119.5,291.2,3210.1,1403.7,train,065_2024_ako3B,ako_2023-24,koma_04355_065_2024_ako3B__ako3B__page0017
2391,795,1,0.6377,1476.1,560.2,1894.4,1044.3,test_series,073_2024c_mayer,mayer,koma_04991_073_2024c_mayer__mayer__page0030
2392,2075,1,0.6982,485.8,401.7,1653.1,1570.2,test_series,009_2016_riko,riko,koma_00618_009_2016_riko__lozx__page0003
2393,589,1,0.836,1723.0,506.0,3219.2,1829.3,test_panel,021_2018_comics4,comics4,koma_02060_021_2018_comics4__mars_v2_mars_manuscript__page0003
2394,556,2,0.8321,456.7,524.8,1595.5,1749.0,train,regions_fitness_koma_panels_20260729,fitness,koma_0060_page0019
2395,1675,1,0.8526,1993.2,305.0,2696.8,975.0,test_panel,regions_ako5ver2_koma_panels_20260729,ako_2017,koma_0039_page0019
2396,469,1,0.8647,455.5,398.1,1361.2,1293.7,train,regions_ako5ver2_koma_panels_20260729,ako_2017,koma_0004_page0002
2397,833,1,0.8168,328.8,399.8,1061.6,1226.6,train,071_2024b_kids,kids,koma_04732_071_2024b_kids__milking__page0017
2398,123,2,0.8087,2741.3,361.3,3343.0,907.7,train,069_2024b_fitness,fitness,koma_04663_069_2024b_fitness__kurip__page0033
2399,5162,1,0.4833,435.1,1476.5,1327.9,2269.0,train,030_2019_succor,succor,koma_02790_030_2019_succor__succor__page0048
2400,3478,1,0.7785,-2.1,568.0,820.1,2051.5,train,029_2019_fringe3,fringe,koma_02601_029_2019_fringe3__fringe3__page0023
2401,4000,1,0.8382,627.2,1515.2,1132.7,1966.6,test_panel,030_2019_succor,succor,koma_02732_030_2019_succor__succor__page0035
2402,3186,2,0.5185,807.6,406.4,1103.5,762.5,train,041_2021_akogoods,ako_2020-22,koma_03166_041_2021_akogoods__akogoods__page0008
2403,582,1,0.8585,604.2,1523.5,973.6,1907.2,train,016_2017_running,running,koma_01571_016_2017_running__running__page0027
2404,3664,1,0.8406,299.5,471.8,813.8,967.3,train,021_2018_comics4,comics4,koma_02127_021_2018_comics4__underworld_underworld__page0001
2405,1249,1,0.8078,13.3,462.5,794.2,1281.5,test_series,regions_hamlabi_koma_panels_20260729,hamlabi,koma_0015_page0009
2406,659,1,0.8197,632.9,36.3,1357.7,684.8,train,004_2016_gal,gal,koma_00248_004_2016_gal__gal__page0016
2407,721,1,0.7989,69.9,584.7,753.7,1360.8,train,043_2021_hero,hero,koma_03472_043_2021_hero__hero__page0008
2408,4729,1,0.8234,47.2,181.2,516.7,647.8,train,020_2018_china2,china2,koma_01946_020_2018_china2__china2__page0006
2409,2224,1,0.8101,20.1,870.6,810.0,1982.5,test_panel,016_2017_running,running,koma_01593_016_2017_running__running__page0035
2410,2327,3,0.5542,942.7,135.5,1734.1,1008.2,train,016_2017_running,running,koma_01584_016_2017_running__running__page0030
2411,1546,2,0.7428,277.9,962.9,687.0,1428.6,train,regions_ako5ver2_koma_panels_20260729,ako_2017,koma_0158_page0060
2412,28,2,0.7143,801.0,4819.9,1905.2,6323.8,train,013_2017_gakusai1-3DL,gakusai,koma_01117_013_2017_gakusai1-3DL__2__page0008
2413,2777,1,0.8652,724.6,705.2,1254.2,1257.3,train,030_2019_succor,succor,koma_02773_030_2019_succor__succor__page0045
2414,1405,1,0.8178,643.9,690.1,1701.1,1642.5,train,013_2017_gakusai1-3DL,gakusai,koma_01142_013_2017_gakusai1-3DL__2__page0016
2415,1975,2,0.7138,1471.6,954.8,1659.3,1236.9,train,065_2024_ako3B,ako_2023-24,koma_04364_065_2024_ako3B__ako3B__page0019
2416,1025,1,0.8621,1293.9,907.4,1537.2,1171.9,test_panel,071_2024b_kids,kids,koma_04750_071_2024b_kids__unmerged__page0009
2417,2467,2,0.7141,1015.4,287.5,1338.3,720.2,test_panel,regions_ako5ver2_koma_panels_20260729,ako_2017,koma_0055_page0024
2418,3027,1,0.8203,395.2,263.2,1110.2,888.3,test_series,063_2023b_hamlabi,hamlabi,koma_04193_063_2023b_hamlabi__works__page0011
2419,1441,2,0.8535,2.7,1321.8,456.8,2094.4,train,013_2017_gakusai1-3DL,gakusai,koma_01000_013_2017_gakusai1-3DL__1__page0009
2420,4685,3,0.3148,923.3,689.2,1250.7,1131.0,train,018_2018_ako6,ako_2018-19,koma_01708_018_2018_ako6__ako6__page0058
2421,5288,1,0.8345,930.4,763.5,1087.5,995.2,train,011_2017_ako5,ako_2017,koma_00765_011_2017_ako5__ako5__page0063
2422,1416,1,0.7125,1282.3,233.5,1781.2,680.9,train,011_2017_ako5,ako_2017,koma_00891_011_2017_ako5__done4__ako5-31
2423,4499,1,0.7865,390.7,180.4,1169.5,1086.7,test_series,073_2024c_mayer,mayer,koma_04952_073_2024c_mayer__mayer__page0013
2424,671,1,0.8316,627.6,1952.9,1669.2,2916.1,train,016_2017_running,running,koma_01581_016_2017_running__running__page0029
2425,1,2,0.8497,3009.2,5048.2,4380.3,6393.6,train,013_2017_gakusai1-3DL,gakusai,koma_01236_013_2017_gakusai1-3DL__3__page0003
2426,1781,1,0.8647,1804.6,741.4,2533.7,1429.7,test_panel,029_2019_fringe3,fringe,koma_02604_029_2019_fringe3__fringe3__page0024
2427,3771,1,0.8026,489.1,1361.0,1154.6,2275.4,train,029_2019_fringe3,fringe,koma_02603_029_2019_fringe3__fringe3__page0024
2428,1444,2,0.5237,444.6,1242.8,1148.1,1564.3,test_series,005_2016_ng,ng,koma_00318_005_2016_ng__ng__page0018
2429,995,1,0.8025,319.1,450.5,1657.5,1486.5,train,013_2017_gakusai1-3DL,gakusai,koma_01133_013_2017_gakusai1-3DL__2__page0012
2430,4010,1,0.8111,433.8,501.1,1090.4,1184.1,test_series,014_2017_kacho,kacho,koma_01347_014_2017_kacho__done__kacho03
2431,1379,1,0.8293,104.5,824.8,1298.9,2034.2,train,042_2021_akokate,ako_2020-22,koma_03398_042_2021_akokate__akokatei__page0029
2432,1934,1,0.7509,357.2,528.8,650.9,871.7,train,072_2024c_ako,ako_2023-24,koma_04795_072_2024c_ako__ako4__page0018
2433,1604,2,0.5005,637.2,725.5,1359.2,1408.7,train,048_2022_akocult,ako_2020-22,koma_03609_048_2022_akocult__akocult__page0008
2434,1772,2,0.8046,1169.9,287.4,1765.6,884.5,test_panel,013_2017_gakusai1-3DL,gakusai,koma_00994_013_2017_gakusai1-3DL__1__page0007
2435,2193,1,0.8328,-0.0,3453.0,557.7,4077.6,train,018_2018_ako6,ako_2018-19,koma_01832_018_2018_ako6__done4__ako6-21
2436,159,1,0.7475,342.9,1063.6,629.7,1438.2,train,021_2018_comics4,comics4,koma_02129_021_2018_comics4__underworld_underworld__page0002
2437,3585,1,0.371,5.9,151.2,829.3,1269.4,test_series,005_2016_ng,ng,koma_00303_005_2016_ng__ng__page0013
2438,2837,1,0.794,930.0,122.9,1333.8,516.2,test_panel,043_2021_hero,hero,koma_03531_043_2021_hero__hero__page0066
2439,4989,1,0.7944,695.9,555.3,1216.9,1095.5,test_panel,026_2019_ako7,ako_2018-19,koma_02221_026_2019_ako7__ako7__page0150
2440,4181,1,0.8481,1010.2,241.5,1553.9,720.4,train,008_2016_poolsideIdle,poolsideidle,koma_00542_008_2016_poolsideIdle__poolside__page0001
2441,2949,1,0.8274,75.1,148.0,1025.4,1208.8,train,012_2017_copy,copy,koma_00958_012_2017_copy__copy__page0032
2442,1296,1,0.8455,775.9,-0.4,2133.6,881.7,test_panel,026_2019_ako7,ako_2018-19,koma_02312_026_2019_ako7__done__road13
2443,1431,1,0.8653,1569.8,892.3,2871.3,1999.8,train,026_2019_ako7,ako_2018-19,koma_02276_026_2019_ako7__done__ako7-28
2444,1714,2,0.408,2056.9,2853.9,2393.7,3568.7,test_panel,056_2022b_hyoui_color,hyoui_color,koma_03984_056_2022b_hyoui_color__hyoui__page0039
2445,1076,5,0.7498,1374.8,133.1,1602.6,424.6,train,030_2019_succor,succor,koma_02609_030_2019_succor__succor__page0004
2446,3523,1,0.7852,-2.2,264.2,619.4,1091.4,train,004_2016_gal,gal,koma_00218_004_2016_gal__gal__page0006
2447,1061,1,0.7817,343.2,239.2,1437.7,1247.6,test_panel,016_2017_running,running,koma_01574_016_2017_running__running__page0027
2448,4388,1,0.5359,450.5,856.3,511.5,924.0,train,041_2021_akogoods,ako_2020-22,koma_03176_041_2021_akogoods__akogoods__page0010
2449,1339,2,0.846,1.2,522.9,559.0,1573.9,test_series,027_2019_ben,ben,koma_02374_027_2019_ben__ben__page0010
2450,2587,3,0.8083,1604.8,164.1,1877.8,408.6,train,013_2017_gakusai1-3DL,gakusai,koma_01097_013_2017_gakusai1-3DL__1__page0031
2451,680,1,0.802,138.0,1478.1,1252.4,2543.6,train,053_2022b_akocult,ako_2020-22,koma_03805_053_2022b_akocult__akocult__page0048
2452,532,2,0.8494,801.9,398.3,1452.2,1319.4,train,regions_4th_koma_panels_20260801,4th,koma_0031_page0007
2453,1529,2,0.8552,974.1,946.5,1417.4,1501.6,train,042_2021_akokate,ako_2020-22,koma_03338_042_2021_akokate__akokatei__page0009
2454,417,1,0.8835,616.9,721.6,1496.5,1479.4,test_series,014_2017_kacho,kacho,koma_01413_014_2017_kacho__kacho__page0044
2455,3474,1,0.7345,507.0,402.9,1370.5,1251.8,train,011_2017_ako5,ako_2017,koma_00783_011_2017_ako5__ako5__page0071
2456,1121,1,0.8318,178.4,281.1,736.2,890.9,test_panel,065_2024_ako3B,ako_2023-24,koma_04405_065_2024_ako3B__ako3B__page0046
2457,1711,1,0.8306,1144.6,930.0,1312.9,1120.7,test_panel,regions_ako5ver2_koma_panels_20260729,ako_2017,koma_0014_page0007
2458,4972,1,0.8555,542.1,2234.2,949.7,2629.5,train,026_2019_ako7,ako_2018-19,koma_02203_026_2019_ako7__ako7__page0133
2459,1741,1,0.8812,536.1,876.9,1244.4,1550.1,train,039_2020b_ako10,ako_2020-22,koma_03033_039_2020b_ako10__aco10__page0001
2460,1426,1,0.8751,363.4,669.3,766.1,1061.1,test_panel,061_2023b_akocultB,ako_2023-24,koma_04108_061_2023b_akocultB__akocultB__page0027
2461,26,1,0.867,2576.0,1201.9,3550.3,2184.2,train,039_2020b_ako10,ako_2020-22,koma_03045_039_2020b_ako10__aco10__page0007
2462,1032,1,0.8665,570.9,403.1,1357.6,1123.4,test_panel,030_2019_succor,succor,koma_02739_030_2019_succor__succor__page0037
2463,2786,1,0.6874,1023.9,510.3,1554.8,1080.8,train,015_2017_pink,pink,koma_01417_015_2017_pink__done1__pink10
2464,4073,1,0.7826,649.2,145.9,788.6,313.8,train,013_2017_gakusai1-3DL,gakusai,koma_01185_013_2017_gakusai1-3DL__2__page0025
2465,1843,1,0.83,1465.4,321.0,1948.2,809.3,test_series,073_2024c_mayer,mayer,koma_04972_073_2024c_mayer__mayer__page0024
2466,2806,3,0.819,1805.2,458.4,2124.3,1180.4,train,008_2016_poolsideIdle,poolsideidle,koma_00538_008_2016_poolsideIdle__poolside__page0001
2467,53,1,0.8674,1810.4,361.3,2952.9,1447.9,train,069_2024b_fitness,fitness,koma_04607_069_2024b_fitness__kurip__page0014
2468,5157,1,0.3696,164.8,1102.7,631.4,1811.8,test_panel,015_2017_pink,pink,koma_01428_015_2017_pink__done1__pink15
2469,156,2,0.8391,508.1,407.7,1507.8,1540.8,train,069_2024b_fitness,fitness,koma_04611_069_2024b_fitness__kurip__page0015
2470,2902,1,0.8667,217.9,299.4,775.1,798.6,train,013_2017_gakusai1-3DL,gakusai,koma_01292_013_2017_gakusai1-3DL__3__page0016
2471,673,1,0.8392,-0.9,1269.6,499.3,1889.5,train,016_2017_running,running,koma_01563_016_2017_running__running__page0025
2472,242,1,0.84,781.6,457.5,1601.6,1289.6,train,041_2021_akogoods,ako_2020-22,koma_03225_041_2021_akogoods__akogoods__page0023
2473,2847,1,0.8366,1314.2,-2.5,1966.0,594.0,test_series,005_2016_ng,ng,koma_00270_005_2016_ng__ng__page0004
2474,4874,1,0.8058,455.6,377.6,894.4,768.6,test_series,014_2017_kacho,kacho,koma_01391_014_2017_kacho__kacho__page0033
2475,2129,2,0.8283,676.9,832.8,1138.7,1395.4,train,056_2022b_hyoui_color,hyoui_color,koma_03976_056_2022b_hyoui_color__hyoui__page0036
2476,1412,2,0.8497,541.8,230.2,922.3,613.4,test_series,005_2016_ng,ng,koma_00300_005_2016_ng__ng__page0012
2477,2799,1,0.8628,830.2,995.1,1134.8,1345.5,train,012_2017_copy,copy,koma_00970_012_2017_copy__done2__copy07
2478,3440,1,0.7054,1528.4,28.2,1940.9,489.0,train,018_2018_ako6,ako_2018-19,koma_01807_018_2018_ako6__done3__ako6-21
2479,1678,1,0.8295,963.2,517.6,1249.5,818.1,train,072_2024c_ako,ako_2023-24,koma_04817_072_2024c_ako__ako4__page0030
2480,1822,1,0.7176,1758.6,95.3,2045.9,423.0,train,042_2021_akokate,ako_2020-22,koma_03389_042_2021_akokate__akokatei__page0026
2481,108,1,0.8162,2401.2,560.2,3886.5,2223.7,train,041_2021_akogoods,ako_2020-22,koma_03173_041_2021_akogoods__akogoods__page0009
2482,2066,2,0.8636,1001.9,267.5,1851.6,1159.1,train,061_2023b_akocultB,ako_2023-24,koma_04117_061_2023b_akocultB__akocultB__page0028
2483,2425,3,0.7569,32.8,778.8,621.0,1486.3,train,013_2017_gakusai1-3DL,gakusai,koma_01202_013_2017_gakusai1-3DL__2__page0030
2484,3217,1,0.8668,452.5,376.3,831.3,761.5,test_panel,013_2017_gakusai1-3DL,gakusai,koma_01297_013_2017_gakusai1-3DL__3__page0017
2485,2008,1,0.8647,674.5,176.4,1392.3,913.5,train,029_2019_fringe3,fringe,koma_02602_029_2019_fringe3__fringe3__page0023
2486,4868,1,0.8598,1006.9,211.9,1538.2,680.7,train,011_2017_ako5,ako_2017,koma_00746_011_2017_ako5__ako5__page0050
2487,1699,1,0.7133,382.4,268.3,1828.0,1703.9,test_series,005_2016_ng,ng,koma_00291_005_2016_ng__ng__page0009
2488,2851,1,0.86,1700.6,668.9,2752.8,1711.0,train,047_2022_4th,4th,koma_03592_047_2022_4th__4th__page0013
2489,4756,1,0.8637,849.2,287.6,1208.7,651.5,train,040_2020b_nurse,nurse+nanami,koma_03121_040_2020b_nurse__pumpkin__page0003
2490,2644,1,0.8628,476.3,1287.8,996.7,1814.5,test_series,014_2017_kacho,kacho,koma_01349_014_2017_kacho__done__kacho07
2491,1135,1,0.8162,174.1,94.2,486.4,407.6,test_series,063_2023b_hamlabi,hamlabi,koma_04180_063_2023b_hamlabi__works__page0007
2492,2897,1,0.7825,401.9,346.4,1195.7,1140.0,test_panel,030_2019_succor,succor,koma_02785_030_2019_succor__succor__page0048
2493,3375,1,0.3742,330.6,778.8,1078.7,1597.8,train,065_2024_ako3B,ako_2023-24,koma_04351_065_2024_ako3B__ako3B__page0017
2494,2161,2,0.8009,324.7,1055.1,878.6,1871.4,test_panel,042_2021_akokate,ako_2020-22,koma_03381_042_2021_akokate__akokatei__page0020
2495,498,2,0.853,3008.6,101.2,3686.6,786.2,train,011_2017_ako5,ako_2017,koma_00766_011_2017_ako5__ako5__page0066
2496,4752,1,0.8082,274.2,524.1,1027.6,1284.6,test_series,regions_hamlabi_koma_panels_20260729,hamlabi,koma_0057_page0026
2497,1366,2,0.5569,2403.8,1358.6,3592.7,2215.0,test_panel,030_2019_succor,succor,koma_02849_030_2019_succor__succor__page0077
2498,1355,1,0.5486,290.6,146.0,1319.2,1668.4,train,regions_gakuen_koma_panels_20260729,gakuen,koma_0004_page0002
2499,1908,2,0.4045,979.1,699.1,1887.8,2129.2,test_panel,056_2022b_hyoui_color,hyoui_color,koma_03987_056_2022b_hyoui_color__hyoui__page0040
2500,391,1,0.87,922.5,875.0,1474.0,1453.0,train,regions_fitness_koma_panels_20260729,fitness,koma_0057_page0018
2501,3198,3,0.7132,45.0,199.6,325.9,733.4,train,008_2016_poolsideIdle,poolsideidle,koma_00607_008_2016_poolsideIdle__poolside__page0019
2502,902,1,0.8053,87.8,446.5,1641.1,2102.9,test_panel,069_2024b_fitness,fitness,koma_04630_069_2024b_fitness__kurip__page0021
2503,4404,1,0.8931,430.3,696.1,764.9,1005.7,train,013_2017_gakusai1-3DL,gakusai,koma_01138_013_2017_gakusai1-3DL__2__page0015
2504,3505,1,0.8067,131.0,942.4,671.0,1764.0,train,002_2016_aljanne2,aljanne2,koma_00082_002_2016_aljanne2__aljanne2__page0017
2505,927,3,0.8583,1945.4,661.5,2502.5,1314.9,train,026_2019_ako7,ako_2018-19,koma_02179_026_2019_ako7__ako7__page0068
2506,543,1,0.8767,1822.4,194.7,2717.2,1029.7,train,069_2024b_fitness,fitness,koma_04593_069_2024b_fitness__kurip__page0009
2507,4155,1,0.8039,706.5,179.5,1428.8,951.9,test_series,073_2024c_mayer,mayer,koma_04963_073_2024c_mayer__mayer__page0020
2508,1318,2,0.4398,305.9,925.8,1326.3,2099.9,train,041_2021_akogoods,ako_2020-22,koma_03288_041_2021_akogoods__akogoods__page0054
2509,490,1,0.8258,1239.6,-26.9,2717.3,1379.8,train,004_2016_gal,gal,koma_00253_004_2016_gal__gal__page0019
2510,1536,1,0.7259,911.6,706.2,1075.8,983.6,test_series,010_2016_suc,suc,koma_00663_010_2016_suc__subbcubussBK__page0010
2511,124,1,0.8759,383.5,1618.5,1410.5,2603.5,test_panel,041_2021_akogoods,ako_2020-22,koma_03254_041_2021_akogoods__akogoods__page0038
2512,3145,3,0.8656,314.7,279.3,701.5,639.1,train,013_2017_gakusai1-3DL,gakusai,koma_01295_013_2017_gakusai1-3DL__3__page0016
2513,3860,1,0.5334,976.2,164.6,1341.7,846.0,test_series,005_2016_ng,ng,koma_00378_005_2016_ng__新しいフォルダー_n__page0015
2514,4270,1,0.8297,57.4,315.1,392.2,690.7,test_series,007_2016_phantom,phantom,koma_00459_007_2016_phantom__PhantomThief__page0005
2515,900,2,0.8552,734.7,166.7,1246.9,819.0,train,020_2018_china2,china2,koma_01943_020_2018_china2__china2__page0005
2516,3768,2,0.6723,9.1,803.2,283.4,1212.9,test_panel,043_2021_hero,hero,koma_03516_043_2021_hero__hero__page0057
2517,1385,1,0.8073,69.1,391.4,941.8,1214.9,test_series,regions_hamlabi_koma_panels_20260729,hamlabi,koma_0003_page0006
2518,1725,1,0.5817,701.7,13.7,2018.5,1469.4,train,002_2016_aljanne2,aljanne2,koma_00084_002_2016_aljanne2__aljanne2__page0018
2519,1933,1,0.7526,359.6,537.7,651.0,870.9,test_panel,068_2024b_ako4,ako_2023-24,koma_04547_068_2024b_ako4__ako4__page0018
2520,75,7,0.3255,2415.2,926.7,2678.3,1185.8,train,021_2018_comics4,comics4,koma_02044_021_2018_comics4__china_v2_china__page0013
2521,470,1,0.5377,299.7,1361.5,768.1,1870.1,test_series,073_2024c_mayer,mayer,koma_04938_073_2024c_mayer__mayer__page0010
2522,1599,3,0.5393,2791.1,227.3,3153.0,630.1,train,030_2019_succor,succor,koma_02784_030_2019_succor__succor__page0047
2523,156,1,0.8625,2675.4,229.9,3752.9,1340.2,train,069_2024b_fitness,fitness,koma_04611_069_2024b_fitness__kurip__page0015
2524,2665,1,0.866,361.3,331.3,901.0,870.7,test_panel,072_2024c_ako,ako_2023-24,koma_04781_072_2024c_ako__ako4__page0016
2525,2421,1,0.8287,508.0,219.2,988.1,724.3,test_series,027_2019_ben,ben,koma_02361_027_2019_ben__ben__page0007
2526,2629,2,0.8648,1439.1,249.6,1854.7,727.7,train,011_2017_ako5,ako_2017,koma_00756_011_2017_ako5__ako5__page0053
2527,4661,1,0.8471,1015.7,272.8,1280.4,543.1,train,013_2017_gakusai1-3DL,gakusai,koma_01283_013_2017_gakusai1-3DL__3__page0014
2528,4584,1,0.8147,648.0,84.2,1429.0,843.2,test_series,014_2017_kacho,kacho,koma_01363_014_2017_kacho__done2__kacho09
2529,2068,2,0.8265,1040.4,310.5,1631.2,954.4,train,072_2024c_ako,ako_2023-24,koma_04900_072_2024c_ako__ako4__page0061
2530,3201,1,0.862,481.7,36.0,818.5,387.4,test_panel,030_2019_succor,succor,koma_02783_030_2019_succor__succor__page0047
2531,2453,1,0.8062,388.2,381.6,978.3,1205.8,train,020_2018_china2,china2,koma_01953_020_2018_china2__china2__page0008
2532,4052,1,0.6032,383.3,79.0,1019.8,824.7,train,021_2018_comics4,comics4,koma_02073_021_2018_comics4__mars_v2_mars_manuscript__page0005
2533,3162,2,0.4456,455.9,271.5,1561.6,1402.5,train,029_2019_fringe3,fringe,koma_02551_029_2019_fringe3__fringe3__page0013
2534,2891,1,0.7736,739.5,23.9,1663.2,770.0,train,002_2016_aljanne2,aljanne2,koma_00036_002_2016_aljanne2__aljanne2__page0004
2535,1057,1,0.8414,1464.5,-5.5,2291.7,605.8,test_panel,030_2019_succor,succor,koma_02647_030_2019_succor__succor__page0011
2536,4549,1,0.8287,385.4,922.3,1125.6,1660.3,test_panel,020_2018_china2,china2,koma_01997_020_2018_china2__china2__page0026
2537,1307,1,0.8207,516.0,175.1,1398.7,1090.6,train,regions_fitness_koma_panels_20260729,fitness,koma_0019_page0006
2538,4042,1,0.461,1522.4,8.0,3136.4,767.3,train,021_2018_comics4,comics4,koma_02102_021_2018_comics4__mars_v2_mars_manuscript__page0011
2539,433,1,0.8695,1114.4,1131.1,1661.6,1582.0,test_series,regions_hamlabi_koma_panels_20260729,hamlabi,koma_0002_page0006
2540,314,2,0.789,2314.2,70.0,3464.5,1032.3,test_series,005_2016_ng,ng,koma_00285_005_2016_ng__ng__page0008
2541,1444,1,0.8466,1628.5,210.4,2003.8,561.0,test_series,005_2016_ng,ng,koma_00318_005_2016_ng__ng__page0018
2542,1625,1,0.8149,1120.8,43.7,2140.2,1357.2,train,018_2018_ako6,ako_2018-19,koma_01897_018_2018_ako6__done8__ako6-41
2543,1528,3,0.3741,999.5,1940.3,1368.8,2332.0,train,056_2022b_hyoui_color,hyoui_color,koma_03876_056_2022b_hyoui_color__hyoui__page0013
2544,3842,1,0.8476,288.6,0.4,863.7,279.8,train,002_2016_aljanne2,aljanne2,koma_00071_002_2016_aljanne2__aljanne2__page0013
2545,4207,1,0.8362,158.7,919.8,562.8,1354.9,test_series,006_2016_pc,pc,koma_00394_006_2016_pc__works__page0003
2546,167,5,0.8352,877.4,170.9,1348.5,665.2,train,032_2019b_ako8,ako_2018-19,koma_02900_032_2019b_ako8__ako8__page0018
2547,337,2,0.8283,1786.7,220.0,2402.5,897.2,train,004_2016_gal,gal,koma_00175_004_2016_gal__root__page0011
2548,5054,1,0.5136,368.9,168.4,1022.7,593.2,train,018_2018_ako6,ako_2018-19,koma_01766_018_2018_ako6__ako6__page0125
2549,4971,1,0.8201,414.0,377.0,808.2,759.9,test_panel,041_2021_akogoods,ako_2020-22,koma_03296_041_2021_akogoods__akogoods__page0056
2550,4539,1,0.8674,533.8,799.4,783.0,1063.3,train,018_2018_ako6,ako_2018-19,koma_01825_018_2018_ako6__done4__ako6-17
2551,869,1,0.841,1446.4,251.4,2757.6,1462.8,test_series,005_2016_ng,ng,koma_00373_005_2016_ng__新しいフォルダー_n__page0014
2552,2753,1,0.5281,1627.4,2107.8,2127.8,2610.6,train,037_2020_ako9,ako_2020-22,koma_02947_037_2020_ako9__ako9__page0010
2553,4963,1,0.3867,105.1,593.3,709.9,1420.1,train,026_2019_ako7,ako_2018-19,koma_02293_026_2019_ako7__done__ako7-35
2554,1849,3,0.8285,315.6,1663.7,580.0,1956.3,train,030_2019_succor,succor,koma_02608_030_2019_succor__succor__page0002
2555,2138,1,0.8647,556.5,83.9,958.9,504.5,train,072_2024c_ako,ako_2023-24,koma_04851_072_2024c_ako__ako4__page0045
2556,1781,2,0.8518,287.4,571.3,1123.9,1452.5,test_panel,029_2019_fringe3,fringe,koma_02604_029_2019_fringe3__fringe3__page0024
2557,1526,1,0.8324,758.9,0.1,1272.0,421.6,train,012_2017_copy,copy,koma_00903_012_2017_copy__copy__page0012
2558,403,1,0.859,499.4,779.5,1145.7,1514.2,train,041_2021_akogoods,ako_2020-22,koma_03229_041_2021_akogoods__akogoods__page0025
2559,4229,1,0.8207,76.8,932.9,729.6,1525.7,train,012_2017_copy,copy,koma_00923_012_2017_copy__copy__page0019
2560,616,2,0.7551,843.9,685.2,1280.1,1227.2,test_series,007_2016_phantom,phantom,koma_00498_007_2016_phantom__PhantomThief__page0015
2561,1300,1,0.8637,1296.2,877.0,1843.4,1444.8,test_panel,026_2019_ako7,ako_2018-19,koma_02289_026_2019_ako7__done__ako7-34
2562,2619,1,0.8052,1407.3,268.9,1883.9,846.6,test_series,073_2024c_mayer,mayer,koma_04993_073_2024c_mayer__mayer__page0030
2563,836,1,0.8607,2022.9,656.7,2745.4,1421.4,test_series,036_2020_UNI,uni,koma_02925_036_2020_UNI__UNI_works__page0003
2564,5271,2,0.839,457.7,49.8,597.2,235.4,train,021_2018_comics4,comics4,koma_02128_021_2018_comics4__underworld_underworld__page0001
2565,1517,1,0.8278,1020.4,1207.4,1317.4,1550.7,train,065_2024_ako3B,ako_2023-24,koma_04343_065_2024_ako3B__ako3B__page0015
2566,420,1,0.8752,890.1,227.2,1753.7,1091.4,test_series,005_2016_ng,ng,koma_00376_005_2016_ng__新しいフォルダー_n__page0014
2567,1545,2,0.3997,2452.0,1138.5,2990.5,1579.3,train,008_2016_poolsideIdle,poolsideidle,koma_00546_008_2016_poolsideIdle__poolside__page0003
2568,2751,1,0.7268,514.6,837.8,1028.4,1355.6,train,065_2024_ako3B,ako_2023-24,koma_04335_065_2024_ako3B__ako3B__page0010
2569,632,1,0.8157,-0.8,775.1,1317.8,2356.2,train,056_2022b_hyoui_color,hyoui_color,koma_03980_056_2022b_hyoui_color__hyoui__page0037
2570,193,1,0.8711,1658.7,274.1,2646.8,1269.7,train,069_2024b_fitness,fitness,koma_04668_069_2024b_fitness__kurip__page0037
2571,3063,1,0.756,3005.6,212.3,3231.7,428.3,train,030_2019_succor,succor,koma_02755_030_2019_succor__succor__page0040
2572,1147,1,0.8381,315.2,289.0,885.6,1066.2,train,064_2024_ako3,ako_2023-24,koma_04266_064_2024_ako3__ako3__page0031
2573,3052,1,0.8495,2511.8,-2.4,3687.0,886.6,train,002_2016_aljanne2,aljanne2,koma_00061_002_2016_aljanne2__aljanne2__page0011
2574,1590,2,0.7837,1398.0,521.3,1718.1,954.4,train,030_2019_succor,succor,koma_02686_030_2019_succor__succor__page0025
2575,1319,2,0.746,1720.3,13.2,1929.4,253.6,train,002_2016_aljanne2,aljanne2,koma_00085_002_2016_aljanne2__aljanne2__page0018
2576,614,2,0.3444,719.6,2258.3,2189.5,2613.5,train,003_2016_avbu,avbu,koma_00137_003_2016_avbu__avb__page0028
2577,1818,1,0.8686,800.7,354.6,1527.3,1088.3,train,056_2022b_hyoui_color,hyoui_color,koma_03957_056_2022b_hyoui_color__hyoui__page0031
2578,3782,2,0.87,637.3,259.3,1093.4,713.3,train,029_2019_fringe3,fringe,koma_02490_029_2019_fringe3__fringe3__page0001
2579,2701,1,0.7706,82.7,885.7,762.5,1637.0,test_series,005_2016_ng,ng,koma_00385_005_2016_ng__新しいフォルダー_n__page0018
2580,2598,1,0.42,763.6,911.7,1985.3,2382.7,train,061_2023b_akocultB,ako_2023-24,koma_04121_061_2023b_akocultB__akocultB__page0030
2581,2822,2,0.7394,1009.9,2739.2,1151.1,2885.9,train,030_2019_succor,succor,koma_02775_030_2019_succor__succor__page0046
2582,219,1,0.8689,2727.0,1389.1,3534.2,2314.3,train,004_2016_gal,gal,koma_00190_004_2016_gal__root__page0014
2583,1842,3,0.4049,1185.5,698.7,1356.4,945.7,train,030_2019_succor,succor,koma_02620_030_2019_succor__succor__page0005
2584,3439,2,0.7231,674.5,188.3,1097.2,1085.9,test_panel,042_2021_akokate,ako_2020-22,koma_03393_042_2021_akokate__akokatei__page0028
2585,3087,3,0.7776,-1.6,350.2,305.8,906.4,test_series,014_2017_kacho,kacho,koma_01352_014_2017_kacho__done__kacho10
2586,11,1,0.8753,654.7,463.8,2173.1,1778.4,test_panel,013_2017_gakusai1-3DL,gakusai,koma_01184_013_2017_gakusai1-3DL__2__page0025
2587,5029,1,0.8083,326.9,1450.3,739.6,1961.7,test_panel,004_2016_gal,gal,koma_00215_004_2016_gal__gal__page0005
2588,2578,1,0.7158,597.5,1032.3,856.8,1388.5,train,071_2024b_kids,kids,koma_04705_071_2024b_kids__milking__page0011
2589,4664,1,0.832,1031.7,67.2,1637.0,658.0,train,042_2021_akokate,ako_2020-22,koma_03424_042_2021_akokate__akokatei__page0047
2590,3603,1,0.8086,1641.4,278.3,2330.7,1167.3,train,061_2023b_akocultB,ako_2023-24,koma_04113_061_2023b_akocultB__akocultB__page0027
2591,4688,1,0.8633,1250.6,153.3,1536.5,454.9,train,029_2019_fringe3,fringe,koma_02517_029_2019_fringe3__fringe3__page0006
2592,1450,1,0.6882,59.1,997.8,1400.1,2301.4,train,051_2022b_4th,4th,koma_03700_051_2022b_4th__4th__page0017
2593,1684,1,0.6643,129.0,391.3,971.9,1606.9,train,065_2024_ako3B,ako_2023-24,koma_04360_065_2024_ako3B__ako3B__page0018
2594,4600,1,0.8287,28.5,1285.3,609.1,2058.8,train,028_2019_fringe,fringe,koma_02483_028_2019_fringe__fringe_01__page0029
2595,1755,1,0.6275,1475.4,241.2,1785.4,565.5,train,068_2024b_ako4,ako_2023-24,koma_04482_068_2024b_ako4__ako4__page0001
2596,2292,2,0.6823,22.3,274.4,752.9,2343.1,train,017_2017_stoptime,stoptime,koma_01659_017_2017_stoptime__stp__page0016
2597,708,2,0.5694,162.3,529.5,1551.2,2447.0,train,003_2016_avbu,avbu,koma_00128_003_2016_avbu__avb__page0018
2598,2971,1,0.7999,1151.3,200.3,1484.8,566.9,train,066_2024_housei,housei,koma_04427_066_2024_housei__kazenagare__page0002
2599,1163,1,0.7202,833.5,703.2,1688.1,2384.4,train,017_2017_stoptime,stoptime,koma_01654_017_2017_stoptime__stp__page0012
2600,3983,1,0.819,882.9,345.7,1063.0,559.3,train,018_2018_ako6,ako_2018-19,koma_01700_018_2018_ako6__ako6__page0056
2601,1189,1,0.8597,218.6,678.3,856.5,1412.0,test_panel,069_2024b_fitness,fitness,koma_04587_069_2024b_fitness__kurip__page0008
2602,318,2,0.4402,2076.7,220.0,2477.4,1198.6,test_series,005_2016_ng,ng,koma_00282_005_2016_ng__ng__page0007
2603,2098,1,0.803,2252.6,229.7,2659.3,1206.8,train,056_2022b_hyoui_color,hyoui_color,koma_03822_056_2022b_hyoui_color__hyoui__page0002
2604,3013,2,0.847,20.8,407.7,486.3,934.7,train,020_2018_china2,china2,koma_01937_020_2018_china2__china2__page0004
2605,690,1,0.8546,535.6,1292.0,851.1,1595.7,train,021_2018_comics4,comics4,koma_02134_021_2018_comics4__underworld_underworld__page0002
2606,1492,1,0.8742,78.2,187.8,600.8,718.2,test_panel,013_2017_gakusai1-3DL,gakusai,koma_01222_013_2017_gakusai1-3DL__2__page0034
2607,20,1,0.8642,1410.9,52.1,2328.1,966.9,test_series,036_2020_UNI,uni,koma_02930_036_2020_UNI__UNI_works__page0004
2608,4342,1,0.8225,828.0,1097.7,1471.7,1676.4,train,030_2019_succor,succor,koma_02854_030_2019_succor__succor__page0078
2609,1786,1,0.8704,664.4,1111.7,1473.2,1788.3,train,056_2022b_hyoui_color,hyoui_color,koma_03963_056_2022b_hyoui_color__hyoui__page0033
2610,1780,1,0.8483,277.7,187.5,715.1,574.7,test_series,007_2016_phantom,phantom,koma_00520_007_2016_phantom__PhantomThief__page0030
2611,1112,1,0.8377,1334.3,689.1,1688.5,1090.7,train,065_2024_ako3B,ako_2023-24,koma_04347_065_2024_ako3B__ako3B__page0016
2612,475,1,0.7635,709.5,559.4,1744.4,1518.4,train,053_2022b_akocult,ako_2020-22,koma_03814_053_2022b_akocult__akocult__page0051
2613,480,5,0.7066,2243.7,-0.5,3062.6,227.9,train,026_2019_ako7,ako_2018-19,koma_02274_026_2019_ako7__ako7__page0183
2614,1277,1,0.8338,1693.0,444.5,2137.0,878.1,train,030_2019_succor,succor,koma_02806_030_2019_succor__succor__page0051
2615,996,1,0.3475,3308.5,556.1,3680.3,1041.8,train,051_2022b_4th,4th,koma_03729_051_2022b_4th__4th__page0027
2616,3167,1,0.687,133.2,192.4,1181.1,1190.2,train,017_2017_stoptime,stoptime,koma_01650_017_2017_stoptime__stp__page0010
2617,1620,1,0.8525,1905.0,598.9,2526.7,1328.0,train,013_2017_gakusai1-3DL,gakusai,koma_01191_013_2017_gakusai1-3DL__2__page0028
2618,1394,1,0.766,888.6,421.0,1533.6,975.2,test_series,073_2024c_mayer,mayer,koma_04956_073_2024c_mayer__mayer__page0015
2619,4744,1,0.7983,886.5,179.8,1525.8,986.8,train,028_2019_fringe,fringe,koma_02473_028_2019_fringe__fringe_01__page0025
2620,323,1,0.859,261.4,1430.6,764.2,1896.3,test_series,063_2023b_hamlabi,hamlabi,koma_04191_063_2023b_hamlabi__works__page0011
2621,3648,1,0.7325,6.5,712.6,547.0,1959.7,train,002_2016_aljanne2,aljanne2,koma_00075_002_2016_aljanne2__aljanne2__page0014
2622,588,1,0.865,1838.2,1078.1,2499.7,1734.5,train,042_2021_akokate,ako_2020-22,koma_03366_042_2021_akokate__akokatei__page0017
2623,4329,3,0.752,1307.0,303.5,1769.3,1172.1,train,030_2019_succor,succor,koma_02764_030_2019_succor__succor__page0042
2624,1160,1,0.5362,1390.9,564.2,1719.8,957.0,test_panel,regions_4th_koma_panels_20260801,4th,koma_0117_page0027
2625,4051,1,0.8646,45.3,626.1,434.9,1025.0,train,012_2017_copy,copy,koma_00927_012_2017_copy__copy__page0020
2626,2539,1,0.8816,1021.0,806.2,1471.3,1308.1,train,029_2019_fringe3,fringe,koma_02519_029_2019_fringe3__fringe3__page0006
2627,3198,1,0.8225,705.0,166.2,1317.2,754.6,train,008_2016_poolsideIdle,poolsideidle,koma_00607_008_2016_poolsideIdle__poolside__page0019
2628,2123,2,0.737,1417.7,977.2,1558.8,1142.0,train,065_2024_ako3B,ako_2023-24,koma_04329_065_2024_ako3B__ako3B__page0009
2629,2864,1,0.5589,539.7,993.4,1368.3,1928.5,test_series,027_2019_ben,ben,koma_02401_027_2019_ben__ben__page0015
2630,480,3,0.8097,332.5,1572.1,622.1,1870.5,train,026_2019_ako7,ako_2018-19,koma_02274_026_2019_ako7__ako7__page0183
2631,57,3,0.8515,2199.9,475.2,3373.2,1619.5,train,regions_fitness_koma_panels_20260729,fitness,koma_0037_page0012
2632,1890,1,0.8448,1667.4,217.3,2208.7,742.8,test_panel,043_2021_hero,hero,koma_03483_043_2021_hero__hero__page0035
2633,992,1,0.845,2849.2,406.8,3213.1,722.4,test_panel,021_2018_comics4,comics4,koma_02008_021_2018_comics4__china_v2_china__page0002
2634,498,3,0.8263,828.3,963.0,1158.8,1323.2,train,011_2017_ako5,ako_2017,koma_00766_011_2017_ako5__ako5__page0066
2635,1520,1,0.6463,897.0,330.3,1055.8,513.5,train,068_2024b_ako4,ako_2023-24,koma_04538_068_2024b_ako4__ako4__page0017
2636,3102,1,0.8595,1750.6,602.6,2853.7,1740.6,train,011_2017_ako5,ako_2017,koma_00754_011_2017_ako5__ako5__page0053
2637,841,1,0.3888,497.7,448.0,1372.3,2179.4,test_series,regions_hamlabi_koma_panels_20260729,hamlabi,koma_0026_page0011
2638,362,1,0.8109,1202.2,2270.9,1503.1,2560.2,test_panel,043_2021_hero,hero,koma_03527_043_2021_hero__hero__page0063
2639,1080,5,0.4259,1485.5,816.0,1675.3,1007.3,train,regions_ako5ver2_koma_panels_20260729,ako_2017,koma_0061_page0025
2640,2238,2,0.4954,1183.3,182.3,2090.5,1485.1,train,056_2022b_hyoui_color,hyoui_color,koma_03947_056_2022b_hyoui_color__hyoui__page0029
2641,4494,2,0.4213,44.0,101.9,389.4,513.9,train,013_2017_gakusai1-3DL,gakusai,koma_01301_013_2017_gakusai1-3DL__3__page0017
2642,4999,1,0.7439,664.2,578.9,793.5,692.9,train,013_2017_gakusai1-3DL,gakusai,koma_01172_013_2017_gakusai1-3DL__2__page0022
2643,1396,1,0.57,441.3,314.0,1942.4,1938.0,test_series,005_2016_ng,ng,koma_00368_005_2016_ng__新しいフォルダー_n__page0011
2644,3846,1,0.8523,997.9,243.5,1294.3,597.1,test_series,073_2024c_mayer,mayer,koma_05002_073_2024c_mayer__mayer__page0033
2645,3536,1,0.5651,338.4,168.8,1239.9,868.9,test_panel,regions_ako5ver2_koma_panels_20260729,ako_2017,koma_0105_page0042
2646,4194,1,0.7709,543.0,1627.1,926.2,2063.6,test_panel,059_2023b_4th,4th,koma_04042_059_2023b_4th__4th__page0023
2647,4735,2,0.8132,639.0,286.4,792.6,472.5,train,037_2020_ako9,ako_2020-22,koma_02990_037_2020_ako9__ako9__page0028
2648,1468,1,0.8448,133.9,690.9,620.1,1220.8,train,072_2024c_ako,ako_2023-24,koma_04805_072_2024c_ako__ako4__page0024
2649,1070,2,0.8379,2548.9,1.5,3170.1,871.6,train,056_2022b_hyoui_color,hyoui_color,koma_03884_056_2022b_hyoui_color__hyoui__page0016
2650,3388,2,0.6325,600.0,144.4,1487.5,1079.5,train,013_2017_gakusai1-3DL,gakusai,koma_01093_013_2017_gakusai1-3DL__1__page0030
2651,3088,2,0.876,1695.8,234.3,2066.5,584.8,test_panel,032_2019b_ako8,ako_2018-19,koma_02882_032_2019b_ako8__ako8__page0001
2652,4559,1,0.6055,448.5,110.9,570.3,244.4,train,029_2019_fringe3,fringe,koma_02591_029_2019_fringe3__fringe3__page0021
2653,2664,1,0.6103,428.7,73.5,1510.8,1472.6,test_series,073_2024c_mayer,mayer,koma_04923_073_2024c_mayer__mayer__page0006
2654,2840,2,0.8635,251.1,775.7,535.4,1080.1,test_series,010_2016_suc,suc,koma_00660_010_2016_suc__subbcubussBK__page0010
2655,167,6,0.8251,3475.6,2736.6,3847.0,3130.9,train,032_2019b_ako8,ako_2018-19,koma_02900_032_2019b_ako8__ako8__page0018
2656,2367,2,0.8099,394.3,2215.1,895.5,2529.6,test_panel,041_2021_akogoods,ako_2020-22,koma_03259_041_2021_akogoods__akogoods__page0039
2657,2792,2,0.8598,710.4,126.9,981.8,381.7,test_series,027_2019_ben,ben,koma_02415_027_2019_ben__ben__page0017
2658,798,1,0.8125,1232.2,167.2,2905.1,1692.7,train,035_2019b_skima2,skima2,koma_02917_035_2019b_skima2__task__page0012
2659,4576,1,0.8069,595.1,593.2,902.7,934.7,train,017_2017_stoptime,stoptime,koma_01663_017_2017_stoptime__stp__page0016
2660,3786,1,0.8069,445.0,522.3,1259.1,1300.9,train,042_2021_akokate,ako_2020-22,koma_03423_042_2021_akokate__akokatei__page0047
2661,2211,1,0.8264,1309.5,327.1,2102.4,1089.8,test_series,005_2016_ng,ng,koma_00340_005_2016_ng__新しいフォルダー_n__page0004
2662,2185,1,0.8612,288.8,582.0,821.8,1146.8,train,041_2021_akogoods,ako_2020-22,koma_03280_041_2021_akogoods__akogoods__page0052
2663,2227,1,0.7923,772.1,401.1,1736.2,1425.4,test_panel,015_2017_pink,pink,koma_01500_015_2017_pink__pink__page0037
2664,3307,1,0.407,549.6,613.1,1197.5,1541.7,test_panel,015_2017_pink,pink,koma_01488_015_2017_pink__pink__page0032
2665,651,1,0.8265,439.3,449.0,1665.7,1587.9,train,021_2018_comics4,comics4,koma_02147_021_2018_comics4__underworld_underworld__page0006
2666,4984,1,0.313,176.4,196.2,806.9,940.6,train,042_2021_akokate,ako_2020-22,koma_03377_042_2021_akokate__akokatei__page0019
2667,1940,1,0.8008,2684.9,299.6,3287.4,892.3,train,061_2023b_akocultB,ako_2023-24,koma_04110_061_2023b_akocultB__akocultB__page0027
2668,3203,1,0.8741,206.5,335.0,557.2,670.7,test_panel,004_2016_gal,gal,koma_00224_004_2016_gal__gal__page0010
2669,493,3,0.6481,3123.8,396.9,4000.6,1498.6,test_panel,039_2020b_ako10,ako_2020-22,koma_03049_039_2020b_ako10__aco10__page0008
2670,4233,1,0.7959,401.7,362.0,1259.8,1257.0,train,026_2019_ako7,ako_2018-19,koma_02193_026_2019_ako7__ako7__page0072
2671,49,2,0.3097,1442.9,1269.8,2261.4,2171.1,test_series,063_2023b_hamlabi,hamlabi,koma_04177_063_2023b_hamlabi__works__page0002
2672,3033,1,0.7041,221.9,556.8,966.7,1499.1,train,004_2016_gal,gal,koma_00157_004_2016_gal__root__page0006
2673,1087,1,0.8624,1.8,112.8,426.9,552.9,test_panel,004_2016_gal,gal,koma_00180_004_2016_gal__root__page0011
2674,2853,3,0.8221,816.9,129.5,1662.1,1052.5,train,018_2018_ako6,ako_2018-19,koma_01706_018_2018_ako6__ako6__page0058
2675,2127,2,0.6007,2114.9,6.1,2821.6,746.9,test_series,005_2016_ng,ng,koma_00258_005_2016_ng__ng__page0001
2676,2337,1,0.8847,2463.4,794.8,3041.6,1404.2,train,048_2022_akocult,ako_2020-22,koma_03625_048_2022_akocult__akocult__page0019
2677,5222,1,0.8001,504.8,348.1,1162.7,1000.0,train,011_2017_ako5,ako_2017,koma_00718_011_2017_ako5__ako5__page0018
2678,445,2,0.606,1067.1,597.0,1230.3,891.1,train,065_2024_ako3B,ako_2023-24,koma_04337_065_2024_ako3B__ako3B__page0010
2679,3723,1,0.6436,134.5,250.1,1295.2,1314.2,train,013_2017_gakusai1-3DL,gakusai,koma_01033_013_2017_gakusai1-3DL__1__page0017
2680,2404,1,0.8754,2055.4,284.4,2526.7,694.5,test_series,regions_hamlabi_koma_panels_20260729,hamlabi,koma_0056_page0026
2681,1827,1,0.7493,786.8,766.7,1362.0,1421.2,train,051_2022b_4th,4th,koma_03713_051_2022b_4th__4th__page0022
2682,154,2,0.6737,2320.7,409.3,3306.7,1402.5,test_panel,004_2016_gal,gal,koma_00202_004_2016_gal__root__page0019
2683,199,1,0.8575,1896.4,81.2,3272.2,1141.0,train,021_2018_comics4,comics4,koma_02077_021_2018_comics4__mars_v2_mars_manuscript__page0006
2684,2462,2,0.8574,952.1,815.9,1312.0,1178.5,test_panel,013_2017_gakusai1-3DL,gakusai,koma_01306_013_2017_gakusai1-3DL__3__page0018
2685,3339,1,0.881,1135.6,414.8,1519.1,745.0,train,013_2017_gakusai1-3DL,gakusai,koma_01193_013_2017_gakusai1-3DL__2__page0028
2686,961,1,0.8614,820.2,1890.8,1332.7,2357.0,test_panel,regions_gakuen_koma_panels_20260729,gakuen,koma_0024_page0008
2687,4788,1,0.8016,870.8,98.2,1624.0,847.9,train,012_2017_copy,copy,koma_00930_012_2017_copy__copy__page0025
2688,3502,3,0.8502,934.5,669.7,1194.2,1084.6,test_panel,013_2017_gakusai1-3DL,gakusai,koma_00980_013_2017_gakusai1-3DL__1__page0004
2689,2008,2,0.8522,1474.2,132.1,2215.1,845.8,train,029_2019_fringe3,fringe,koma_02602_029_2019_fringe3__fringe3__page0023
2690,1236,2,0.6327,885.4,1094.6,1080.7,1275.0,train,061_2023b_akocultB,ako_2023-24,koma_04078_061_2023b_akocultB__akocultB__page0006
2691,2192,3,0.7218,752.3,1049.8,1050.8,1705.5,train,018_2018_ako6,ako_2018-19,koma_01804_018_2018_ako6__done3__ako6-21
2692,1947,1,0.8211,945.8,94.5,2374.5,1128.3,test_series,014_2017_kacho,kacho,koma_01411_014_2017_kacho__kacho__page0043
2693,4495,2,0.8511,173.6,230.9,413.9,508.2,train,018_2018_ako6,ako_2018-19,koma_01712_018_2018_ako6__ako6__page0058
2694,2651,1,0.7724,704.5,15.0,1689.3,932.4,train,041_2021_akogoods,ako_2020-22,koma_03209_041_2021_akogoods__akogoods__page0020
2695,2551,1,0.82,146.5,269.0,518.5,855.9,train,015_2017_pink,pink,koma_01473_015_2017_pink__pink__page0019
2696,2824,1,0.8476,1473.5,315.2,1905.3,791.0,test_series,073_2024c_mayer,mayer,koma_05015_073_2024c_mayer__mayer__page0037
2697,3331,1,0.8563,372.0,559.6,1093.6,1251.8,train,056_2022b_hyoui_color,hyoui_color,koma_03955_056_2022b_hyoui_color__hyoui__page0031
2698,34,3,0.7226,904.3,319.6,1542.0,973.7,train,053_2022b_akocult,ako_2020-22,koma_03804_053_2022b_akocult__akocult__page0047
2699,1869,1,0.8852,830.8,335.5,1261.7,736.5,test_panel,039_2020b_ako10,ako_2020-22,koma_03082_039_2020b_ako10__aco10__page0020
2700,1423,3,0.6595,3454.0,125.2,3687.5,368.6,test_panel,030_2019_succor,succor,koma_02645_030_2019_succor__succor__page0011
2701,523,1,0.8493,212.1,339.3,1344.8,1376.2,train,064_2024_ako3,ako_2023-24,koma_04251_064_2024_ako3__ako3__page0020
2702,1801,2,0.4115,1059.1,1194.7,1178.6,1306.7,train,013_2017_gakusai1-3DL,gakusai,koma_01168_013_2017_gakusai1-3DL__2__page0021
2703,524,1,0.7954,316.7,992.2,575.4,1243.4,train,regions_ako5ver2_koma_panels_20260729,ako_2017,koma_0011_page0003
2704,1949,2,0.7979,373.5,1.8,610.8,360.7,train,002_2016_aljanne2,aljanne2,koma_00047_002_2016_aljanne2__aljanne2__page0007
2705,291,1,0.7515,1787.5,4053.0,2207.9,4501.5,train,030_2019_succor,succor,koma_02799_030_2019_succor__succor__page0051
2706,1101,1,0.8728,1496.0,1002.4,2202.6,1623.3,test_panel,042_2021_akokate,ako_2020-22,koma_03417_042_2021_akokate__akokatei__page0039
2707,335,2,0.5626,3166.6,3326.4,4216.0,3660.6,train,013_2017_gakusai1-3DL,gakusai,koma_01214_013_2017_gakusai1-3DL__2__page0033
2708,4787,2,0.517,148.5,640.3,232.4,724.8,test_series,007_2016_phantom,phantom,koma_00448_007_2016_phantom__PhantomThief__page0003
2709,3609,2,0.7919,169.8,176.8,658.3,889.7,train,018_2018_ako6,ako_2018-19,koma_01791_018_2018_ako6__done2__ako6-12
2710,1864,2,0.582,2004.5,4.0,3232.9,705.0,test_panel,002_2016_aljanne2,aljanne2,koma_00073_002_2016_aljanne2__aljanne2__page0014
2711,4329,1,0.8639,0.2,838.8,227.4,1172.1,train,030_2019_succor,succor,koma_02764_030_2019_succor__succor__page0042
2712,4283,2,0.8665,1190.7,183.7,1548.4,588.4,train,037_2020_ako9,ako_2020-22,koma_02998_037_2020_ako9__ako9__page0029
2713,704,1,0.7431,1090.6,1098.3,2014.7,2084.8,test_panel,051_2022b_4th,4th,koma_03727_051_2022b_4th__4th__page0026
2714,3619,2,0.786,1420.1,630.6,1639.4,855.6,train,008_2016_poolsideIdle,poolsideidle,koma_00565_008_2016_poolsideIdle__poolside__page0008
2715,364,2,0.7411,2583.2,154.6,3026.4,940.9,train,037_2020_ako9,ako_2020-22,koma_02984_037_2020_ako9__ako9__page0025
2716,53,2,0.6831,-4.2,-0.7,852.2,740.1,train,069_2024b_fitness,fitness,koma_04607_069_2024b_fitness__kurip__page0014
2717,2420,1,0.4833,332.6,-1.5,757.7,103.4,train,021_2018_comics4,comics4,koma_02011_021_2018_comics4__china_v2_china__page0003
2718,1719,2,0.4115,9.6,3.4,840.2,846.1,test_series,005_2016_ng,ng,koma_00266_005_2016_ng__ng__page0003
2719,179,2,0.8681,1257.6,541.8,1888.8,1188.6,test_panel,056_2022b_hyoui_color,hyoui_color,koma_03878_056_2022b_hyoui_color__hyoui__page0014
2720,639,2,0.8622,849.8,85.8,1460.3,737.6,test_panel,017_2017_stoptime,stoptime,koma_01653_017_2017_stoptime__stp__page0012
2721,4866,1,0.8205,523.5,275.1,1065.1,812.6,train,008_2016_poolsideIdle,poolsideidle,koma_00541_008_2016_poolsideIdle__poolside__page0001
2722,1479,1,0.8838,1474.5,521.3,1948.6,967.3,train,042_2021_akokate,ako_2020-22,koma_03380_042_2021_akokate__akokatei__page0020
2723,2407,1,0.6995,669.0,91.3,2233.5,1725.9,train,030_2019_succor,succor,koma_02711_030_2019_succor__succor__page0029
2724,1935,1,0.8439,946.9,423.5,1815.0,1207.4,train,regions_fitness_koma_panels_20260729,fitness,koma_0097_page0032
2725,1496,3,0.8406,1473.2,3046.5,2251.4,3687.1,train,019_2018_ako7,ako_2018-19,koma_01917_019_2018_ako7__ako7__page0071
2726,493,1,0.8763,1818.9,436.9,2645.8,1238.5,test_panel,039_2020b_ako10,ako_2020-22,koma_03049_039_2020b_ako10__aco10__page0008
2727,832,1,0.8264,536.2,511.3,1725.1,1691.8,train,065_2024_ako3B,ako_2023-24,koma_04342_065_2024_ako3B__ako3B__page0015
2728,1137,1,0.8731,2144.5,503.3,2622.8,1004.9,train,065_2024_ako3B,ako_2023-24,koma_04305_065_2024_ako3B__ako3B__page0006
2729,4821,1,0.7616,125.1,302.8,618.0,928.3,train,037_2020_ako9,ako_2020-22,koma_03026_037_2020_ako9__ako9__page0037
2730,2558,1,0.8464,260.9,316.5,643.3,703.1,test_series,073_2024c_mayer,mayer,koma_04961_073_2024c_mayer__mayer__page0020
2731,4410,1,0.6785,171.6,289.3,670.1,621.1,train,059_2023b_4th,4th,koma_04032_059_2023b_4th__4th__page0014
2732,951,1,0.8344,859.5,72.8,1824.7,1059.5,train,013_2017_gakusai1-3DL,gakusai,koma_01296_013_2017_gakusai1-3DL__3__page0017
2733,1042,1,0.8476,2658.5,1379.7,3101.7,1985.9,train,026_2019_ako7,ako_2018-19,koma_02234_026_2019_ako7__ako7__page0159
2734,1692,1,0.7385,257.1,759.3,1307.6,1839.5,train,regions_ako5ver2_koma_panels_20260729,ako_2017,koma_0152_page0059
2735,1203,2,0.353,2519.3,-0.3,3496.4,1071.8,train,013_2017_gakusai1-3DL,gakusai,koma_01020_013_2017_gakusai1-3DL__1__page0013
2736,123,1,0.8714,3389.3,1514.4,4074.1,2173.1,train,069_2024b_fitness,fitness,koma_04663_069_2024b_fitness__kurip__page0033
2737,1613,2,0.8212,826.8,1071.6,1051.5,1336.5,test_panel,061_2023b_akocultB,ako_2023-24,koma_04161_061_2023b_akocultB__akocultB__page0043
2738,55,2,0.3097,1442.9,1269.8,2261.4,2171.1,test_series,regions_hamlabi_koma_panels_20260729,hamlabi,koma_0001_page0002
2739,1353,1,0.5617,787.2,693.5,2029.7,1760.3,train,021_2018_comics4,comics4,koma_02144_021_2018_comics4__underworld_underworld__page0005
2740,4424,1,0.8012,565.2,282.2,1183.9,929.6,train,029_2019_fringe3,fringe,koma_02595_029_2019_fringe3__fringe3__page0022
2741,3518,1,0.8389,328.4,919.5,1149.9,1719.7,train,018_2018_ako6,ako_2018-19,koma_01772_018_2018_ako6__done__ako6-3
2742,566,1,0.8193,171.5,508.5,865.4,1327.2,train,061_2023b_akocultB,ako_2023-24,koma_04103_061_2023b_akocultB__akocultB__page0025
2743,753,1,0.8741,1221.6,497.3,1721.0,1016.9,train,029_2019_fringe3,fringe,koma_02516_029_2019_fringe3__fringe3__page0006
2744,4547,1,0.8123,583.9,468.0,1299.5,1198.3,train,028_2019_fringe,fringe,koma_02442_028_2019_fringe__fringe_01__page0015
2745,4500,1,0.8143,581.8,150.0,855.2,411.8,train,regions_4th_koma_panels_20260801,4th,koma_0047_page0010
2746,1594,2,0.7477,538.0,142.3,723.8,350.5,train,004_2016_gal,gal,koma_00145_004_2016_gal__root__page0003
2747,4350,1,0.8699,1772.3,278.6,2296.0,759.1,train,011_2017_ako5,ako_2017,koma_00866_011_2017_ako5__done4__ako5-16
2748,4150,1,0.8222,385.0,526.6,976.0,1104.4,test_panel,013_2017_gakusai1-3DL,gakusai,koma_01206_013_2017_gakusai1-3DL__2__page0031
2749,4095,1,0.8433,55.7,249.6,747.5,948.7,test_series,007_2016_phantom,phantom,koma_00452_007_2016_phantom__PhantomThief__page0003
2750,3209,1,0.8416,296.6,198.3,699.6,701.3,train,013_2017_gakusai1-3DL,gakusai,koma_01288_013_2017_gakusai1-3DL__3__page0015
2751,18,1,0.8789,2665.9,690.4,3807.0,1700.6,train,017_2017_stoptime,stoptime,koma_01613_017_2017_stoptime__stp__page0002
2752,916,1,0.8673,1742.3,67.1,2433.8,882.0,train,026_2019_ako7,ako_2018-19,koma_02213_026_2019_ako7__ako7__page0138
2753,4425,3,0.5167,112.5,178.8,385.2,425.2,train,003_2016_avbu,avbu,koma_00135_003_2016_avbu__avb__page0027
2754,2649,1,0.8658,21.6,1263.0,475.4,1667.5,train,021_2018_comics4,comics4,koma_02049_021_2018_comics4__china_v2_china__page0020
2755,173,1,0.8501,955.6,515.3,2023.2,1611.8,train,065_2024_ako3B,ako_2023-24,koma_04416_065_2024_ako3B__ako3B__page0052
2756,3575,1,0.8513,1001.6,-2.5,1760.2,365.0,test_series,027_2019_ben,ben,koma_02334_027_2019_ben__ben__page0001
2757,4791,3,0.4029,2261.4,430.6,2351.7,527.7,train,013_2017_gakusai1-3DL,gakusai,koma_00989_013_2017_gakusai1-3DL__1__page0006
2758,3951,2,0.3351,1153.0,182.4,2677.1,1234.6,train,018_2018_ako6,ako_2018-19,koma_01828_018_2018_ako6__done4__ako6-18
2759,1050,1,0.4507,235.9,512.7,597.0,1047.1,train,012_2017_copy,copy,koma_00928_012_2017_copy__copy__page0020
2760,3923,1,0.8611,336.8,558.3,869.3,1097.3,test_series,007_2016_phantom,phantom,koma_00464_007_2016_phantom__PhantomThief__page0006
2761,88,1,0.8745,407.1,2926.9,1355.8,3818.6,train,003_2016_avbu,avbu,koma_00106_003_2016_avbu__avb__page0004
2762,3051,1,0.8348,1060.3,396.1,1568.4,952.9,test_series,006_2016_pc,pc,koma_00438_006_2016_pc__works__page0020
2763,794,1,0.7704,598.3,377.2,2183.9,1901.6,train,004_2016_gal,gal,koma_00139_004_2016_gal__root__page0001
2764,4063,1,0.8063,155.5,223.0,881.5,964.9,train,065_2024_ako3B,ako_2023-24,koma_04365_065_2024_ako3B__ako3B__page0019
2765,3872,1,0.8532,234.7,299.6,485.6,587.4,train,015_2017_pink,pink,koma_01442_015_2017_pink__pink__page0002
2766,2309,1,0.4821,385.7,18.5,2472.3,1771.2,train,056_2022b_hyoui_color,hyoui_color,koma_03836_056_2022b_hyoui_color__hyoui__page0004
2767,2534,1,0.8031,1246.5,357.2,1964.2,1208.7,train,011_2017_ako5,ako_2017,koma_00876_011_2017_ako5__done4__ako5-26
2768,1195,1,0.8519,190.5,225.8,523.7,583.3,train,regions_4th_koma_panels_20260801,4th,koma_0137_page0033
2769,2062,1,0.7566,201.3,409.0,733.8,989.0,test_panel,064_2024_ako3,ako_2023-24,koma_04238_064_2024_ako3__ako3__page0017
2770,4878,1,0.5024,346.6,-13.8,899.5,701.5,test_series,007_2016_phantom,phantom,koma_00485_007_2016_phantom__PhantomThief__page0011
2771,3903,1,0.8642,1549.9,990.1,2022.4,1458.2,train,030_2019_succor,succor,koma_02651_030_2019_succor__succor__page0012
2772,1034,1,0.8482,489.5,133.7,1219.5,837.0,train,021_2018_comics4,comics4,koma_02035_021_2018_comics4__china_v2_china__page0010
2773,2444,1,0.8465,791.7,216.2,1456.5,948.9,test_series,073_2024c_mayer,mayer,koma_04948_073_2024c_mayer__mayer__page0013
2774,1423,2,0.7506,1211.1,735.2,1409.1,941.4,test_panel,030_2019_succor,succor,koma_02645_030_2019_succor__succor__page0011
2775,2197,1,0.8537,815.5,237.8,1218.9,714.3,train,051_2022b_4th,4th,koma_03725_051_2022b_4th__4th__page0025
2776,1346,1,0.825,705.7,908.2,1088.6,1274.0,test_series,073_2024c_mayer,mayer,koma_04999_073_2024c_mayer__mayer__page0031
2777,1313,1,0.8166,536.9,660.5,1786.3,1886.6,train,072_2024c_ako,ako_2023-24,koma_04835_072_2024c_ako__ako4__page0040
2778,386,1,0.7597,1052.1,2654.8,2136.9,3562.6,train,012_2017_copy,copy,koma_00962_012_2017_copy__copy__page0035
2779,4156,2,0.7165,99.1,870.2,587.5,1279.6,test_panel,013_2017_gakusai1-3DL,gakusai,koma_01100_013_2017_gakusai1-3DL__1__page0031
2780,2777,2,0.4413,5.6,3741.8,827.8,4023.6,train,030_2019_succor,succor,koma_02773_030_2019_succor__succor__page0045
2781,4102,1,0.8734,1812.8,392.2,2275.1,815.1,train,021_2018_comics4,comics4,koma_02048_021_2018_comics4__china_v2_china__page0020
2782,712,2,0.3133,2199.2,12.6,3035.7,686.0,train,043_2021_hero,hero,koma_03471_043_2021_hero__hero__page0006
2783,4274,1,0.8547,416.1,753.6,642.2,990.5,train,041_2021_akogoods,ako_2020-22,koma_03263_041_2021_akogoods__akogoods__page0047
2784,2549,1,0.871,987.6,225.5,1442.6,620.8,train,008_2016_poolsideIdle,poolsideidle,koma_00543_008_2016_poolsideIdle__poolside__page0002
2785,797,1,0.8085,520.6,631.8,1672.3,1603.1,test_panel,060_2023b_ako3,ako_2023-24,koma_04053_060_2023b_ako3__ako3__page0004
2786,1720,1,0.8238,135.2,287.4,511.6,852.3,train,015_2017_pink,pink,koma_01502_015_2017_pink__pink__page0037
2787,3554,1,0.7242,562.6,448.3,1165.0,1037.7,train,021_2018_comics4,comics4,koma_02083_021_2018_comics4__mars_v2_mars_manuscript__page0007
2788,4428,2,0.8505,1476.5,81.8,2020.3,651.8,train,041_2021_akogoods,ako_2020-22,koma_03320_041_2021_akogoods__akogoods__page0077
2789,5135,1,0.8322,1092.4,157.0,1287.9,362.4,train,015_2017_pink,pink,koma_01512_015_2017_pink__pink__page0040
2790,3441,1,0.8085,204.3,1076.8,978.8,1933.2,train,051_2022b_4th,4th,koma_03691_051_2022b_4th__4th__page0015
2791,3055,2,0.8539,1881.4,238.1,2229.6,687.3,train,056_2022b_hyoui_color,hyoui_color,koma_03898_056_2022b_hyoui_color__hyoui__page0020
2792,1119,2,0.8655,377.3,985.3,866.2,1477.8,train,056_2022b_hyoui_color,hyoui_color,koma_03877_056_2022b_hyoui_color__hyoui__page0013
2793,4176,1,0.8363,709.3,319.6,1057.3,762.4,train,013_2017_gakusai1-3DL,gakusai,koma_01021_013_2017_gakusai1-3DL__1__page0013
2794,3237,2,0.6263,1096.7,679.6,1216.8,826.8,train,regions_4th_koma_panels_20260801,4th,koma_0044_page0010
2795,129,2,0.6809,1736.3,4.8,2603.5,254.6,train,regions_ako5ver2_koma_panels_20260729,ako_2017,koma_0102_page0041
2796,109,1,0.809,153.2,381.2,881.5,1370.6,test_panel,regions_gakuen_koma_panels_20260729,gakuen,koma_0020_page0006
2797,1633,2,0.845,1599.3,634.2,2397.0,1563.6,train,061_2023b_akocultB,ako_2023-24,koma_04083_061_2023b_akocultB__akocultB__page0007
2798,5167,1,0.8463,725.9,341.4,1172.9,788.7,train,019_2018_ako7,ako_2018-19,koma_01915_019_2018_ako7__ako7__page0070
2799,143,1,0.8609,979.7,271.2,1986.4,1260.4,train,065_2024_ako3B,ako_2023-24,koma_04304_065_2024_ako3B__ako3B__page0005
2800,1240,1,0.7625,854.2,559.8,2289.7,2064.1,train,013_2017_gakusai1-3DL,gakusai,koma_00977_013_2017_gakusai1-3DL__1__page0003
2801,3455,1,0.7633,489.6,391.3,1315.7,1164.8,train,regions_ako5ver2_koma_panels_20260729,ako_2017,koma_0131_page0050
2802,1154,1,0.7885,667.5,1917.0,1123.9,2521.8,train,039_2020b_ako10,ako_2020-22,koma_03066_039_2020b_ako10__aco10__page0015
2803,2459,2,0.7614,-0.2,65.5,531.7,820.5,train,016_2017_running,running,koma_01552_016_2017_running__done__running5_aname
2804,828,2,0.6183,314.5,2163.3,846.6,2837.6,train,regions_4th_koma_panels_20260801,4th,koma_0154_page0036
2805,1621,1,0.8481,1631.5,206.7,2003.7,562.7,test_series,005_2016_ng,ng,koma_00386_005_2016_ng__新しいフォルダー_n__page0018
2806,3358,1,0.7612,205.6,195.4,953.7,932.0,train,021_2018_comics4,comics4,koma_02063_021_2018_comics4__mars_v2_mars_manuscript__page0003
2807,1628,1,0.7374,541.9,1419.7,1225.4,2234.9,test_panel,061_2023b_akocultB,ako_2023-24,koma_04125_061_2023b_akocultB__akocultB__page0031
2808,225,1,0.8111,493.9,638.3,1008.6,1216.8,test_panel,016_2017_running,running,koma_01561_016_2017_running__running__page0023
2809,443,1,0.8044,347.4,551.3,1930.1,2077.6,test_series,009_2016_riko,riko,koma_00637_009_2016_riko__lozx__page0014
2810,4655,1,0.8182,195.2,109.2,586.3,504.0,test_panel,018_2018_ako6,ako_2018-19,koma_01672_018_2018_ako6__ako6__page0028
2811,931,2,0.8312,3130.3,972.8,3499.0,1302.1,train,regions_4th_koma_panels_20260801,4th,koma_0008_page0003
2812,2412,1,0.816,1275.3,869.4,1697.4,1367.5,test_series,073_2024c_mayer,mayer,koma_05000_073_2024c_mayer__mayer__page0031
2813,2367,1,0.84,791.1,794.7,1272.6,1294.0,test_panel,041_2021_akogoods,ako_2020-22,koma_03259_041_2021_akogoods__akogoods__page0039
2814,389,1,0.819,1484.9,1072.3,2764.0,2260.7,train,039_2020b_ako10,ako_2020-22,koma_03042_039_2020b_ako10__aco10__page0006
2815,22,5,0.7492,1227.7,1132.3,1643.2,1519.6,train,018_2018_ako6,ako_2018-19,koma_01676_018_2018_ako6__ako6__page0030
2816,1624,1,0.8146,318.0,1104.5,1324.5,1934.9,train,011_2017_ako5,ako_2017,koma_00801_011_2017_ako5__ako5__page0079
2817,1447,2,0.8034,550.2,625.1,850.6,965.2,train,002_2016_aljanne2,aljanne2,koma_00089_002_2016_aljanne2__aljanne2__page0020
2818,2377,1,0.8337,2364.5,159.4,2711.8,566.8,test_panel,regions_ako5ver2_koma_panels_20260729,ako_2017,koma_0042_page0020
2819,3509,2,0.5491,1172.3,106.4,2661.7,1233.3,train,026_2019_ako7,ako_2018-19,koma_02194_026_2019_ako7__ako7__page0073
2820,2229,1,0.81,20.1,870.6,810.1,1982.5,train,016_2017_running,running,koma_01538_016_2017_running__done__running10
2821,583,1,0.874,135.3,569.5,989.2,1360.7,test_series,006_2016_pc,pc,koma_00420_006_2016_pc__works__page0011
2822,4581,1,0.7006,141.1,286.5,829.7,1048.6,train,011_2017_ako5,ako_2017,koma_00750_011_2017_ako5__ako5__page0052
2823,1045,1,0.8519,714.3,148.7,1557.2,1121.2,train,071_2024b_kids,kids,koma_04733_071_2024b_kids__milking__page0017
2824,430,1,0.8277,1518.1,-3.7,2268.7,462.6,train,061_2023b_akocultB,ako_2023-24,koma_04140_061_2023b_akocultB__akocultB__page0034
2825,2529,2,0.8303,1369.4,291.6,1630.6,616.5,test_series,006_2016_pc,pc,koma_00440_006_2016_pc__works__page0021
2826,591,1,0.8478,284.8,992.1,787.1,1560.5,train,072_2024c_ako,ako_2023-24,koma_04891_072_2024c_ako__ako4__page0055
2827,4614,1,0.8315,879.8,358.9,1064.0,557.4,test_panel,018_2018_ako6,ako_2018-19,koma_01780_018_2018_ako6__done__ako6-5
2828,31,1,0.8509,3178.0,647.6,3893.3,1428.8,test_panel,regions_ako5ver2_koma_panels_20260729,ako_2017,koma_0151_page0057
2829,2102,1,0.802,389.1,282.3,1373.7,968.9,test_panel,004_2016_gal,gal,koma_00179_004_2016_gal__root__page0011
2830,2251,1,0.731,489.5,251.3,1830.5,1529.9,test_panel,026_2019_ako7,ako_2018-19,koma_02323_026_2019_ako7__done2__ako7-40
2831,1616,2,0.8219,1082.5,473.5,1606.0,1357.2,train,065_2024_ako3B,ako_2023-24,koma_04324_065_2024_ako3B__ako3B__page0008
2832,1666,1,0.3701,170.0,316.5,388.4,605.1,train,021_2018_comics4,comics4,koma_02109_021_2018_comics4__mars_v2_mars_manuscript__page0012
2833,2166,1,0.8234,473.8,765.4,958.9,1670.8,train,049_2022_akogoods,ako_2020-22,koma_03638_049_2022_akogoods__akogoods__page0053
2834,2559,1,0.6998,131.5,467.8,1494.0,1554.6,train,012_2017_copy,copy,koma_00902_012_2017_copy__copy__page0012
2835,1826,1,0.3513,419.2,365.5,852.3,790.1,train,021_2018_comics4,comics4,koma_02080_021_2018_comics4__mars_v2_mars_manuscript__page0006
2836,573,2,0.5308,572.3,579.7,967.2,1450.7,train,012_2017_copy,copy,koma_00948_012_2017_copy__copy__page0030
2837,2467,1,0.785,1279.0,310.5,1543.6,542.9,test_panel,regions_ako5ver2_koma_panels_20260729,ako_2017,koma_0055_page0024
2838,14,1,0.8563,725.9,677.4,1982.0,1893.7,train,026_2019_ako7,ako_2018-19,koma_02202_026_2019_ako7__ako7__page0131
2839,643,2,0.7826,1005.2,106.8,1841.4,767.1,train,013_2017_gakusai1-3DL,gakusai,koma_01337_013_2017_gakusai1-3DL__3__page0028
2840,2100,1,0.8541,536.0,717.4,1484.0,1699.9,test_panel,030_2019_succor,succor,koma_02684_030_2019_succor__succor__page0025
2841,4847,1,0.8172,454.7,425.9,838.4,923.1,train,041_2021_akogoods,ako_2020-22,koma_03239_041_2021_akogoods__akogoods__page0026
2842,1152,1,0.8597,1263.1,779.9,1525.1,1055.6,train,002_2016_aljanne2,aljanne2,koma_00057_002_2016_aljanne2__aljanne2__page0009
2843,2593,2,0.8237,582.1,1335.3,971.0,1830.9,train,018_2018_ako6,ako_2018-19,koma_01677_018_2018_ako6__ako6__page0030
2844,787,1,0.8156,601.0,-0.2,1229.1,309.2,train,013_2017_gakusai1-3DL,gakusai,koma_01263_013_2017_gakusai1-3DL__3__page0008
2845,4138,2,0.652,680.6,551.6,1006.7,1057.3,train,011_2017_ako5,ako_2017,koma_00837_011_2017_ako5__done2__ako5-6 (1)
2846,2822,4,0.5187,170.9,2874.8,329.2,3059.1,train,030_2019_succor,succor,koma_02775_030_2019_succor__succor__page0046
2847,506,1,0.6597,1727.2,3627.6,2209.6,3870.7,train,039_2020b_ako10,ako_2020-22,koma_03092_039_2020b_ako10__aco10__page0025
2848,3419,2,0.6758,687.2,553.3,1006.3,1051.1,train,011_2017_ako5,ako_2017,koma_00748_011_2017_ako5__ako5__page0052
2849,4479,1,0.5112,787.3,-0.5,1875.5,1048.6,train,029_2019_fringe3,fringe,koma_02504_029_2019_fringe3__fringe3__page0003
2850,1398,1,0.8217,767.0,0.6,1813.1,571.9,test_series,010_2016_suc,suc,koma_00653_010_2016_suc__subbcubussBK__page0005
2851,613,1,0.8463,799.4,834.8,1813.5,1808.2,train,072_2024c_ako,ako_2023-24,koma_04798_072_2024c_ako__ako4__page0021
2852,359,4,0.8386,1239.9,295.0,1865.9,1012.2,test_panel,015_2017_pink,pink,koma_01469_015_2017_pink__pink__page0018
2853,4655,2,0.7754,491.2,43.9,753.8,389.6,test_panel,018_2018_ako6,ako_2018-19,koma_01672_018_2018_ako6__ako6__page0028
2854,2386,1,0.7095,657.2,399.5,1175.2,1060.2,train,regions_ako5ver2_koma_panels_20260729,ako_2017,koma_0076_page0033
2855,71,2,0.6833,-4.2,-0.7,852.2,740.0,train,regions_fitness_koma_panels_20260729,fitness,koma_0044_page0014
2856,2846,1,0.8083,79.9,487.2,980.5,1391.8,train,011_2017_ako5,ako_2017,koma_00707_011_2017_ako5__ako5__page0009
2857,2140,2,0.8444,310.2,282.2,607.0,679.8,train,regions_ako5ver2_koma_panels_20260729,ako_2017,koma_0088_page0037
2858,678,3,0.8495,2938.5,1833.7,3427.3,2657.6,train,056_2022b_hyoui_color,hyoui_color,koma_03993_056_2022b_hyoui_color__hyoui__page0042
2859,150,1,0.8652,1765.0,2689.2,2739.9,3458.0,test_panel,013_2017_gakusai1-3DL,gakusai,koma_01164_013_2017_gakusai1-3DL__2__page0021
2860,4667,1,0.6927,698.2,7.9,1253.3,339.9,train,013_2017_gakusai1-3DL,gakusai,koma_01186_013_2017_gakusai1-3DL__2__page0025
2861,2898,1,0.8012,1887.9,173.3,2086.5,483.4,train,regions_ako5ver2_koma_panels_20260729,ako_2017,koma_0002_page0001
2862,1680,2,0.8661,517.8,888.0,1039.3,1544.6,train,018_2018_ako6,ako_2018-19,koma_01836_018_2018_ako6__done4__ako6-27
2863,54,1,0.8194,681.5,2277.2,1652.8,3256.9,train,regions_ako5ver2_koma_panels_20260729,ako_2017,koma_0145_page0053
2864,2198,2,0.7116,1644.5,-12.6,2597.6,862.4,test_panel,002_2016_aljanne2,aljanne2,koma_00086_002_2016_aljanne2__aljanne2__page0018
2865,861,1,0.8597,1252.8,341.6,1605.1,656.7,train,regions_ako5ver2_koma_panels_20260729,ako_2017,koma_0135_page0050
2866,3483,1,0.4605,1054.2,707.5,1715.1,1360.4,test_panel,013_2017_gakusai1-3DL,gakusai,koma_01209_013_2017_gakusai1-3DL__2__page0031
2867,2107,1,0.8216,186.1,-6.9,1770.2,946.6,test_series,006_2016_pc,pc,koma_00427_006_2016_pc__works__page0012
2868,865,2,0.3321,343.2,4.0,1319.6,1072.2,test_series,009_2016_riko,riko,koma_00623_009_2016_riko__lozx__page0004
2869,1023,2,0.5249,877.6,738.2,1581.0,1381.4,test_series,007_2016_phantom,phantom,koma_00532_007_2016_phantom__tmp__PhantomThief
2870,4871,1,0.8058,455.6,377.6,894.4,768.6,test_series,014_2017_kacho,kacho,koma_01351_014_2017_kacho__done__kacho07
2871,1716,1,0.803,565.4,490.8,1427.9,1311.3,test_series,007_2016_phantom,phantom,koma_00470_007_2016_phantom__PhantomThief__page0008
2872,2031,1,0.8637,787.8,48.0,1740.8,1080.7,train,015_2017_pink,pink,koma_01461_015_2017_pink__pink__page0014
2873,3727,1,0.8596,195.2,222.3,658.4,697.6,train,041_2021_akogoods,ako_2020-22,koma_03235_041_2021_akogoods__akogoods__page0026
2874,2968,1,0.8007,228.9,685.3,1116.4,1577.4,test_series,005_2016_ng,ng,koma_00384_005_2016_ng__新しいフォルダー_n__page0018
2875,2314,5,0.7582,2054.2,287.3,2382.2,615.3,test_panel,056_2022b_hyoui_color,hyoui_color,koma_03879_056_2022b_hyoui_color__hyoui__page0014
2876,4658,1,0.8033,215.9,261.8,858.3,995.8,test_series,073_2024c_mayer,mayer,koma_05017_073_2024c_mayer__mayer__page0037
2877,1175,2,0.3797,1.1,353.7,439.5,1141.5,train,regions_ako5ver2_koma_panels_20260729,ako_2017,koma_0046_page0021
2878,3775,1,0.8085,1878.1,245.5,3084.7,1501.9,test_series,063_2023b_hamlabi,hamlabi,koma_04206_063_2023b_hamlabi__works__page0026
2879,4441,2,0.8611,992.5,205.3,1432.0,692.1,test_panel,061_2023b_akocultB,ako_2023-24,koma_04168_061_2023b_akocultB__akocultB__page0045
2880,2800,1,0.8595,1700.1,669.0,2752.7,1713.0,test_panel,regions_4th_koma_panels_20260801,4th,koma_0048_page0013
2881,1660,1,0.3087,1201.9,566.3,1334.5,741.3,train,071_2024b_kids,kids,koma_04757_071_2024b_kids__unmerged__page0010
2882,3788,1,0.7903,818.0,1639.5,1005.4,1928.5,train,regions_ako5ver2_koma_panels_20260729,ako_2017,koma_0058_page0025
2883,1278,2,0.8476,303.0,657.7,972.4,1271.9,train,regions_ako5ver2_koma_panels_20260729,ako_2017,koma_0057_page0025
2884,1036,2,0.8396,138.0,514.6,544.4,1195.8,train,042_2021_akokate,ako_2020-22,koma_03358_042_2021_akokate__akokatei__page0015
2885,5031,1,0.5529,6.6,247.1,761.2,962.4,train,013_2017_gakusai1-3DL,gakusai,koma_01066_013_2017_gakusai1-3DL__1__page0025
2886,2184,1,0.8839,128.4,470.6,458.0,810.6,train,067_2024b_ako3B,ako_2023-24,koma_04475_067_2024b_ako3B__ako3B__page0019
2887,5248,1,0.8462,279.9,348.5,566.9,725.1,test_panel,015_2017_pink,pink,koma_01458_015_2017_pink__pink__page0010
2888,1435,1,0.8727,555.7,919.3,1246.6,1551.1,test_panel,020_2018_china2,china2,koma_01980_020_2018_china2__china2__page0015
2889,1806,1,0.85,719.7,520.8,989.3,810.3,train,regions_fitness_koma_panels_20260729,fitness,koma_0069_page0021
2890,3175,1,0.7895,61.8,1041.4,724.9,1642.9,train,015_2017_pink,pink,koma_01460_015_2017_pink__pink__page0014
2891,2381,1,0.664,708.9,266.5,1421.3,1149.8,train,044_2021_nanami,nurse+nanami,koma_03565_044_2021_nanami__root__b
2892,4467,1,0.5741,148.3,1.3,604.5,291.2,test_series,014_2017_kacho,kacho,koma_01359_014_2017_kacho__done2__kacho08
2893,2338,1,0.8801,413.5,979.7,983.0,1553.0,train,026_2019_ako7,ako_2018-19,koma_02320_026_2019_ako7__done2__ako7-40
2894,278,2,0.8421,462.7,822.5,926.9,1309.0,train,regions_4th_koma_panels_20260801,4th,koma_0025_page0006
2895,2362,1,0.8174,949.8,98.5,2377.3,1131.3,test_series,014_2017_kacho,kacho,koma_01374_014_2017_kacho__kacho__page0014
2896,276,1,0.7683,2912.1,1973.3,3924.2,2701.2,train,regions_fitness_koma_panels_20260729,fitness,koma_0063_page0020
2897,621,1,0.8668,2350.9,248.3,2999.9,916.1,train,069_2024b_fitness,fitness,koma_04579_069_2024b_fitness__kurip__page0005
2898,2364,1,0.8338,454.2,1092.7,666.0,1284.4,test_series,063_2023b_hamlabi,hamlabi,koma_04185_063_2023b_hamlabi__works__page0009
2899,3368,2,0.8303,255.7,219.5,1424.7,1367.1,train,011_2017_ako5,ako_2017,koma_00721_011_2017_ako5__ako5__page0019
2900,1735,1,0.477,273.3,22.4,1309.1,927.3,test_panel,072_2024c_ako,ako_2023-24,koma_04804_072_2024c_ako__ako4__page0024
2901,4670,2,0.6439,4.1,12.1,389.8,752.4,test_panel,008_2016_poolsideIdle,poolsideidle,koma_00563_008_2016_poolsideIdle__poolside__page0008
2902,709,1,0.7928,255.1,4.9,1366.9,1172.9,test_series,007_2016_phantom,phantom,koma_00496_007_2016_phantom__PhantomThief__page0014
2903,1607,1,0.8366,861.7,274.9,1245.6,643.7,test_series,007_2016_phantom,phantom,koma_00467_007_2016_phantom__PhantomThief__page0007
2904,1275,1,0.797,1412.1,72.3,2718.3,1321.0,test_series,073_2024c_mayer,mayer,koma_04929_073_2024c_mayer__mayer__page0008
2905,3205,3,0.4837,2.2,4.1,438.0,473.0,train,011_2017_ako5,ako_2017,koma_00714_011_2017_ako5__ako5__page0018
2906,3040,1,0.823,250.5,1677.6,575.6,2269.1,train,042_2021_akokate,ako_2020-22,koma_03385_042_2021_akokate__akokatei__page0024
2907,248,1,0.7107,3587.3,658.9,3855.1,925.6,test_panel,regions_4th_koma_panels_20260801,4th,koma_0125_page0030
2908,2162,2,0.8137,123.1,296.0,647.5,828.5,train,071_2024b_kids,kids,koma_04752_071_2024b_kids__unmerged__page0009
2909,164,1,0.4562,948.7,347.7,1486.5,945.9,train,072_2024c_ako,ako_2023-24,koma_04888_072_2024c_ako__ako4__page0054
2910,5056,1,0.8208,526.3,1736.3,841.5,2045.1,train,030_2019_succor,succor,koma_02666_030_2019_succor__succor__page0019
2911,23,2,0.8825,2249.5,2542.1,3425.7,3681.7,train,003_2016_avbu,avbu,koma_00096_003_2016_avbu__avb__page0001
2912,522,1,0.8136,608.3,241.2,2238.5,1768.6,train,004_2016_gal,gal,koma_00155_004_2016_gal__root__page0005
2913,2112,2,0.7963,1021.1,68.2,1235.2,318.1,train,017_2017_stoptime,stoptime,koma_01664_017_2017_stoptime__stp__page0016
2914,978,1,0.8796,890.3,1214.4,1583.2,1859.3,train,003_2016_avbu,avbu,koma_00110_003_2016_avbu__avb__page0005
2915,1448,1,0.8658,640.6,940.2,1381.6,1699.1,train,071_2024b_kids,kids,koma_04739_071_2024b_kids__unmerged__page0006
2916,1458,1,0.6502,1404.5,557.7,1683.3,851.4,train,030_2019_succor,succor,koma_02832_030_2019_succor__succor__page0058
2917,970,1,0.8425,628.7,607.2,1510.8,1623.6,train,regions_fitness_koma_panels_20260729,fitness,koma_0006_page0004
2918,2133,1,0.8059,488.7,1069.2,1574.5,2395.0,test_series,027_2019_ben,ben,koma_02373_027_2019_ben__ben__page0010
2919,2539,2,0.8677,283.8,737.9,685.8,1239.7,train,029_2019_fringe3,fringe,koma_02519_029_2019_fringe3__fringe3__page0006
2920,3662,1,0.7998,72.9,316.3,718.9,925.9,train,013_2017_gakusai1-3DL,gakusai,koma_01330_013_2017_gakusai1-3DL__3__page0025
2921,1726,2,0.8034,237.4,284.9,413.9,538.5,train,068_2024b_ako4,ako_2023-24,koma_04487_068_2024b_ako4__ako4__page0002
2922,2086,1,0.8433,2030.9,127.8,2598.4,778.2,test_series,073_2024c_mayer,mayer,koma_05008_073_2024c_mayer__mayer__page0034
2923,2299,1,0.7214,1944.0,200.6,2113.6,391.8,test_panel,068_2024b_ako4,ako_2023-24,koma_04512_068_2024b_ako4__ako4__page0008
2924,1076,4,0.7661,280.8,308.7,524.0,546.2,train,030_2019_succor,succor,koma_02609_030_2019_succor__succor__page0004
2925,870,2,0.8241,1883.6,998.4,2458.0,2034.6,train,013_2017_gakusai1-3DL,gakusai,koma_01272_013_2017_gakusai1-3DL__3__page0011
2926,5022,1,0.8018,416.0,6.7,1708.1,627.3,test_panel,026_2019_ako7,ako_2018-19,koma_02214_026_2019_ako7__ako7__page0138
2927,1989,5,0.3806,1132.4,902.1,1382.1,1291.2,test_panel,021_2018_comics4,comics4,koma_02168_021_2018_comics4__underworld_underworld__page0010
2928,1805,2,0.8206,1327.8,375.6,1556.4,698.4,train,069_2024b_fitness,fitness,koma_04632_069_2024b_fitness__kurip__page0021
2929,1655,1,0.8179,642.5,370.4,1573.5,1320.8,train,029_2019_fringe3,fringe,koma_02560_029_2019_fringe3__fringe3__page0015
2930,4298,1,0.8478,-0.5,622.4,296.3,1002.6,train,013_2017_gakusai1-3DL,gakusai,koma_01201_013_2017_gakusai1-3DL__2__page0030
2931,958,1,0.8341,2703.1,-2.3,3150.0,526.6,train,056_2022b_hyoui_color,hyoui_color,koma_03981_056_2022b_hyoui_color__hyoui__page0037
2932,2276,1,0.6458,16.0,356.1,927.8,1779.2,test_series,005_2016_ng,ng,koma_00350_005_2016_ng__新しいフォルダー_n__page0006
2933,22,2,0.8183,386.9,2980.8,1086.2,3883.8,train,018_2018_ako6,ako_2018-19,koma_01676_018_2018_ako6__ako6__page0030
2934,241,2,0.7786,1280.0,705.6,1507.8,948.5,train,071_2024b_kids,kids,koma_04689_071_2024b_kids__milking__page0007
2935,2011,1,0.8209,640.0,1507.7,831.2,1723.4,train,051_2022b_4th,4th,koma_03684_051_2022b_4th__4th__page0014
2936,1702,1,0.8601,-2.4,949.0,254.3,1288.7,train,regions_ako5ver2_koma_panels_20260729,ako_2017,koma_0134_page0050
2937,4140,1,0.84,146.9,619.1,646.9,1578.5,train,015_2017_pink,pink,koma_01437_015_2017_pink__done1__pink19
2938,3020,2,0.5831,542.0,1048.3,1800.8,2550.4,train,030_2019_succor,succor,koma_02821_030_2019_succor__succor__page0056
2939,726,2,0.7293,1695.8,566.9,2137.5,1486.4,train,064_2024_ako3,ako_2023-24,koma_04247_064_2024_ako3__ako3__page0020
2940,1476,3,0.7895,2113.0,489.2,2365.1,751.6,train,030_2019_succor,succor,koma_02646_030_2019_succor__succor__page0011
2941,872,1,0.844,2032.3,171.2,3255.6,1446.1,train,017_2017_stoptime,stoptime,koma_01640_017_2017_stoptime__stp__page0009
2942,1013,2,0.7787,656.7,84.0,1733.0,1415.9,test_panel,regions_ako5ver2_koma_panels_20260729,ako_2017,koma_0097_page0040
2943,456,1,0.8351,922.2,780.1,2082.5,1820.4,test_series,010_2016_suc,suc,koma_00696_010_2016_suc__subbcubussBK__page0030
2944,2974,1,0.7317,458.3,124.6,1183.7,1367.0,train,042_2021_akokate,ako_2020-22,koma_03390_042_2021_akokate__akokatei__page0026
2945,863,1,0.8579,1230.8,3.5,2421.9,933.1,test_series,007_2016_phantom,phantom,koma_00466_007_2016_phantom__PhantomThief__page0006
2946,4079,1,0.7335,604.6,1803.7,779.2,2020.7,train,008_2016_poolsideIdle,poolsideidle,koma_00567_008_2016_poolsideIdle__poolside__page0009
2947,1634,2,0.6768,306.2,318.1,1010.9,1084.5,train,017_2017_stoptime,stoptime,koma_01628_017_2017_stoptime__stp__page0007
2948,1288,1,0.6869,587.3,64.7,1722.3,948.8,train,039_2020b_ako10,ako_2020-22,koma_03038_039_2020b_ako10__aco10__page0004
2949,3809,1,0.6182,327.0,108.9,1077.5,854.3,train,004_2016_gal,gal,koma_00185_004_2016_gal__root__page0012
2950,415,2,0.8271,3438.0,1605.1,4228.6,2307.3,train,042_2021_akokate,ako_2020-22,koma_03372_042_2021_akokate__akokatei__page0018
2951,563,1,0.6047,3805.7,1525.4,3991.7,1700.2,train,071_2024b_kids,kids,koma_04744_071_2024b_kids__unmerged__page0008
2952,1212,1,0.6147,-11.1,81.7,590.5,1345.4,train,002_2016_aljanne2,aljanne2,koma_00072_002_2016_aljanne2__aljanne2__page0013
2953,4038,1,0.8061,158.1,218.5,881.5,965.3,train,067_2024b_ako3B,ako_2023-24,koma_04473_067_2024b_ako3B__ako3B__page0019
2954,708,1,0.6886,0.2,1274.4,313.8,2206.0,train,003_2016_avbu,avbu,koma_00128_003_2016_avbu__avb__page0018
2955,1291,2,0.5203,2354.9,109.4,3055.8,990.1,train,030_2019_succor,succor,koma_02839_030_2019_succor__succor__page0060
2956,1191,1,0.849,924.2,166.9,1863.8,1158.9,train,072_2024c_ako,ako_2023-24,koma_04861_072_2024c_ako__ako4__page0048
2957,2390,1,0.8566,721.2,53.6,1259.1,841.3,test_panel,061_2023b_akocultB,ako_2023-24,koma_04105_061_2023b_akocultB__akocultB__page0025
2958,4929,1,0.7768,550.5,927.4,973.0,1418.4,train,065_2024_ako3B,ako_2023-24,koma_04308_065_2024_ako3B__ako3B__page0006
2959,2378,1,0.8462,425.4,1168.4,746.3,1468.8,test_panel,029_2019_fringe3,fringe,koma_02559_029_2019_fringe3__fringe3__page0015
2960,1201,1,0.7831,-13.8,71.4,992.2,1608.4,train,regions_ako5ver2_koma_panels_20260729,ako_2017,koma_0028_page0013
2961,2326,1,0.8029,159.7,118.3,448.4,400.5,train,065_2024_ako3B,ako_2023-24,koma_04341_065_2024_ako3B__ako3B__page0015
2962,735,1,0.8605,878.6,713.0,1938.0,1689.2,test_panel,032_2019b_ako8,ako_2018-19,koma_02903_032_2019b_ako8__ako8__page0046
2963,2092,1,0.8634,1779.1,382.2,2228.8,801.0,train,028_2019_fringe,fringe,koma_02422_028_2019_fringe__fringe_01__page0002
2964,4317,1,0.8006,1392.1,66.5,1874.1,585.2,train,013_2017_gakusai1-3DL,gakusai,koma_01099_013_2017_gakusai1-3DL__1__page0031
2965,1801,1,0.8117,7.1,471.9,711.5,1440.0,train,013_2017_gakusai1-3DL,gakusai,koma_01168_013_2017_gakusai1-3DL__2__page0021
2966,1619,1,0.8759,113.7,759.3,476.9,1104.1,train,042_2021_akokate,ako_2020-22,koma_03448_042_2021_akokate__akokatei__page0065
2967,2885,3,0.8562,608.6,968.4,892.3,1311.5,test_series,007_2016_phantom,phantom,koma_00468_007_2016_phantom__PhantomThief__page0007
2968,2683,2,0.8039,1432.9,493.6,1781.8,898.1,train,004_2016_gal,gal,koma_00151_004_2016_gal__root__page0005
2969,1645,2,0.8084,435.1,800.4,732.4,1109.2,test_panel,061_2023b_akocultB,ako_2023-24,koma_04114_061_2023b_akocultB__akocultB__page0028
2970,3811,1,0.8113,433.8,501.2,1090.3,1183.9,test_series,014_2017_kacho,kacho,koma_01384_014_2017_kacho__kacho__page0030
2971,3457,1,0.8409,432.6,250.6,1059.9,840.0,train,030_2019_succor,succor,koma_02787_030_2019_succor__succor__page0048
2972,4873,1,0.825,86.8,23.9,381.4,580.9,train,015_2017_pink,pink,koma_01513_015_2017_pink__pink__page0040
2973,3959,3,0.4677,2333.1,74.6,2636.1,416.8,test_panel,029_2019_fringe3,fringe,koma_02508_029_2019_fringe3__fringe3__page0004
2974,3016,1,0.7635,102.5,206.7,931.4,1106.2,test_panel,013_2017_gakusai1-3DL,gakusai,koma_01092_013_2017_gakusai1-3DL__1__page0030
2975,2982,1,0.7171,270.6,237.2,1268.2,1220.5,test_series,010_2016_suc,suc,koma_00662_010_2016_suc__subbcubussBK__page0010
2976,4697,1,0.7815,315.9,478.0,1198.8,1261.3,test_panel,030_2019_succor,succor,koma_02865_030_2019_succor__succor__page0080
2977,1819,1,0.8766,1443.5,147.6,1920.0,630.1,test_panel,037_2020_ako9,ako_2020-22,koma_03003_037_2020_ako9__ako9__page0033
2978,1221,1,0.5651,-130.1,310.6,1700.2,1837.1,train,064_2024_ako3,ako_2023-24,koma_04261_064_2024_ako3__ako3__page0025
2979,2623,1,0.8664,649.4,343.4,1126.1,806.7,test_panel,011_2017_ako5,ako_2017,koma_00844_011_2017_ako5__done2__ako5-7 (1)
2980,1230,2,0.6558,3635.8,337.8,3826.7,561.7,test_panel,059_2023b_4th,4th,koma_04029_059_2023b_4th__4th__page0014
2981,160,1,0.8539,8.5,2844.3,1211.3,3854.0,test_series,010_2016_suc,suc,koma_00685_010_2016_suc__subbcubussBK__page0018
2982,3116,1,0.827,846.3,298.9,1098.2,625.7,train,072_2024c_ako,ako_2023-24,koma_04789_072_2024c_ako__ako4__page0017
2983,1747,2,0.7593,-0.1,170.9,318.0,899.5,test_panel,regions_ako5ver2_koma_panels_20260729,ako_2017,koma_0156_page0059
2984,2566,1,0.7862,268.0,507.6,1228.4,1509.7,train,072_2024c_ako,ako_2023-24,koma_04902_072_2024c_ako__ako4__page0064
2985,3977,1,0.859,606.7,1527.5,971.5,1907.3,train,016_2017_running,running,koma_01529_016_2017_running__done__running06
2986,2624,1,0.7998,10.9,327.5,896.4,1208.4,test_panel,064_2024_ako3,ako_2023-24,koma_04265_064_2024_ako3__ako3__page0031
2987,5128,1,0.3743,165.2,1105.3,631.4,1811.8,train,015_2017_pink,pink,koma_01492_015_2017_pink__pink__page0033
2988,4819,1,0.4048,392.9,742.3,626.1,986.4,train,056_2022b_hyoui_color,hyoui_color,koma_03994_056_2022b_hyoui_color__hyoui__page0042
2989,3520,1,0.7714,209.9,28.2,1561.9,1217.0,test_panel,008_2016_poolsideIdle,poolsideidle,koma_00564_008_2016_poolsideIdle__poolside__page0008
2990,3549,1,0.8571,26.0,607.1,284.3,881.8,test_panel,021_2018_comics4,comics4,koma_02054_021_2018_comics4__china_v2_china__page0020
2991,3607,1,0.7842,427.2,1.6,1070.0,632.3,test_series,005_2016_ng,ng,koma_00295_005_2016_ng__ng__page0011
2992,3922,1,0.772,551.2,214.4,825.0,536.1,train,071_2024b_kids,kids,koma_04753_071_2024b_kids__unmerged__page0009
2993,4384,1,0.7608,723.6,474.9,1386.2,1406.5,test_series,027_2019_ben,ben,koma_02372_027_2019_ben__ben__page0009
2994,1680,3,0.8403,1463.8,3040.9,2254.1,3687.1,train,018_2018_ako6,ako_2018-19,koma_01836_018_2018_ako6__done4__ako6-27
2995,5082,1,0.8576,743.9,351.4,1178.1,775.5,train,011_2017_ako5,ako_2017,koma_00897_011_2017_ako5__done4__ako5-37
2996,1738,1,0.6472,2494.8,-7.6,3975.2,1191.3,train,004_2016_gal,gal,koma_00191_004_2016_gal__root__page0014
2997,1599,2,0.613,1541.5,554.3,1996.7,1078.1,train,030_2019_succor,succor,koma_02784_030_2019_succor__succor__page0047
2998,3960,1,0.8017,563.9,310.6,871.1,704.7,test_panel,068_2024b_ako4,ako_2023-24,koma_04513_068_2024b_ako4__ako4__page0008
2999,711,2,0.8514,1796.1,1298.9,2670.4,2059.8,train,019_2018_ako7,ako_2018-19,koma_01925_019_2018_ako7__ako7__page0083
3000,2822,6,0.3803,668.7,2737.9,792.6,2881.7,train,030_2019_succor,succor,koma_02775_030_2019_succor__succor__page0046
3001,3490,1,0.866,472.0,342.5,986.9,858.8,train,042_2021_akokate,ako_2020-22,koma_03352_042_2021_akokate__akokatei__page0013
3002,3320,1,0.8428,39.6,320.2,519.3,809.4,train,020_2018_china2,china2,koma_01957_020_2018_china2__china2__page0010
3003,1994,2,0.808,1139.6,562.9,1632.1,1158.0,test_panel,003_2016_avbu,avbu,koma_00098_003_2016_avbu__avb__page0002
3004,4512,1,0.824,92.8,268.3,649.3,829.6,train,011_2017_ako5,ako_2017,koma_00744_011_2017_ako5__ako5__page0050
3005,3169,1,0.821,177.8,358.1,840.9,1015.4,test_panel,regions_4th_koma_panels_20260801,4th,koma_0037_page0008
3006,2797,1,0.8574,1441.4,192.4,1768.0,541.1,train,029_2019_fringe3,fringe,koma_02524_029_2019_fringe3__fringe3__page0007
3007,3596,1,0.8266,634.7,580.0,1367.9,1320.6,train,037_2020_ako9,ako_2020-22,koma_02997_037_2020_ako9__ako9__page0029
3008,88,4,0.6767,1471.2,3851.0,2131.3,4150.6,train,003_2016_avbu,avbu,koma_00106_003_2016_avbu__avb__page0004
3009,3340,1,0.8136,187.8,475.6,964.0,1225.0,train,041_2021_akogoods,ako_2020-22,koma_03236_041_2021_akogoods__akogoods__page0026
3010,2855,1,0.7511,609.6,359.7,920.9,683.8,train,071_2024b_kids,kids,koma_04719_071_2024b_kids__milking__page0013
3011,3012,1,0.8184,1586.1,-3.0,2466.1,625.9,train,026_2019_ako7,ako_2018-19,koma_02255_026_2019_ako7__ako7__page0173
3012,2885,1,0.8769,129.5,786.4,433.7,1105.1,test_series,007_2016_phantom,phantom,koma_00468_007_2016_phantom__PhantomThief__page0007
3013,553,4,0.8108,195.9,305.5,779.5,1320.7,test_panel,017_2017_stoptime,stoptime,koma_01616_017_2017_stoptime__stp__page0003
3014,1393,1,0.8643,929.2,546.8,1661.3,1324.5,train,018_2018_ako6,ako_2018-19,koma_01855_018_2018_ako6__done6__ako6-54
3015,8,5,0.3685,522.4,1677.0,1754.8,2876.4,train,013_2017_gakusai1-3DL,gakusai,koma_01176_013_2017_gakusai1-3DL__2__page0023
3016,3356,2,0.8445,802.6,253.8,1095.2,613.7,train,041_2021_akogoods,ako_2020-22,koma_03165_041_2021_akogoods__akogoods__page0008
3017,2334,1,0.8241,480.1,545.5,976.8,1085.6,train,021_2018_comics4,comics4,koma_02089_021_2018_comics4__mars_v2_mars_manuscript__page0010
3018,1365,1,0.8409,574.8,328.6,1068.9,797.8,test_series,073_2024c_mayer,mayer,koma_04981_073_2024c_mayer__mayer__page0025
3019,5120,1,0.7654,1663.4,397.4,1804.8,558.3,test_series,005_2016_ng,ng,koma_00362_005_2016_ng__新しいフォルダー_n__page0010
3020,1173,1,0.8405,2580.5,197.2,3547.1,1332.5,train,071_2024b_kids,kids,koma_04706_071_2024b_kids__milking__page0011
3021,491,1,0.8031,276.8,848.8,1182.2,2006.7,train,041_2021_akogoods,ako_2020-22,koma_03183_041_2021_akogoods__akogoods__page0012
3022,1380,1,0.5543,2572.0,2.5,3671.8,438.8,train,028_2019_fringe,fringe,koma_02421_028_2019_fringe__fringe_01__page0001
3023,3763,1,0.8638,161.4,328.8,513.3,663.7,train,013_2017_gakusai1-3DL,gakusai,koma_01333_013_2017_gakusai1-3DL__3__page0027
3024,689,2,0.8024,1921.1,649.0,2332.0,998.1,train,043_2021_hero,hero,koma_03532_043_2021_hero__hero__page0066
3025,746,2,0.8051,30.3,975.9,472.7,1786.5,test_panel,051_2022b_4th,4th,koma_03739_051_2022b_4th__4th__page0030
3026,261,1,0.875,996.5,716.2,1719.0,1372.2,train,regions_gakuen_koma_panels_20260729,gakuen,koma_0034_page0012
3027,1245,1,0.8034,114.5,545.6,1024.3,1544.5,test_series,regions_hamlabi_koma_panels_20260729,hamlabi,koma_0030_page0013
3028,2593,3,0.4986,116.6,1732.7,602.7,2196.4,train,018_2018_ako6,ako_2018-19,koma_01677_018_2018_ako6__ako6__page0030
3029,1887,2,0.8085,1.0,763.7,249.5,1057.3,train,056_2022b_hyoui_color,hyoui_color,koma_03832_056_2022b_hyoui_color__hyoui__page0004
3030,1386,1,0.8263,564.1,810.8,936.1,1191.6,test_series,036_2020_UNI,uni,koma_02924_036_2020_UNI__UNI_works__page0002
3031,3037,4,0.7536,2708.9,216.0,2932.5,569.8,test_panel,018_2018_ako6,ako_2018-19,koma_01823_018_2018_ako6__done4__ako6-14
3032,1732,1,0.8233,-10.6,948.7,1273.7,2264.9,train,039_2020b_ako10,ako_2020-22,koma_03062_039_2020b_ako10__aco10__page0014
3033,2282,2,0.8543,105.5,724.5,619.3,1262.8,train,037_2020_ako9,ako_2020-22,koma_02993_037_2020_ako9__ako9__page0029
3034,2439,1,0.8376,437.7,769.8,747.7,1110.6,test_panel,042_2021_akokate,ako_2020-22,koma_03332_042_2021_akokate__akokatei__page0007
3035,594,2,0.8783,1969.6,1672.8,2658.1,2408.4,train,013_2017_gakusai1-3DL,gakusai,koma_01211_013_2017_gakusai1-3DL__2__page0032
3036,337,1,0.8445,1090.5,351.1,1895.6,1152.8,train,004_2016_gal,gal,koma_00175_004_2016_gal__root__page0011
3037,1651,4,0.8595,1235.4,745.1,1760.8,1281.5,train,030_2019_succor,succor,koma_02859_030_2019_succor__succor__page0079
3038,4005,1,0.8151,600.1,375.7,1210.7,902.7,train,013_2017_gakusai1-3DL,gakusai,koma_01001_013_2017_gakusai1-3DL__1__page0009
3039,2314,4,0.7741,1009.1,497.8,1286.7,752.6,test_panel,056_2022b_hyoui_color,hyoui_color,koma_03879_056_2022b_hyoui_color__hyoui__page0014
3040,1101,2,0.8659,156.2,440.7,773.6,1041.5,test_panel,042_2021_akokate,ako_2020-22,koma_03417_042_2021_akokate__akokatei__page0039
3041,856,1,0.867,816.8,526.3,1448.3,1135.6,train,021_2018_comics4,comics4,koma_02145_021_2018_comics4__underworld_underworld__page0005
3042,1229,4,0.3585,896.4,457.3,1078.7,672.1,train,051_2022b_4th,4th,koma_03686_051_2022b_4th__4th__page0014
3043,1226,1,0.8553,1093.6,665.7,1606.1,1200.2,train,018_2018_ako6,ako_2018-19,koma_01773_018_2018_ako6__done__ako6-3
3044,2680,2,0.8433,-0.9,473.9,366.0,952.7,train,021_2018_comics4,comics4,koma_02007_021_2018_comics4__china_v2_china__page0002
3045,3994,2,0.4628,1010.2,292.8,1343.1,618.9,test_panel,072_2024c_ako,ako_2023-24,koma_04842_072_2024c_ako__ako4__page0042
3046,36,1,0.8806,2486.2,4.7,3308.1,693.2,train,regions_gakuen_koma_panels_20260729,gakuen,koma_0012_page0003
3047,4220,1,0.6921,239.6,826.5,1194.2,1728.5,train,028_2019_fringe,fringe,koma_02476_028_2019_fringe__fringe_01__page0025
3048,3888,1,0.8464,222.2,471.3,712.1,948.6,train,037_2020_ako9,ako_2020-22,koma_02992_037_2020_ako9__ako9__page0028
3049,906,1,0.8487,284.0,400.0,1153.2,1203.3,test_panel,018_2018_ako6,ako_2018-19,koma_01725_018_2018_ako6__ako6__page0087
3050,42,1,0.8192,182.9,3931.2,1177.9,4971.6,train,013_2017_gakusai1-3DL,gakusai,koma_01225_013_2017_gakusai1-3DL__2__page0036
3051,3057,1,0.8677,1045.0,706.9,1407.1,1046.2,train,056_2022b_hyoui_color,hyoui_color,koma_03908_056_2022b_hyoui_color__hyoui__page0022
3052,234,1,0.847,406.7,851.2,1829.7,1942.4,train,004_2016_gal,gal,koma_00187_004_2016_gal__root__page0013
3053,4326,2,0.7328,525.3,292.7,856.6,856.5,test_series,regions_hamlabi_koma_panels_20260729,hamlabi,koma_0044_page0020
3054,4585,1,0.8319,508.3,496.3,689.7,685.2,test_panel,003_2016_avbu,avbu,koma_00111_003_2016_avbu__avb__page0005
3055,3380,1,0.8731,842.9,1023.4,1346.4,1469.7,train,020_2018_china2,china2,koma_01932_020_2018_china2__china2__page0004
3056,1235,3,0.7846,1921.5,536.0,2171.8,810.9,train,065_2024_ako3B,ako_2023-24,koma_04353_065_2024_ako3B__ako3B__page0017
3057,3254,1,0.8407,319.5,915.8,716.2,1383.2,test_panel,regions_ako5ver2_koma_panels_20260729,ako_2017,koma_0013_page0007
3058,2140,1,0.8445,971.8,319.5,1276.6,642.8,train,regions_ako5ver2_koma_panels_20260729,ako_2017,koma_0088_page0037
3059,875,1,0.8348,645.9,511.8,1394.6,1143.3,test_panel,051_2022b_4th,4th,koma_03758_051_2022b_4th__4th__page0036
3060,800,1,0.8567,1985.0,554.9,2904.8,1368.3,train,regions_ako5ver2_koma_panels_20260729,ako_2017,koma_0069_page0027
3061,1849,2,0.8291,324.9,1266.0,563.8,1508.7,train,030_2019_succor,succor,koma_02608_030_2019_succor__succor__page0002
3062,3089,3,0.8326,1543.6,179.1,1907.0,473.9,train,013_2017_gakusai1-3DL,gakusai,koma_00992_013_2017_gakusai1-3DL__1__page0007
3063,923,2,0.7696,8.2,501.9,685.9,1436.0,test_panel,071_2024b_kids,kids,koma_04754_071_2024b_kids__unmerged__page0009
3064,176,1,0.8564,1463.6,816.3,1994.1,1433.5,train,regions_ako5ver2_koma_panels_20260729,ako_2017,koma_0032_page0016
3065,2959,1,0.7533,469.7,966.5,1025.1,1639.6,test_panel,004_2016_gal,gal,koma_00143_004_2016_gal__root__page0003
3066,307,1,0.8508,1926.2,285.9,2446.1,772.3,train,021_2018_comics4,comics4,koma_02139_021_2018_comics4__underworld_underworld__page0003
3067,3008,1,0.6636,426.0,523.1,1419.1,1541.9,train,064_2024_ako3,ako_2023-24,koma_04283_064_2024_ako3__ako3__page0041
3068,2822,3,0.6742,2.6,2620.1,122.5,2795.6,train,030_2019_succor,succor,koma_02775_030_2019_succor__succor__page0046
3069,3282,1,0.8521,467.5,439.5,892.4,856.9,train,060_2023b_ako3,ako_2023-24,koma_04070_060_2023b_ako3__ako3__page0009
3070,3276,2,0.8271,397.5,623.1,1050.7,1279.5,train,013_2017_gakusai1-3DL,gakusai,koma_01275_013_2017_gakusai1-3DL__3__page0013
3071,1287,2,0.5314,1188.1,622.7,1455.8,1034.3,test_panel,068_2024b_ako4,ako_2023-24,koma_04493_068_2024b_ako4__ako4__page0003
3072,4520,2,0.7666,62.1,709.8,307.4,1064.2,train,048_2022_akocult,ako_2020-22,koma_03605_048_2022_akocult__akocult__page0007
3073,3224,1,0.87,758.2,307.1,1201.8,760.6,test_series,014_2017_kacho,kacho,koma_01400_014_2017_kacho__kacho__page0036
3074,3080,1,0.7586,164.6,491.6,1054.1,1637.2,train,013_2017_gakusai1-3DL,gakusai,koma_01331_013_2017_gakusai1-3DL__3__page0025
3075,3649,2,0.7829,936.7,468.6,1391.3,949.8,test_panel,021_2018_comics4,comics4,koma_02050_021_2018_comics4__china_v2_china__page0020
3076,1366,1,0.8759,1203.5,873.9,1965.9,1638.5,test_panel,030_2019_succor,succor,koma_02849_030_2019_succor__succor__page0077
3077,1857,1,0.8416,1006.9,1047.3,1532.1,1519.6,test_series,regions_hamlabi_koma_panels_20260729,hamlabi,koma_0013_page0009
3078,971,2,0.872,2299.2,85.1,3172.1,828.5,train,011_2017_ako5,ako_2017,koma_00856_011_2017_ako5__done3__ako5-15
3079,278,1,0.847,1895.3,566.1,2347.3,1039.0,train,regions_4th_koma_panels_20260801,4th,koma_0025_page0006
3080,1604,1,0.8378,2200.9,602.0,2639.5,1296.9,train,048_2022_akocult,ako_2020-22,koma_03609_048_2022_akocult__akocult__page0008
3081,2361,1,0.8324,351.5,18.5,1093.7,719.2,test_panel,021_2018_comics4,comics4,koma_02014_021_2018_comics4__china_v2_china__page0003
3082,930,1,0.8354,1959.9,779.1,2332.0,1156.6,train,051_2022b_4th,4th,koma_03649_051_2022b_4th__4th__page0003
3083,959,2,0.8128,414.0,491.6,811.4,942.4,train,056_2022b_hyoui_color,hyoui_color,koma_03883_056_2022b_hyoui_color__hyoui__page0016
3084,1669,1,0.875,1836.4,600.8,2603.5,1370.9,train,042_2021_akokate,ako_2020-22,koma_03429_042_2021_akokate__akokatei__page0048
3085,4954,1,0.6008,168.6,199.5,444.4,588.2,train,039_2020b_ako10,ako_2020-22,koma_03089_039_2020b_ako10__aco10__page0021
3086,3777,1,0.8706,1397.4,285.8,1764.3,651.9,test_panel,026_2019_ako7,ako_2018-19,koma_02306_026_2019_ako7__done__road03
3087,3085,1,0.7923,405.5,822.2,1231.4,1904.4,train,018_2018_ako6,ako_2018-19,koma_01854_018_2018_ako6__done6__ako6-54
3088,2169,1,0.8303,782.5,1033.9,1084.5,1383.4,test_series,036_2020_UNI,uni,koma_02927_036_2020_UNI__UNI_works__page0003
3089,54,2,0.3711,1850.3,-1.7,2722.3,309.1,train,regions_ako5ver2_koma_panels_20260729,ako_2017,koma_0145_page0053
3090,394,1,0.8114,994.6,280.2,2934.0,2076.4,test_series,010_2016_suc,suc,koma_00687_010_2016_suc__subbcubussBK__page0018
3091,2675,1,0.8431,252.4,-4.3,917.3,367.6,test_panel,021_2018_comics4,comics4,koma_02010_021_2018_comics4__china_v2_china__page0003
3092,2602,1,0.8131,289.2,1368.8,1326.0,2349.4,test_panel,030_2019_succor,succor,koma_02640_030_2019_succor__succor__page0010
3093,2452,2,0.8412,464.2,37.3,792.6,372.2,train,regions_ako5ver2_koma_panels_20260729,ako_2017,koma_0007_page0002
3094,2553,1,0.8274,810.5,377.1,1536.6,1029.4,test_panel,016_2017_running,running,koma_01567_016_2017_running__running__page0026
3095,1382,1,0.806,341.2,182.3,1583.9,1409.2,train,039_2020b_ako10,ako_2020-22,koma_03111_039_2020b_ako10__aco10__page0034
3096,3403,1,0.8354,669.8,888.3,1323.5,1551.8,test_series,007_2016_phantom,phantom,koma_00524_007_2016_phantom__PhantomThief__page0031
3097,5297,1,0.3514,-1.7,703.7,441.2,1207.9,train,015_2017_pink,pink,koma_01462_015_2017_pink__pink__page0015
3098,339,4,0.839,1240.1,295.0,1863.7,1010.9,train,015_2017_pink,pink,koma_01434_015_2017_pink__done1__pink18
3099,3750,1,0.7939,397.9,292.3,1207.7,1174.6,train,072_2024c_ako,ako_2023-24,koma_04873_072_2024c_ako__ako4__page0052
3100,738,1,0.8649,780.7,244.5,1197.9,683.4,train,065_2024_ako3B,ako_2023-24,koma_04332_065_2024_ako3B__ako3B__page0009
3101,1326,1,0.8534,1227.3,77.5,1706.4,431.8,train,041_2021_akogoods,ako_2020-22,koma_03308_041_2021_akogoods__akogoods__page0073
3102,2360,2,0.7455,1489.5,51.9,2055.6,1271.3,train,056_2022b_hyoui_color,hyoui_color,koma_03915_056_2022b_hyoui_color__hyoui__page0023
3103,2711,1,0.8615,1074.9,1039.8,1648.3,1541.9,test_panel,013_2017_gakusai1-3DL,gakusai,koma_00985_013_2017_gakusai1-3DL__1__page0005
3104,273,1,0.8097,110.7,250.4,1650.5,1714.2,train,regions_gakuen_koma_panels_20260729,gakuen,koma_0019_page0006
3105,1606,1,0.8598,826.6,194.7,1234.7,532.9,train,013_2017_gakusai1-3DL,gakusai,koma_01196_013_2017_gakusai1-3DL__2__page0029
3106,2117,1,0.8124,685.1,810.5,1037.6,1217.5,train,039_2020b_ako10,ako_2020-22,koma_03084_039_2020b_ako10__aco10__page0020
3107,1913,1,0.7569,18.1,395.9,1404.4,1539.6,train,002_2016_aljanne2,aljanne2,koma_00088_002_2016_aljanne2__aljanne2__page0018
3108,2183,1,0.6156,339.6,442.4,1129.3,1559.9,test_series,073_2024c_mayer,mayer,koma_04916_073_2024c_mayer__mayer__page0005
3109,4976,1,0.4234,1133.3,-3.4,2103.9,513.6,test_series,027_2019_ben,ben,koma_02365_027_2019_ben__ben__page0008
3110,3510,1,0.868,64.0,421.4,398.7,764.4,train,021_2018_comics4,comics4,koma_02052_021_2018_comics4__china_v2_china__page0020
3111,4197,1,0.4834,139.5,-40.5,1166.1,893.5,train,013_2017_gakusai1-3DL,gakusai,koma_01318_013_2017_gakusai1-3DL__3__page0020
3112,1006,1,0.8131,1245.5,585.9,2093.6,1424.0,train,071_2024b_kids,kids,koma_04727_071_2024b_kids__milking__page0015
3113,1327,2,0.8525,441.0,368.5,919.2,934.9,test_panel,065_2024_ako3B,ako_2023-24,koma_04312_065_2024_ako3B__ako3B__page0007
3114,1116,1,0.8531,673.7,513.6,1172.8,1056.7,train,026_2019_ako7,ako_2018-19,koma_02232_026_2019_ako7__ako7__page0156
3115,1341,2,0.6737,875.5,3378.1,1472.7,4122.1,train,011_2017_ako5,ako_2017,koma_00883_011_2017_ako5__done4__ako5-29
3116,748,1,0.7543,1366.1,1086.7,2914.1,2641.7,train,regions_4th_koma_panels_20260801,4th,koma_0017_page0005
3117,3593,2,0.8429,625.3,723.7,1214.8,1346.6,train,015_2017_pink,pink,koma_01518_015_2017_pink__pink__page0043
3118,4713,1,0.7919,227.8,122.6,905.0,902.0,test_series,027_2019_ben,ben,koma_02390_027_2019_ben__ben__page0013
3119,804,1,0.8147,346.7,346.1,1883.5,1813.8,train,013_2017_gakusai1-3DL,gakusai,koma_01049_013_2017_gakusai1-3DL__1__page0021
3120,1015,1,0.8481,434.0,968.8,1720.1,2119.0,test_series,005_2016_ng,ng,koma_00329_005_2016_ng__ng__page0027
3121,642,3,0.6053,963.4,453.7,1110.1,611.8,train,regions_ako5ver2_koma_panels_20260729,ako_2017,koma_0133_page0050
3122,252,2,0.6068,4151.3,1511.3,4775.8,2312.0,test_series,014_2017_kacho,kacho,koma_01364_014_2017_kacho__done2__kacho13
3123,2672,1,0.7874,391.5,246.4,1241.6,1125.1,test_panel,002_2016_aljanne2,aljanne2,koma_00093_002_2016_aljanne2__aljanne2__page0020
3124,2144,1,0.822,400.6,1443.8,634.9,1663.5,train,002_2016_aljanne2,aljanne2,koma_00049_002_2016_aljanne2__aljanne2__page0008
3125,243,1,0.8447,262.1,1375.7,1206.7,2378.6,train,061_2023b_akocultB,ako_2023-24,koma_04129_061_2023b_akocultB__akocultB__page0032
3126,1878,2,0.8296,47.6,1066.7,900.9,1875.6,train,061_2023b_akocultB,ako_2023-24,koma_04135_061_2023b_akocultB__akocultB__page0033
3127,1009,2,0.4823,1582.3,495.2,2384.1,1368.3,train,030_2019_succor,succor,koma_02793_030_2019_succor__succor__page0049
3128,3359,1,0.7957,295.9,433.0,1036.4,1223.6,train,061_2023b_akocultB,ako_2023-24,koma_04164_061_2023b_akocultB__akocultB__page0044
3129,614,1,0.5562,563.1,-12.7,2360.9,1679.3,train,003_2016_avbu,avbu,koma_00137_003_2016_avbu__avb__page0028
3130,3494,2,0.7325,1198.8,48.5,1863.7,576.7,train,030_2019_succor,succor,koma_02829_030_2019_succor__succor__page0057
3131,866,2,0.8606,3073.3,1770.7,3586.1,2253.0,train,020_2018_china2,china2,koma_01945_020_2018_china2__china2__page0006
3132,2180,1,0.7996,2113.2,234.5,3372.9,1505.4,train,065_2024_ako3B,ako_2023-24,koma_04403_065_2024_ako3B__ako3B__page0046
3133,4373,1,0.8791,748.2,84.5,1009.2,344.9,train,026_2019_ako7,ako_2018-19,koma_02322_026_2019_ako7__done2__ako7-40
3134,2397,1,0.7621,0.2,411.6,529.0,1081.0,train,040_2020b_nurse,nurse+nanami,koma_03133_040_2020b_nurse__pumpkin__page0005
3135,4477,1,0.8212,315.2,214.7,1212.6,1239.6,test_panel,030_2019_succor,succor,koma_02866_030_2019_succor__succor__page0080
3136,640,1,0.8692,425.0,734.5,931.0,1284.6,train,072_2024c_ako,ako_2023-24,koma_04853_072_2024c_ako__ako4__page0047
3137,3602,1,0.7842,427.2,1.6,1070.0,632.3,test_series,005_2016_ng,ng,koma_00367_005_2016_ng__新しいフォルダー_n__page0011
3138,216,1,0.8087,1633.3,305.2,2951.4,1514.6,test_panel,regions_fitness_koma_panels_20260729,fitness,koma_0108_page0039
3139,1534,2,0.8489,967.2,696.8,1630.9,1358.0,train,013_2017_gakusai1-3DL,gakusai,koma_01312_013_2017_gakusai1-3DL__3__page0019
3140,752,1,0.8507,1457.3,624.0,2439.0,1712.8,test_series,073_2024c_mayer,mayer,koma_04928_073_2024c_mayer__mayer__page0007
3141,770,1,0.8655,522.1,741.4,1292.6,1467.6,train,037_2020_ako9,ako_2020-22,koma_02942_037_2020_ako9__ako9__page0005
3142,4879,1,0.7696,395.1,479.8,839.3,985.2,train,015_2017_pink,pink,koma_01450_015_2017_pink__pink__page0003
3143,103,5,0.8157,652.3,223.1,1404.3,923.8,test_series,007_2016_phantom,phantom,koma_00463_007_2016_phantom__PhantomThief__page0006
3144,4151,1,0.5387,915.9,525.2,1029.7,656.2,test_series,007_2016_phantom,phantom,koma_00461_007_2016_phantom__PhantomThief__page0005
3145,1198,1,0.8728,327.4,229.0,887.0,734.0,test_series,010_2016_suc,suc,koma_00697_010_2016_suc__subbcubussBK__page0030
3146,571,1,0.8516,852.0,816.2,1535.2,1585.5,train,026_2019_ako7,ako_2018-19,koma_02198_026_2019_ako7__ako7__page0083
3147,2020,2,0.6815,716.0,301.2,1864.8,1346.6,train,067_2024b_ako3B,ako_2023-24,koma_04470_067_2024b_ako3B__ako3B__page0019
3148,1686,1,0.8053,-8.6,1059.6,1051.7,2429.7,test_series,027_2019_ben,ben,koma_02352_027_2019_ben__ben__page0006
3149,3929,1,0.6775,433.5,341.4,1226.6,1104.0,train,068_2024b_ako4,ako_2023-24,koma_04555_068_2024b_ako4__ako4__page0020
3150,4486,1,0.8654,716.0,367.1,864.9,532.9,train,011_2017_ako5,ako_2017,koma_00753_011_2017_ako5__ako5__page0052
3151,2815,1,0.877,61.9,669.6,477.6,1081.8,train,018_2018_ako6,ako_2018-19,koma_01790_018_2018_ako6__done2__ako6-12
3152,2093,1,0.8259,1188.4,351.2,1652.5,689.3,test_panel,regions_4th_koma_panels_20260801,4th,koma_0133_page0033
3153,2825,1,0.8775,284.7,179.2,626.8,524.1,train,042_2021_akokate,ako_2020-22,koma_03375_042_2021_akokate__akokatei__page0019
3154,3394,1,0.8589,517.7,960.0,794.4,1226.3,train,041_2021_akogoods,ako_2020-22,koma_03294_041_2021_akogoods__akogoods__page0056
3155,2312,1,0.7852,229.1,109.6,1476.0,1348.7,train,041_2021_akogoods,ako_2020-22,koma_03269_041_2021_akogoods__akogoods__page0049
3156,4214,1,0.6128,159.8,716.8,850.9,1977.0,train,032_2019b_ako8,ako_2018-19,koma_02906_032_2019b_ako8__ako8__page0047
3157,4609,1,0.7314,398.9,1.1,1047.7,596.9,train,013_2017_gakusai1-3DL,gakusai,koma_01326_013_2017_gakusai1-3DL__3__page0022
3158,149,2,0.8678,2208.4,371.2,3164.6,1326.8,train,017_2017_stoptime,stoptime,koma_01671_017_2017_stoptime__stp__page0020
3159,1707,1,0.8643,18.5,649.4,611.7,1254.5,test_panel,056_2022b_hyoui_color,hyoui_color,koma_03923_056_2022b_hyoui_color__hyoui__page0025
3160,1476,6,0.7792,2937.1,427.3,3176.3,687.8,train,030_2019_succor,succor,koma_02646_030_2019_succor__succor__page0011
3161,2079,1,0.8413,1543.0,499.8,1987.9,1117.2,train,069_2024b_fitness,fitness,koma_04563_069_2024b_fitness__kurip__page0003
3162,3203,2,0.8696,0.3,186.0,238.3,548.0,test_panel,004_2016_gal,gal,koma_00224_004_2016_gal__gal__page0010
3163,2392,3,0.8263,479.1,655.5,647.4,883.4,train,041_2021_akogoods,ako_2020-22,koma_03283_041_2021_akogoods__akogoods__page0052
3164,218,1,0.8752,-0.0,1029.2,704.2,1807.5,train,053_2022b_akocult,ako_2020-22,koma_03795_053_2022b_akocult__akocult__page0044
3165,2354,2,0.659,40.0,-7.8,917.6,842.4,train,013_2017_gakusai1-3DL,gakusai,koma_01233_013_2017_gakusai1-3DL__3__page0002
3166,1184,1,0.4682,572.0,316.8,806.5,569.7,train,051_2022b_4th,4th,koma_03710_051_2022b_4th__4th__page0021
3167,92,2,0.7713,2766.0,258.3,3191.6,692.0,train,003_2016_avbu,avbu,koma_00122_003_2016_avbu__avb__page0009
3168,964,1,0.8681,1217.4,238.8,1771.6,757.4,train,regions_ako5ver2_koma_panels_20260729,ako_2017,koma_0010_page0003
3169,1856,1,0.8002,560.9,489.1,1434.6,1314.4,test_series,007_2016_phantom,phantom,koma_00533_007_2016_phantom__tmp__PhantomThief
3170,2137,2,0.7422,3262.1,140.1,3785.3,642.6,train,008_2016_poolsideIdle,poolsideidle,koma_00603_008_2016_poolsideIdle__poolside__page0019
3171,303,1,0.8536,2321.4,485.4,3689.2,1600.9,test_panel,regions_fitness_koma_panels_20260729,fitness,koma_0031_page0010
3172,47,1,0.8693,1880.9,57.2,2677.3,739.4,train,regions_gakuen_koma_panels_20260729,gakuen,koma_0021_page0006
3173,3434,1,0.8512,-1.9,870.3,681.0,1920.4,train,026_2019_ako7,ako_2018-19,koma_02236_026_2019_ako7__ako7__page0163
3174,1229,1,0.7964,210.9,360.8,516.9,690.8,train,051_2022b_4th,4th,koma_03686_051_2022b_4th__4th__page0014
3175,1233,1,0.8276,1219.5,207.5,1572.7,605.4,train,002_2016_aljanne2,aljanne2,koma_00033_002_2016_aljanne2__aljanne2__page0004
3176,1046,1,0.8078,89.1,444.6,1637.2,2102.2,train,regions_fitness_koma_panels_20260729,fitness,koma_0067_page0021
3177,4167,2,0.8549,297.8,352.6,497.4,546.2,test_series,006_2016_pc,pc,koma_00421_006_2016_pc__works__page0011
3178,180,1,0.7772,1637.4,428.6,2112.4,935.9,train,041_2021_akogoods,ako_2020-22,koma_03189_041_2021_akogoods__akogoods__page0013
3179,2993,1,0.7796,0.4,25.5,611.5,1042.5,test_series,005_2016_ng,ng,koma_00280_005_2016_ng__ng__page0006
3180,3351,1,0.6695,504.2,-1.3,923.8,122.2,test_panel,048_2022_akocult,ako_2020-22,koma_03599_048_2022_akocult__akocult__page0006
3181,1552,1,0.8231,382.5,0.4,1491.8,875.2,test_panel,019_2018_ako7,ako_2018-19,koma_01912_019_2018_ako7__ako7__page0069
3182,4289,1,0.7407,33.9,278.6,584.1,892.1,test_series,073_2024c_mayer,mayer,koma_04969_073_2024c_mayer__mayer__page0022
3183,552,1,0.8646,869.0,737.1,1488.5,1494.7,train,037_2020_ako9,ako_2020-22,koma_02938_037_2020_ako9__ako9__page0003
3184,945,1,0.8327,1615.3,626.2,2424.8,1375.3,train,061_2023b_akocultB,ako_2023-24,koma_04079_061_2023b_akocultB__akocultB__page0006
3185,3089,1,0.8637,2906.8,198.9,3244.4,512.6,train,013_2017_gakusai1-3DL,gakusai,koma_00992_013_2017_gakusai1-3DL__1__page0007
3186,2532,1,0.8248,518.5,603.0,1866.3,1794.6,train,013_2017_gakusai1-3DL,gakusai,koma_01137_013_2017_gakusai1-3DL__2__page0015
3187,4291,1,0.8742,958.2,330.3,1304.0,654.0,train,012_2017_copy,copy,koma_00913_012_2017_copy__copy__page0016
3188,442,2,0.7269,2216.4,981.0,2534.4,1804.5,train,042_2021_akokate,ako_2020-22,koma_03409_042_2021_akokate__akokatei__page0033
3189,3696,1,0.8111,317.9,854.4,1389.6,1938.1,train,061_2023b_akocultB,ako_2023-24,koma_04100_061_2023b_akocultB__akocultB__page0023
3190,5127,1,0.7554,1262.8,10.7,2416.0,493.6,train,018_2018_ako6,ako_2018-19,koma_01833_018_2018_ako6__done4__ako6-21
3191,1177,1,0.7163,7.7,825.5,953.9,2130.9,test_series,005_2016_ng,ng,koma_00379_005_2016_ng__新しいフォルダー_n__page0016
3192,5220,1,0.797,307.5,252.9,845.4,833.6,test_series,027_2019_ben,ben,koma_02370_027_2019_ben__ben__page0009
3193,3616,1,0.8322,521.6,498.3,1123.8,1167.8,train,048_2022_akocult,ako_2020-22,koma_03631_048_2022_akocult__akocult__page0020
3194,2465,2,0.8396,1507.3,594.6,1897.4,991.5,test_panel,065_2024_ako3B,ako_2023-24,koma_04319_065_2024_ako3B__ako3B__page0008
3195,2580,3,0.6637,641.5,1963.5,935.7,2287.6,train,regions_4th_koma_panels_20260801,4th,koma_0140_page0034
3196,2337,2,0.8765,773.1,1116.8,1382.1,1711.3,train,048_2022_akocult,ako_2020-22,koma_03625_048_2022_akocult__akocult__page0019
3197,3318,1,0.8818,1859.6,-0.4,2548.9,570.8,train,028_2019_fringe,fringe,koma_02480_028_2019_fringe__fringe_01__page0028
3198,1976,2,0.8275,1458.2,8.7,1943.9,596.3,test_series,005_2016_ng,ng,koma_00292_005_2016_ng__ng__page0009
3199,3472,1,0.3612,517.4,186.4,1271.2,1112.5,train,065_2024_ako3B,ako_2023-24,koma_04366_065_2024_ako3B__ako3B__page0019
3200,544,1,0.8632,722.2,329.0,1545.1,1098.6,train,053_2022b_akocult,ako_2020-22,koma_03801_053_2022b_akocult__akocult__page0046
3201,186,1,0.8233,3334.0,524.4,4025.2,1367.0,train,069_2024b_fitness,fitness,koma_04665_069_2024b_fitness__kurip__page0036
3202,4525,1,0.7698,15.9,225.7,454.9,709.0,test_panel,018_2018_ako6,ako_2018-19,koma_01756_018_2018_ako6__ako6__page0118
3203,483,2,0.8628,722.9,573.3,1392.1,1288.9,train,042_2021_akokate,ako_2020-22,koma_03404_042_2021_akokate__akokatei__page0030
3204,626,1,0.8407,1368.6,1768.1,2670.2,2987.1,train,032_2019b_ako8,ako_2018-19,koma_02909_032_2019b_ako8__ako8__page0048
3205,2653,1,0.8249,122.3,417.6,516.1,744.4,train,065_2024_ako3B,ako_2023-24,koma_04358_065_2024_ako3B__ako3B__page0018
3206,684,1,0.8608,2382.9,-2.0,3102.5,722.9,train,030_2019_succor,succor,koma_02698_030_2019_succor__succor__page0027
3207,407,1,0.846,961.2,380.0,2084.7,1452.6,train,013_2017_gakusai1-3DL,gakusai,koma_01034_013_2017_gakusai1-3DL__1__page0017
3208,2706,2,0.858,1301.0,290.3,1603.4,602.3,test_series,027_2019_ben,ben,koma_02367_027_2019_ben__ben__page0008
3209,2680,1,0.8521,742.7,469.6,1213.4,938.2,train,021_2018_comics4,comics4,koma_02007_021_2018_comics4__china_v2_china__page0002
3210,619,1,0.8261,1530.5,461.2,2108.9,1194.0,train,026_2019_ako7,ako_2018-19,koma_02307_026_2019_ako7__done__road12
3211,1985,2,0.8275,1458.2,8.7,1943.9,596.3,test_series,005_2016_ng,ng,koma_00361_005_2016_ng__新しいフォルダー_n__page0009
3212,653,2,0.859,2913.9,628.8,3691.7,1492.0,test_panel,056_2022b_hyoui_color,hyoui_color,koma_03880_056_2022b_hyoui_color__hyoui__page0015
3213,1293,3,0.8361,720.5,1812.2,1141.7,2267.5,train,020_2018_china2,china2,koma_01940_020_2018_china2__china2__page0005
3214,637,1,0.865,2867.0,264.4,3877.7,1233.7,train,regions_fitness_koma_panels_20260729,fitness,koma_0033_page0010
3215,2618,1,0.8574,1026.5,347.1,1650.7,919.4,train,019_2018_ako7,ako_2018-19,koma_01922_019_2018_ako7__ako7__page0073
3216,282,1,0.8734,377.4,480.5,1290.4,1291.1,train,037_2020_ako9,ako_2020-22,koma_02952_037_2020_ako9__ako9__page0012
3217,1105,2,0.8571,677.0,614.7,931.8,868.1,train,039_2020b_ako10,ako_2020-22,koma_03060_039_2020b_ako10__aco10__page0011
3218,151,1,0.8618,980.8,265.9,1990.4,1259.4,train,067_2024b_ako3B,ako_2023-24,koma_04469_067_2024b_ako3B__ako3B__page0005
3219,4373,2,0.845,111.7,400.2,427.9,677.7,train,026_2019_ako7,ako_2018-19,koma_02322_026_2019_ako7__done2__ako7-40
3220,213,3,0.8002,2807.0,290.6,3402.4,999.2,test_series,073_2024c_mayer,mayer,koma_04921_073_2024c_mayer__mayer__page0006
3221,4973,1,0.8555,542.1,2234.2,949.7,2629.5,train,026_2019_ako7,ako_2018-19,koma_02297_026_2019_ako7__done__road02
3222,3156,1,0.7377,97.2,1926.0,495.7,2512.6,train,015_2017_pink,pink,koma_01501_015_2017_pink__pink__page0037
3223,2018,1,0.8251,1244.6,206.3,1596.1,618.7,train,064_2024_ako3,ako_2023-24,koma_04279_064_2024_ako3__ako3__page0041
3224,224,1,0.8686,481.2,1104.3,1331.3,1943.2,train,041_2021_akogoods,ako_2020-22,koma_03309_041_2021_akogoods__akogoods__page0073
3225,4870,1,0.8048,417.0,-0.8,837.8,158.1,train,013_2017_gakusai1-3DL,gakusai,koma_01098_013_2017_gakusai1-3DL__1__page0031
3226,2123,1,0.7839,917.5,1037.1,1071.7,1211.2,train,065_2024_ako3B,ako_2023-24,koma_04329_065_2024_ako3B__ako3B__page0009
3227,96,2,0.7682,2698.8,179.1,3985.8,1857.0,test_series,063_2023b_hamlabi,hamlabi,koma_04189_063_2023b_hamlabi__works__page0009
3228,424,1,0.8807,2886.9,612.0,3635.5,1379.5,train,053_2022b_akocult,ako_2020-22,koma_03797_053_2022b_akocult__akocult__page0045
3229,1142,1,0.8777,751.0,843.4,1643.7,1605.1,train,039_2020b_ako10,ako_2020-22,koma_03088_039_2020b_ako10__aco10__page0021
3230,2177,1,0.8533,15.3,95.2,577.4,662.4,test_panel,041_2021_akogoods,ako_2020-22,koma_03212_041_2021_akogoods__akogoods__page0020
3231,4921,1,0.7035,32.4,260.4,576.3,794.5,test_panel,030_2019_succor,succor,koma_02873_030_2019_succor__succor__page0081
3232,370,2,0.8104,2854.1,573.4,3521.5,1288.7,train,regions_fitness_koma_panels_20260729,fitness,koma_0100_page0034
3233,2603,1,0.3711,202.2,361.5,1121.7,1367.8,train,043_2021_hero,hero,koma_03498_043_2021_hero__hero__page0050
3234,1111,1,0.8577,355.7,222.0,1110.1,999.2,train,013_2017_gakusai1-3DL,gakusai,koma_01303_013_2017_gakusai1-3DL__3__page0018
3235,4333,1,0.8699,1772.3,278.6,2296.0,759.1,train,011_2017_ako5,ako_2017,koma_00858_011_2017_ako5__done3__ako5-16
3236,20,2,0.8358,2375.0,633.3,3002.9,1375.2,test_series,036_2020_UNI,uni,koma_02930_036_2020_UNI__UNI_works__page0004
3237,1575,2,0.6778,855.9,350.3,1333.3,1242.8,test_series,007_2016_phantom,phantom,koma_00480_007_2016_phantom__PhantomThief__page0009
3238,1086,1,0.8019,240.5,813.2,1115.3,1899.7,train,018_2018_ako6,ako_2018-19,koma_01726_018_2018_ako6__ako6__page0110
3239,1310,1,0.8522,2573.1,38.6,3789.2,1148.0,train,069_2024b_fitness,fitness,koma_04659_069_2024b_fitness__kurip__page0032
3240,2128,2,0.7185,331.6,84.2,816.4,799.0,train,013_2017_gakusai1-3DL,gakusai,koma_01149_013_2017_gakusai1-3DL__2__page0018
3241,250,1,0.7793,502.2,1107.8,1201.7,1941.1,train,039_2020b_ako10,ako_2020-22,koma_03073_039_2020b_ako10__aco10__page0017
3242,958,3,0.363,2326.7,6.6,2783.8,535.6,train,056_2022b_hyoui_color,hyoui_color,koma_03981_056_2022b_hyoui_color__hyoui__page0037
3243,2033,2,0.8415,1280.0,1022.1,1974.5,1680.6,train,020_2018_china2,china2,koma_01993_020_2018_china2__china2__page0025
3244,2616,2,0.5549,2316.3,46.5,2822.4,736.8,train,013_2017_gakusai1-3DL,gakusai,koma_01074_013_2017_gakusai1-3DL__1__page0026
3245,1169,1,0.8561,2524.7,387.3,3081.0,964.5,train,043_2021_hero,hero,koma_03474_043_2021_hero__hero__page0014
3246,2628,2,0.8076,1017.3,500.7,1565.0,1245.1,test_series,014_2017_kacho,kacho,koma_01381_014_2017_kacho__kacho__page0030
3247,3124,1,0.7917,686.6,585.3,1272.2,1223.9,train,regions_4th_koma_panels_20260801,4th,koma_0121_page0028
3248,134,2,0.8167,289.2,781.3,1738.6,2032.8,train,regions_gakuen_koma_panels_20260729,gakuen,koma_0013_page0004
3249,83,1,0.8742,2109.7,2149.7,3119.1,2955.3,train,041_2021_akogoods,ako_2020-22,koma_03312_041_2021_akogoods__akogoods__page0075
3250,2780,1,0.8409,1395.4,854.6,2031.8,1497.3,train,030_2019_succor,succor,koma_02670_030_2019_succor__succor__page0019
3251,212,1,0.8563,1650.4,55.2,2780.7,1124.3,train,017_2017_stoptime,stoptime,koma_01667_017_2017_stoptime__stp__page0018
3252,603,2,0.8532,2367.1,1700.5,3049.5,2368.9,train,029_2019_fringe3,fringe,koma_02580_029_2019_fringe3__fringe3__page0018
3253,3428,1,0.8572,896.8,743.9,1450.2,1303.0,train,061_2023b_akocultB,ako_2023-24,koma_04116_061_2023b_akocultB__akocultB__page0028
3254,5286,1,0.7397,291.1,176.8,591.9,437.4,train,011_2017_ako5,ako_2017,koma_00740_011_2017_ako5__ako5__page0046
3255,3628,2,0.8158,332.1,2.2,999.0,450.0,train,003_2016_avbu,avbu,koma_00109_003_2016_avbu__avb__page0004
3256,1232,1,0.8603,2682.8,677.6,3225.0,1168.7,train,030_2019_succor,succor,koma_02635_030_2019_succor__succor__page0008
3257,3890,1,0.8666,112.9,480.2,424.3,811.7,train,015_2017_pink,pink,koma_01480_015_2017_pink__pink__page0029
3258,2068,1,0.8557,430.2,543.2,992.3,1126.0,train,072_2024c_ako,ako_2023-24,koma_04900_072_2024c_ako__ako4__page0061
3259,4180,1,0.8189,453.4,586.2,1087.0,1256.8,train,018_2018_ako6,ako_2018-19,koma_01822_018_2018_ako6__done4__ako6-14
3260,1181,4,0.8538,1791.9,276.3,2367.8,844.4,train,013_2017_gakusai1-3DL,gakusai,koma_01220_013_2017_gakusai1-3DL__2__page0034
3261,272,2,0.8459,1534.6,1.4,2435.2,739.4,train,regions_fitness_koma_panels_20260729,fitness,koma_0035_page0011
3262,2733,1,0.4529,0.4,318.9,1263.6,1773.3,train,013_2017_gakusai1-3DL,gakusai,koma_01116_013_2017_gakusai1-3DL__2__page0007
3263,1878,1,0.8436,824.7,755.0,1441.6,1406.8,train,061_2023b_akocultB,ako_2023-24,koma_04135_061_2023b_akocultB__akocultB__page0033
3264,131,2,0.84,855.7,1521.6,1466.4,2395.4,train,041_2021_akogoods,ako_2020-22,koma_03199_041_2021_akogoods__akogoods__page0017
3265,649,1,0.8439,1315.7,439.6,2427.0,1542.8,train,011_2017_ako5,ako_2017,koma_00727_011_2017_ako5__ako5__page0039
3266,2713,1,0.8745,1758.4,926.8,2311.3,1492.8,train,026_2019_ako7,ako_2018-19,koma_02316_026_2019_ako7__done2__ako7-39
3267,1476,4,0.7814,2302.7,991.2,2548.4,1226.9,train,030_2019_succor,succor,koma_02646_030_2019_succor__succor__page0011
3268,1074,1,0.8563,815.9,48.8,1726.3,999.6,train,015_2017_pink,pink,koma_01426_015_2017_pink__done1__pink14
3269,297,2,0.8401,2815.0,1701.0,3334.7,2182.1,train,030_2019_succor,succor,koma_02718_030_2019_succor__succor__page0031
3270,195,1,0.8028,1592.9,315.4,2955.6,1510.2,train,069_2024b_fitness,fitness,koma_04672_069_2024b_fitness__kurip__page0039
3271,3256,1,0.8163,278.4,561.3,1080.0,1314.3,test_series,027_2019_ben,ben,koma_02339_027_2019_ben__ben__page0003
3272,2906,1,0.8215,511.9,640.9,922.5,1273.2,train,013_2017_gakusai1-3DL,gakusai,koma_01069_013_2017_gakusai1-3DL__1__page0025
3273,1076,1,0.8263,1812.0,714.7,2402.1,1297.2,train,030_2019_succor,succor,koma_02609_030_2019_succor__succor__page0004
3274,1401,1,0.8189,76.7,339.2,979.7,1266.7,train,065_2024_ako3B,ako_2023-24,koma_04326_065_2024_ako3B__ako3B__page0008
3275,3214,1,0.747,965.4,734.7,1066.3,819.3,train,021_2018_comics4,comics4,koma_02169_021_2018_comics4__underworld_underworld__page0010
3276,3658,1,0.8428,35.5,373.6,338.7,701.0,test_series,010_2016_suc,suc,koma_00672_010_2016_suc__subbcubussBK__page0012
3277,1730,1,0.573,186.2,796.5,995.4,2118.6,train,072_2024c_ako,ako_2023-24,koma_04870_072_2024c_ako__ako4__page0051
3278,1721,1,0.8498,162.4,36.1,1317.1,1050.2,test_panel,026_2019_ako7,ako_2018-19,koma_02237_026_2019_ako7__ako7__page0163
3279,3817,1,0.8322,811.6,353.6,1437.8,960.8,train,011_2017_ako5,ako_2017,koma_00843_011_2017_ako5__done2__ako5-7 (1)
3280,5186,1,0.8523,1058.1,-4.5,1907.9,699.2,test_panel,018_2018_ako6,ako_2018-19,koma_01713_018_2018_ako6__ako6__page0064
3281,5326,1,0.8438,492.4,329.4,635.6,479.1,test_panel,012_2017_copy,copy,koma_00914_012_2017_copy__copy__page0016
3282,2557,1,0.847,1208.6,310.7,1723.6,824.7,train,016_2017_running,running,koma_01590_016_2017_running__running__page0033
3283,672,2,0.8707,2297.4,86.0,3171.2,828.5,train,011_2017_ako5,ako_2017,koma_00864_011_2017_ako5__done4__ako5-15
3284,4348,1,0.732,151.7,751.4,353.5,967.4,train,030_2019_succor,succor,koma_02649_030_2019_succor__succor__page0012
3285,1603,1,0.7597,512.5,424.1,1815.9,1817.5,train,003_2016_avbu,avbu,koma_00101_003_2016_avbu__avb__page0002
3286,772,1,0.8534,1855.1,267.7,2746.8,1069.6,train,029_2019_fringe3,fringe,koma_02540_029_2019_fringe3__fringe3__page0011
3287,4482,1,0.7923,189.3,10.2,922.4,642.0,train,002_2016_aljanne2,aljanne2,koma_00052_002_2016_aljanne2__aljanne2__page0008
3288,3350,2,0.7383,1.6,1015.9,295.0,1777.9,train,037_2020_ako9,ako_2020-22,koma_02967_037_2020_ako9__ako9__page0021
3289,1764,1,0.7605,300.5,656.3,1548.1,1780.4,test_series,regions_hamlabi_koma_panels_20260729,hamlabi,koma_0042_page0018
3290,672,1,0.8867,1309.0,510.3,2105.1,1224.9,train,011_2017_ako5,ako_2017,koma_00864_011_2017_ako5__done4__ako5-15
3291,2712,1,0.8319,1662.6,318.9,3045.4,1704.2,train,028_2019_fringe,fringe,koma_02429_028_2019_fringe__fringe_01__page0006
3292,85,2,0.7895,906.6,160.5,1622.7,1027.2,train,039_2020b_ako10,ako_2020-22,koma_03076_039_2020b_ako10__aco10__page0017
3293,2951,1,0.8213,748.9,126.1,1566.3,898.2,train,013_2017_gakusai1-3DL,gakusai,koma_01290_013_2017_gakusai1-3DL__3__page0015
3294,4987,1,0.813,117.6,634.7,661.7,1234.8,train,026_2019_ako7,ako_2018-19,koma_02190_026_2019_ako7__ako7__page0072
3295,664,2,0.7959,1128.6,216.1,1679.6,996.9,test_panel,001_2015_gakusai3,gakusai,koma_00014_001_2015_gakusai3__tmp3_gakusai3__page0040
3296,943,1,0.7974,30.6,546.8,1121.3,1298.6,test_panel,regions_4th_koma_panels_20260801,4th,koma_0127_page0031
3297,3632,1,0.8476,2001.2,202.3,2385.3,639.7,train,037_2020_ako9,ako_2020-22,koma_02963_037_2020_ako9__ako9__page0020
3298,2110,2,0.7364,-1.4,668.6,408.7,1646.8,train,016_2017_running,running,koma_01557_016_2017_running__running__page0004
3299,4481,1,0.7491,247.7,440.8,867.5,1121.6,train,071_2024b_kids,kids,koma_04715_071_2024b_kids__milking__page0013
3300,136,1,0.8486,672.2,740.0,1491.7,1584.9,train,regions_gakuen_koma_panels_20260729,gakuen,koma_0029_page0010
3301,2555,2,0.8494,348.0,362.5,748.4,838.3,train,051_2022b_4th,4th,koma_03749_051_2022b_4th__4th__page0034
3302,2248,2,0.8509,3211.7,206.1,3649.8,745.9,train,029_2019_fringe3,fringe,koma_02523_029_2019_fringe3__fringe3__page0007
3303,2909,1,0.8543,320.2,137.1,941.1,771.5,train,008_2016_poolsideIdle,poolsideidle,koma_00580_008_2016_poolsideIdle__poolside__page0012
3304,2416,1,0.5111,1634.0,121.2,2185.5,575.5,train,042_2021_akokate,ako_2020-22,koma_03364_042_2021_akokate__akokatei__page0016
3305,1162,1,0.8373,1413.4,380.1,2653.1,1342.2,train,020_2018_china2,china2,koma_01956_020_2018_china2__china2__page0009
3306,2358,1,0.8338,454.2,1092.7,666.0,1284.4,test_series,regions_hamlabi_koma_panels_20260729,hamlabi,koma_0012_page0009
3307,3501,1,0.8005,685.1,244.5,1238.1,941.1,train,059_2023b_4th,4th,koma_04018_059_2023b_4th__4th__page0008
3308,280,1,0.849,2489.8,341.5,3634.5,1489.8,train,041_2021_akogoods,ako_2020-22,koma_03160_041_2021_akogoods__akogoods__page0007
3309,2656,1,0.7604,499.6,764.1,1479.4,1777.1,train,037_2020_ako9,ako_2020-22,koma_02972_037_2020_ako9__ako9__page0022
3310,325,1,0.8492,443.0,824.6,1152.0,1534.2,train,regions_ako5ver2_koma_panels_20260729,ako_2017,koma_0022_page0012
3311,3230,2,0.6901,1327.1,268.7,1920.1,860.4,test_panel,030_2019_succor,succor,koma_02750_030_2019_succor__succor__page0039
3312,1630,1,0.8767,1591.7,-4.8,2163.3,450.1,train,011_2017_ako5,ako_2017,koma_00852_011_2017_ako5__done3__ako5-12
3313,4685,2,0.8213,761.7,256.9,1154.1,684.2,train,018_2018_ako6,ako_2018-19,koma_01708_018_2018_ako6__ako6__page0058
3314,3004,2,0.5398,738.1,35.5,1538.8,1305.3,train,016_2017_running,running,koma_01599_016_2017_running__running__page0036
3315,563,2,0.428,3394.8,1142.3,3583.8,1384.8,train,071_2024b_kids,kids,koma_04744_071_2024b_kids__unmerged__page0008
3316,2042,1,0.8256,1004.7,226.8,1824.2,983.7,test_panel,018_2018_ako6,ako_2018-19,koma_01815_018_2018_ako6__done3__ako6-26
3317,717,2,0.7836,1318.8,405.1,1626.5,698.7,train,071_2024b_kids,kids,koma_04686_071_2024b_kids__milking__page0007
3318,1108,1,0.7634,424.2,434.3,1193.0,1156.5,test_panel,035_2019b_skima2,skima2,koma_02912_035_2019b_skima2__task__page0012
3319,1186,1,0.8462,427.7,877.3,896.9,1344.2,test_series,014_2017_kacho,kacho,koma_01379_014_2017_kacho__kacho__page0018
3320,1371,1,0.7909,1488.2,1005.1,2059.3,1622.3,test_panel,056_2022b_hyoui_color,hyoui_color,koma_03840_056_2022b_hyoui_color__hyoui__page0005
3321,628,1,0.7135,3225.4,583.2,3406.4,765.4,train,016_2017_running,running,koma_01560_016_2017_running__running__page0023
3322,3257,1,0.8304,1311.8,269.3,2321.2,1410.2,train,072_2024c_ako,ako_2023-24,koma_04840_072_2024c_ako__ako4__page0042
3323,3866,1,0.4839,686.9,429.6,1556.0,1435.1,train,042_2021_akokate,ako_2020-22,koma_03359_042_2021_akokate__akokatei__page0015
3324,1939,1,0.879,534.9,590.7,1212.0,1285.6,train,015_2017_pink,pink,koma_01484_015_2017_pink__pink__page0030
3325,1368,2,0.5939,2059.7,7.0,3415.1,1105.3,test_panel,018_2018_ako6,ako_2018-19,koma_01856_018_2018_ako6__done6__ako6-54
3326,3147,2,0.819,228.4,799.6,821.0,1427.5,train,056_2022b_hyoui_color,hyoui_color,koma_03869_056_2022b_hyoui_color__hyoui__page0011
3327,783,1,0.7956,707.1,151.7,940.6,418.4,train,regions_ako5ver2_koma_panels_20260729,ako_2017,koma_0170_page0065
3328,5059,1,0.4456,463.3,44.6,1100.5,694.0,train,004_2016_gal,gal,koma_00204_004_2016_gal__root__page0020
3329,2647,1,0.673,395.9,2471.6,518.6,2580.6,train,071_2024b_kids,kids,koma_04741_071_2024b_kids__unmerged__page0006
3330,1565,1,0.8209,475.9,280.2,1311.9,1068.6,test_panel,013_2017_gakusai1-3DL,gakusai,koma_01044_013_2017_gakusai1-3DL__1__page0019
3331,4985,1,0.8083,991.3,301.7,1204.3,528.0,train,029_2019_fringe3,fringe,koma_02495_029_2019_fringe3__fringe3__page0002
3332,5010,1,0.8088,289.7,742.8,888.4,1328.9,train,030_2019_succor,succor,koma_02719_030_2019_succor__succor__page0033
3333,1509,1,0.8617,1053.2,796.4,1412.7,1205.1,train,regions_ako5ver2_koma_panels_20260729,ako_2017,koma_0153_page0059
3334,3013,1,0.8525,318.5,771.7,702.5,1211.2,train,020_2018_china2,china2,koma_01937_020_2018_china2__china2__page0004
3335,4851,1,0.6169,258.3,251.1,771.3,770.1,test_panel,043_2021_hero,hero,koma_03496_043_2021_hero__hero__page0050
3336,2372,1,0.8353,2679.8,179.1,2979.5,507.6,train,072_2024c_ako,ako_2023-24,koma_04815_072_2024c_ako__ako4__page0030
3337,1538,1,0.7935,401.1,-0.2,1118.4,384.7,train,regions_ako5ver2_koma_panels_20260729,ako_2017,koma_0138_page0051
3338,4786,1,0.7581,188.1,981.9,569.0,1508.1,train,043_2021_hero,hero,koma_03552_043_2021_hero__hero__page0079
3339,1629,1,0.7851,1.1,957.6,995.4,2204.3,train,018_2018_ako6,ako_2018-19,koma_01690_018_2018_ako6__ako6__page0052
3340,901,1,0.8099,1021.9,550.4,2341.3,2107.4,train,016_2017_running,running,koma_01528_016_2017_running__done__running03
3341,3937,1,0.7597,341.1,156.8,905.9,953.4,train,059_2023b_4th,4th,koma_04024_059_2023b_4th__4th__page0009
3342,4501,1,0.5966,821.8,427.1,951.2,612.2,test_panel,064_2024_ako3,ako_2023-24,koma_04220_064_2024_ako3__ako3__page0011
3343,1986,1,0.8337,0.1,1.6,903.8,966.4,train,037_2020_ako9,ako_2020-22,koma_02976_037_2020_ako9__ako9__page0022
3344,2166,2,0.4381,129.2,1057.2,653.1,1916.4,train,049_2022_akogoods,ako_2020-22,koma_03638_049_2022_akogoods__akogoods__page0053
3345,178,2,0.8108,1429.4,0.4,2374.1,632.7,train,069_2024b_fitness,fitness,koma_04645_069_2024b_fitness__kurip__page0027
3346,3456,1,0.8024,165.5,509.6,945.2,1298.8,train,021_2018_comics4,comics4,koma_02005_021_2018_comics4__china_v2_china__page0002
3347,3997,2,0.8185,318.7,547.7,637.0,1069.9,test_panel,029_2019_fringe3,fringe,koma_02521_029_2019_fringe3__fringe3__page0007
3348,4551,2,0.3527,311.0,380.3,854.2,773.6,train,regions_4th_koma_panels_20260801,4th,koma_0085_page0021
3349,4731,1,0.7213,271.5,210.7,892.3,975.9,train,043_2021_hero,hero,koma_03542_043_2021_hero__hero__page0071
3350,1693,1,0.8044,1054.0,253.3,2509.1,1834.7,train,018_2018_ako6,ako_2018-19,koma_01729_018_2018_ako6__ako6__page0110
3351,3053,2,0.6771,72.4,122.3,266.8,449.7,train,068_2024b_ako4,ako_2023-24,koma_04492_068_2024b_ako4__ako4__page0003
3352,1829,1,0.8656,338.1,688.0,1198.2,1469.2,train,041_2021_akogoods,ako_2020-22,koma_03290_041_2021_akogoods__akogoods__page0054
3353,2630,1,0.7717,442.0,367.9,1342.4,1427.5,train,061_2023b_akocultB,ako_2023-24,koma_04087_061_2023b_akocultB__akocultB__page0017
3354,2725,1,0.8611,400.2,589.0,855.0,1124.9,test_panel,015_2017_pink,pink,koma_01446_015_2017_pink__pink__page0002
3355,0,2,0.8443,733.1,-0.9,2464.6,1524.7,train,013_2017_gakusai1-3DL,gakusai,koma_01166_013_2017_gakusai1-3DL__2__page0021
3356,518,4,0.3736,949.9,162.1,1603.8,1202.7,train,053_2022b_akocult,ako_2020-22,koma_03779_053_2022b_akocult__akocult__page0038
3357,4064,1,0.744,1436.2,12.5,3422.5,804.7,train,047_2022_4th,4th,koma_03584_047_2022_4th__4th__page0007
3358,2099,1,0.8197,433.3,878.3,1155.1,1586.7,train,071_2024b_kids,kids,koma_04712_071_2024b_kids__milking__page0012
3359,1665,2,0.8522,1092.0,279.7,1642.1,821.0,train,regions_ako5ver2_koma_panels_20260729,ako_2017,koma_0129_page0049
3360,2165,1,0.871,637.0,395.4,1180.6,933.7,train,018_2018_ako6,ako_2018-19,koma_01866_018_2018_ako6__done6__ako6-58
3361,5283,1,0.7535,681.5,760.5,780.3,863.9,train,013_2017_gakusai1-3DL,gakusai,koma_01174_013_2017_gakusai1-3DL__2__page0022
3362,3450,2,0.8312,915.7,428.8,1227.9,748.7,train,013_2017_gakusai1-3DL,gakusai,koma_01310_013_2017_gakusai1-3DL__3__page0019
3363,5258,2,0.8327,60.1,144.3,272.7,362.6,train,030_2019_succor,succor,koma_02863_030_2019_succor__succor__page0079
3364,3183,1,0.8047,42.6,246.2,523.2,840.0,train,013_2017_gakusai1-3DL,gakusai,koma_01286_013_2017_gakusai1-3DL__3__page0014
3365,2229,2,0.7503,555.2,902.4,1277.3,1990.5,train,016_2017_running,running,koma_01538_016_2017_running__done__running10
3366,3380,2,0.8397,388.4,1044.0,583.6,1259.1,train,020_2018_china2,china2,koma_01932_020_2018_china2__china2__page0004
3367,496,2,0.8096,2378.5,68.0,3855.6,1497.9,train,056_2022b_hyoui_color,hyoui_color,koma_03863_056_2022b_hyoui_color__hyoui__page0010
3368,4458,1,0.8473,1192.6,753.2,1576.3,1127.5,test_series,027_2019_ben,ben,koma_02366_027_2019_ben__ben__page0008
3369,2682,1,0.7317,504.3,683.9,1433.5,1647.3,train,regions_ako5ver2_koma_panels_20260729,ako_2017,koma_0041_page0020
3370,1496,1,0.8671,2028.4,993.9,2704.7,1751.8,train,019_2018_ako7,ako_2018-19,koma_01917_019_2018_ako7__ako7__page0071
3371,1449,1,0.8306,441.6,586.9,1714.7,1833.7,train,regions_4th_koma_panels_20260801,4th,koma_0112_page0026
3372,1810,1,0.7931,175.2,809.0,1277.2,2015.2,train,regions_fitness_koma_panels_20260729,fitness,koma_0038_page0012
3373,1503,1,0.8203,1.4,1507.3,424.4,2358.6,train,018_2018_ako6,ako_2018-19,koma_01731_018_2018_ako6__ako6__page0111
3374,2020,1,0.7998,1865.8,3.6,2991.1,780.5,train,067_2024b_ako3B,ako_2023-24,koma_04470_067_2024b_ako3B__ako3B__page0019
3375,5323,1,0.7188,1978.0,996.7,2094.8,1145.4,train,018_2018_ako6,ako_2018-19,koma_01771_018_2018_ako6__done__ako6-3
3376,3913,2,0.4366,765.2,1054.3,1238.8,1588.1,train,026_2019_ako7,ako_2018-19,koma_02294_026_2019_ako7__done__ako7-35
3377,254,1,0.8547,661.1,671.2,1290.5,1561.4,train,regions_fitness_koma_panels_20260729,fitness,koma_0094_page0032
3378,498,4,0.8234,309.5,971.1,630.2,1308.4,train,011_2017_ako5,ako_2017,koma_00766_011_2017_ako5__ako5__page0066
3379,3513,2,0.8446,802.1,723.6,1445.3,1364.4,train,030_2019_succor,succor,koma_02747_030_2019_succor__succor__page0039
3380,1644,1,0.8423,87.1,716.8,578.7,1202.0,train,071_2024b_kids,kids,koma_04702_071_2024b_kids__milking__page0010
3381,844,1,0.7704,440.3,187.1,1408.5,1157.5,train,020_2018_china2,china2,koma_01984_020_2018_china2__china2__page0023
3382,4296,1,0.6576,482.1,512.8,643.1,750.9,train,072_2024c_ako,ako_2023-24,koma_04843_072_2024c_ako__ako4__page0042
3383,1832,1,0.7498,3177.3,-3.5,3501.6,196.1,test_panel,067_2024b_ako3B,ako_2023-24,koma_04471_067_2024b_ako3B__ako3B__page0019
3384,2592,2,0.825,425.3,67.5,1077.2,790.1,test_panel,013_2017_gakusai1-3DL,gakusai,koma_01219_013_2017_gakusai1-3DL__2__page0034
3385,4449,1,0.8544,1142.7,218.4,1616.1,700.1,train,008_2016_poolsideIdle,poolsideidle,koma_00608_008_2016_poolsideIdle__poolside__page0019
3386,3410,2,0.8028,997.3,963.6,1627.6,1654.4,train,013_2017_gakusai1-3DL,gakusai,koma_00984_013_2017_gakusai1-3DL__1__page0005
3387,202,1,0.8664,2596.4,419.6,3573.6,1393.2,train,065_2024_ako3B,ako_2023-24,koma_04356_065_2024_ako3B__ako3B__page0018
3388,1519,1,0.8568,785.0,787.5,1227.8,1238.5,train,041_2021_akogoods,ako_2020-22,koma_03150_041_2021_akogoods__akogoods__page0006
3389,2679,1,0.8392,266.4,481.5,759.1,974.0,train,016_2017_running,running,koma_01587_016_2017_running__running__page0031
3390,988,1,0.8318,626.9,457.3,1336.9,1374.7,train,041_2021_akogoods,ako_2020-22,koma_03291_041_2021_akogoods__akogoods__page0054
3391,3098,1,0.8163,217.5,409.2,1029.7,1329.2,train,regions_ako5ver2_koma_panels_20260729,ako_2017,koma_0054_page0024
3392,2396,2,0.7558,1910.1,825.5,2114.0,1071.7,train,065_2024_ako3B,ako_2023-24,koma_04322_065_2024_ako3B__ako3B__page0008
3393,1964,1,0.8219,747.5,196.7,1621.0,1004.0,test_panel,042_2021_akokate,ako_2020-22,koma_03397_042_2021_akokate__akokatei__page0028
3394,2752,1,0.8023,1387.4,53.7,2245.8,918.0,train,018_2018_ako6,ako_2018-19,koma_01896_018_2018_ako6__done8__ako6-41
3395,1945,1,0.8268,453.5,588.2,1060.0,1267.0,train,071_2024b_kids,kids,koma_04716_071_2024b_kids__milking__page0013
3396,1694,2,0.8661,518.4,888.4,1039.2,1544.1,train,018_2018_ako6,ako_2018-19,koma_01818_018_2018_ako6__done3__ako6-27
3397,613,2,0.8066,9.6,369.7,931.0,1486.7,train,072_2024c_ako,ako_2023-24,koma_04798_072_2024c_ako__ako4__page0021
3398,986,1,0.8848,2232.3,-0.4,3148.1,674.3,train,026_2019_ako7,ako_2018-19,koma_02326_026_2019_ako7__done2__road01
3399,476,1,0.5175,2213.4,317.4,3042.3,1495.3,train,029_2019_fringe3,fringe,koma_02556_029_2019_fringe3__fringe3__page0014
3400,4575,1,0.7827,172.7,878.1,874.3,1795.8,train,028_2019_fringe,fringe,koma_02457_028_2019_fringe__fringe_01__page0018
3401,4682,2,0.3821,752.5,-0.1,979.7,119.6,test_panel,015_2017_pink,pink,koma_01419_015_2017_pink__done1__pink10
3402,1890,2,0.8122,316.0,658.6,647.7,1031.7,test_panel,043_2021_hero,hero,koma_03483_043_2021_hero__hero__page0035
3403,4736,1,0.852,1028.9,458.1,1300.9,698.9,train,030_2019_succor,succor,koma_02748_030_2019_succor__succor__page0039
3404,3354,2,0.8833,483.8,668.8,788.9,967.9,train,013_2017_gakusai1-3DL,gakusai,koma_01002_013_2017_gakusai1-3DL__1__page0009
3405,2840,1,0.8676,914.3,955.4,1193.6,1244.5,test_series,010_2016_suc,suc,koma_00660_010_2016_suc__subbcubussBK__page0010
3406,5319,1,0.8294,327.6,92.6,822.9,604.3,train,018_2018_ako6,ako_2018-19,koma_01716_018_2018_ako6__ako6__page0065
3407,3406,1,0.803,586.1,210.2,1305.6,1015.6,train,regions_fitness_koma_panels_20260729,fitness,koma_0050_page0016
3408,174,3,0.5042,190.5,1678.1,927.2,2254.4,train,051_2022b_4th,4th,koma_03745_051_2022b_4th__4th__page0032
3409,4469,1,0.8452,1245.9,514.6,1886.3,1142.7,train,041_2021_akogoods,ako_2020-22,koma_03207_041_2021_akogoods__akogoods__page0020
3410,4800,1,0.7004,-8.8,397.1,766.0,1592.6,train,011_2017_ako5,ako_2017,koma_00829_011_2017_ako5__done__ako5-37
3411,2748,2,0.8321,221.3,174.0,623.2,670.4,train,021_2018_comics4,comics4,koma_02062_021_2018_comics4__mars_v2_mars_manuscript__page0003
3412,1976,1,0.8617,289.0,405.4,930.1,1004.0,test_series,005_2016_ng,ng,koma_00292_005_2016_ng__ng__page0009
3413,2537,1,0.8421,762.4,312.8,1387.2,881.3,train,030_2019_succor,succor,koma_02782_030_2019_succor__succor__page0047
3414,1159,1,0.8495,595.2,605.5,1150.0,1212.2,train,053_2022b_akocult,ako_2020-22,koma_03765_053_2022b_akocult__akocult__page0001
3415,1200,1,0.7198,3790.8,897.2,4511.0,1813.2,train,056_2022b_hyoui_color,hyoui_color,koma_03986_056_2022b_hyoui_color__hyoui__page0039
3416,3825,1,0.8407,586.6,1817.1,821.3,2044.3,train,043_2021_hero,hero,koma_03502_043_2021_hero__hero__page0054
3417,75,4,0.709,666.1,882.5,917.6,1137.5,train,021_2018_comics4,comics4,koma_02044_021_2018_comics4__china_v2_china__page0013
3418,1467,1,0.7675,1020.8,-24.5,3119.5,1251.5,test_series,006_2016_pc,pc,koma_00416_006_2016_pc__works__page0009
3419,3964,1,0.8412,771.1,1046.2,1058.1,1382.3,train,072_2024c_ako,ako_2023-24,koma_04837_072_2024c_ako__ako4__page0040
3420,1876,2,0.7134,479.7,136.5,1574.9,1583.2,train,056_2022b_hyoui_color,hyoui_color,koma_03910_056_2022b_hyoui_color__hyoui__page0022
3421,3227,2,0.8222,1416.6,662.8,2245.8,1462.4,train,030_2019_succor,succor,koma_02781_030_2019_succor__succor__page0047
3422,364,1,0.8702,259.2,646.1,1138.3,1463.4,train,037_2020_ako9,ako_2020-22,koma_02984_037_2020_ako9__ako9__page0025
3423,2194,1,0.8537,815.5,237.8,1218.9,714.3,train,regions_4th_koma_panels_20260801,4th,koma_0108_page0025
3424,2279,1,0.8196,170.4,541.4,1138.0,1475.8,train,004_2016_gal,gal,koma_00144_004_2016_gal__root__page0003
3425,977,1,0.7982,309.1,542.2,1651.2,1585.1,train,013_2017_gakusai1-3DL,gakusai,koma_01130_013_2017_gakusai1-3DL__2__page0012
3426,681,1,0.8593,557.5,945.6,897.0,1302.7,train,regions_ako5ver2_koma_panels_20260729,ako_2017,koma_0130_page0050
3427,2459,1,0.8215,812.2,377.0,1536.4,1027.4,train,016_2017_running,running,koma_01552_016_2017_running__done__running5_aname
3428,2214,2,0.8417,16.7,477.8,594.2,1198.3,test_series,014_2017_kacho,kacho,koma_01346_014_2017_kacho__done__kacho03
3429,4718,1,0.3763,682.6,694.2,882.7,992.5,train,018_2018_ako6,ako_2018-19,koma_01737_018_2018_ako6__ako6__page0112
3430,2079,2,0.8379,2483.0,406.0,3077.5,1129.0,train,069_2024b_fitness,fitness,koma_04563_069_2024b_fitness__kurip__page0003
3431,3337,1,0.8138,436.9,1388.2,617.8,1611.9,train,regions_4th_koma_panels_20260801,4th,koma_0132_page0033
3432,2204,1,0.8708,157.7,791.3,434.8,1066.9,train,041_2021_akogoods,ako_2020-22,koma_03181_041_2021_akogoods__akogoods__page0011
3433,692,1,0.7431,1090.6,1098.3,2014.7,2084.8,train,regions_4th_koma_panels_20260801,4th,koma_0110_page0026
3434,687,2,0.8342,2851.3,-3.3,3616.0,515.2,train,056_2022b_hyoui_color,hyoui_color,koma_03891_056_2022b_hyoui_color__hyoui__page0018
3435,4567,2,0.8411,953.2,909.4,1242.2,1134.0,train,015_2017_pink,pink,koma_01509_015_2017_pink__pink__page0039
3436,4215,1,0.7204,536.0,472.4,1100.7,1269.2,train,regions_ako5ver2_koma_panels_20260729,ako_2017,koma_0075_page0033
3437,1014,1,0.8526,693.2,686.8,1175.8,1144.9,train,028_2019_fringe,fringe,koma_02481_028_2019_fringe__fringe_01__page0028
3438,1083,2,0.8184,2345.2,1156.2,2738.6,1546.0,train,011_2017_ako5,ako_2017,koma_00782_011_2017_ako5__ako5__page0071
3439,2050,1,0.8608,2521.0,149.6,3180.4,804.1,train,030_2019_succor,succor,koma_02824_030_2019_succor__succor__page0056
3440,1106,1,0.8648,1893.4,729.7,2412.7,1218.1,train,029_2019_fringe3,fringe,koma_02584_029_2019_fringe3__fringe3__page0019
3441,4165,1,0.8427,-2.3,1311.9,363.0,1783.8,train,041_2021_akogoods,ako_2020-22,koma_03262_041_2021_akogoods__akogoods__page0047
3442,1459,1,0.7974,2431.8,232.7,2670.7,488.0,train,032_2019b_ako8,ako_2018-19,koma_02884_032_2019b_ako8__ako8__page0003
3443,2548,1,0.8622,476.3,1295.9,997.0,1812.3,test_series,014_2017_kacho,kacho,koma_01389_014_2017_kacho__kacho__page0033
3444,401,1,0.862,900.0,719.0,1889.2,1714.7,train,018_2018_ako6,ako_2018-19,koma_01863_018_2018_ako6__done6__ako6-57
3445,1169,3,0.7784,382.7,696.5,561.1,956.0,train,043_2021_hero,hero,koma_03474_043_2021_hero__hero__page0014
3446,2375,1,0.5354,1461.8,204.1,1683.2,871.3,train,069_2024b_fitness,fitness,koma_04641_069_2024b_fitness__kurip__page0026
3447,636,2,0.8479,878.4,812.6,1466.8,1454.7,train,069_2024b_fitness,fitness,koma_04596_069_2024b_fitness__kurip__page0010
3448,585,1,0.8675,1155.1,438.3,2225.8,1457.2,test_series,027_2019_ben,ben,koma_02383_027_2019_ben__ben__page0012
3449,2655,1,0.8759,461.3,964.7,847.2,1388.4,train,048_2022_akocult,ako_2020-22,koma_03596_048_2022_akocult__akocult__page0006
3450,1949,1,0.8572,756.7,379.7,1064.0,696.5,train,002_2016_aljanne2,aljanne2,koma_00047_002_2016_aljanne2__aljanne2__page0007
3451,4712,1,0.8565,144.0,525.9,738.5,1123.9,train,030_2019_succor,succor,koma_02852_030_2019_succor__succor__page0078
3452,4073,3,0.7266,167.0,753.6,238.5,830.1,train,013_2017_gakusai1-3DL,gakusai,koma_01185_013_2017_gakusai1-3DL__2__page0025
3453,2394,1,0.8754,2055.4,284.4,2526.7,694.5,test_series,063_2023b_hamlabi,hamlabi,koma_04207_063_2023b_hamlabi__works__page0026
3454,839,2,0.8047,549.1,1266.6,784.2,1584.5,train,regions_fitness_koma_panels_20260729,fitness,koma_0007_page0004
3455,2907,1,0.8247,813.6,26.9,1431.0,608.7,test_series,005_2016_ng,ng,koma_00311_005_2016_ng__ng__page0016
3456,2721,1,0.7876,923.4,677.9,1627.9,1322.9,test_series,007_2016_phantom,phantom,koma_00471_007_2016_phantom__PhantomThief__page0008
3457,75,2,0.8609,2706.2,1232.3,3272.6,1757.2,train,021_2018_comics4,comics4,koma_02044_021_2018_comics4__china_v2_china__page0013
3458,472,2,0.5951,1627.6,544.2,1884.7,1508.4,test_series,006_2016_pc,pc,koma_00434_006_2016_pc__works__page0016
3459,3975,1,0.8224,1170.2,385.6,2128.6,1316.1,test_series,027_2019_ben,ben,koma_02384_027_2019_ben__ben__page0012
3460,907,1,0.8621,32.8,2608.1,867.0,3324.2,train,004_2016_gal,gal,koma_00167_004_2016_gal__root__page0009
3461,2850,1,0.8365,1313.6,-2.4,1966.0,594.0,test_series,005_2016_ng,ng,koma_00341_005_2016_ng__新しいフォルダー_n__page0004
3462,3935,1,0.8758,406.7,355.8,752.0,683.2,test_panel,013_2017_gakusai1-3DL,gakusai,koma_01076_013_2017_gakusai1-3DL__1__page0027
3463,1903,3,0.7229,751.8,1049.9,1051.1,1705.3,train,026_2019_ako7,ako_2018-19,koma_02172_026_2019_ako7__ako7__page0067
3464,308,2,0.7889,524.0,262.6,1299.3,1289.9,train,016_2017_running,running,koma_01592_016_2017_running__running__page0033
3465,3968,1,0.7652,1664.5,397.2,1804.3,558.0,test_series,005_2016_ng,ng,koma_00325_005_2016_ng__ng__page0025
3466,3820,1,0.832,82.8,262.4,804.9,1009.7,train,030_2019_succor,succor,koma_02846_030_2019_succor__succor__page0076
3467,2191,1,0.8452,676.5,689.0,1492.4,1468.5,test_panel,056_2022b_hyoui_color,hyoui_color,koma_03988_056_2022b_hyoui_color__hyoui__page0040
3468,4961,1,0.7956,750.2,-0.1,1160.2,181.8,test_series,027_2019_ben,ben,koma_02359_027_2019_ben__ben__page0007
3469,4488,1,0.5264,914.9,430.2,1075.4,690.9,train,029_2019_fringe3,fringe,koma_02515_029_2019_fringe3__fringe3__page0005
3470,1431,2,0.6759,3237.8,2.5,4350.6,638.5,train,026_2019_ako7,ako_2018-19,koma_02276_026_2019_ako7__done__ako7-28
3471,3931,1,0.7743,276.9,736.5,1074.8,1672.5,train,013_2017_gakusai1-3DL,gakusai,koma_01012_013_2017_gakusai1-3DL__1__page0012
3472,4498,1,0.8618,909.2,2.5,1843.6,769.4,train,011_2017_ako5,ako_2017,koma_00827_011_2017_ako5__done__ako5-37
3473,4276,1,0.8676,1237.5,644.0,1758.4,1180.4,train,018_2018_ako6,ako_2018-19,koma_01745_018_2018_ako6__ako6__page0116
3474,179,3,0.8622,512.9,886.7,1114.4,1487.6,test_panel,056_2022b_hyoui_color,hyoui_color,koma_03878_056_2022b_hyoui_color__hyoui__page0014
3475,992,5,0.5369,448.5,793.7,652.9,1108.5,test_panel,021_2018_comics4,comics4,koma_02008_021_2018_comics4__china_v2_china__page0002
3476,3819,1,0.7659,953.3,731.5,1517.5,1328.9,train,029_2019_fringe3,fringe,koma_02566_029_2019_fringe3__fringe3__page0016
3477,236,1,0.7043,2797.7,2527.9,3966.6,3753.4,train,regions_ako5ver2_koma_panels_20260729,ako_2017,koma_0107_page0043
3478,2876,2,0.5187,764.3,81.5,1076.1,498.4,train,013_2017_gakusai1-3DL,gakusai,koma_01155_013_2017_gakusai1-3DL__2__page0019
3479,2530,2,0.8354,318.6,189.9,816.3,761.2,train,regions_4th_koma_panels_20260801,4th,koma_0146_page0035
3480,536,1,0.8603,258.4,315.2,865.8,1117.7,test_series,005_2016_ng,ng,koma_00278_005_2016_ng__ng__page0006
3481,2209,1,0.8043,447.1,851.1,1130.3,1558.5,train,061_2023b_akocultB,ako_2023-24,koma_04077_061_2023b_akocultB__akocultB__page0006
3482,258,1,0.8342,1018.3,361.1,1790.0,1398.9,test_panel,069_2024b_fitness,fitness,koma_04622_069_2024b_fitness__kurip__page0019
3483,715,1,0.8742,1010.3,738.0,2159.6,1710.2,test_panel,026_2019_ako7,ako_2018-19,koma_02314_026_2019_ako7__done__road14
3484,175,1,0.8549,709.7,4.5,1527.7,590.3,train,002_2016_aljanne2,aljanne2,koma_00074_002_2016_aljanne2__aljanne2__page0014
3485,489,1,0.8537,488.3,1096.1,1299.4,2046.0,train,regions_ako5ver2_koma_panels_20260729,ako_2017,koma_0146_page0054
3486,3227,1,0.8675,572.0,1043.6,985.6,1495.7,train,030_2019_succor,succor,koma_02781_030_2019_succor__succor__page0047
3487,3955,1,0.8229,448.5,487.2,914.2,945.6,test_panel,021_2018_comics4,comics4,koma_02125_021_2018_comics4__underworld_underworld__page0001
3488,5305,1,0.8171,272.1,337.5,565.6,719.2,train,015_2017_pink,pink,koma_01422_015_2017_pink__done1__pink11
3489,2143,2,0.752,95.4,752.6,517.2,1180.6,train,008_2016_poolsideIdle,poolsideidle,koma_00604_008_2016_poolsideIdle__poolside__page0019
3490,1908,1,0.8125,6.1,370.6,1004.9,1655.3,test_panel,056_2022b_hyoui_color,hyoui_color,koma_03987_056_2022b_hyoui_color__hyoui__page0040
3491,2441,2,0.3477,926.3,83.4,1761.9,1370.4,train,013_2017_gakusai1-3DL,gakusai,koma_01234_013_2017_gakusai1-3DL__3__page0002
3492,2483,2,0.866,59.3,672.5,744.3,1439.1,test_series,027_2019_ben,ben,koma_02362_027_2019_ben__ben__page0008
3493,2978,1,0.868,721.2,256.3,1084.2,649.8,train,072_2024c_ako,ako_2023-24,koma_04865_072_2024c_ako__ako4__page0049
3494,2922,1,0.8767,1800.8,715.0,2543.1,1478.5,train,042_2021_akokate,ako_2020-22,koma_03330_042_2021_akokate__akokatei__page0007
3495,3157,2,0.8326,784.7,216.5,1274.7,768.2,train,041_2021_akogoods,ako_2020-22,koma_03276_041_2021_akogoods__akogoods__page0051
3496,439,1,0.8593,638.4,755.7,1092.1,1239.3,train,030_2019_succor,succor,koma_02659_030_2019_succor__succor__page0015
3497,3566,2,0.8541,755.1,362.9,1048.9,685.3,train,regions_4th_koma_panels_20260801,4th,koma_0091_page0022
3498,1478,1,0.8374,745.3,630.3,966.4,847.4,train,061_2023b_akocultB,ako_2023-24,koma_04159_061_2023b_akocultB__akocultB__page0043
3499,5067,1,0.8056,4.3,416.7,490.0,776.0,train,044_2021_nanami,nurse+nanami,koma_03562_044_2021_nanami__root__a
3500,160,2,0.8398,1300.0,94.5,2365.8,1459.2,test_series,010_2016_suc,suc,koma_00685_010_2016_suc__subbcubussBK__page0018
3501,446,1,0.8211,1269.3,184.6,2349.0,1382.6,train,003_2016_avbu,avbu,koma_00123_003_2016_avbu__avb__page0009
3502,278,3,0.837,2736.3,870.1,3206.7,1392.1,train,regions_4th_koma_panels_20260801,4th,koma_0025_page0006
3503,5151,1,0.8688,512.1,666.9,907.5,1024.6,train,016_2017_running,running,koma_01549_016_2017_running__done__running20
3504,5249,1,0.6301,157.9,36.3,623.8,472.4,train,021_2018_comics4,comics4,koma_02143_021_2018_comics4__underworld_underworld__page0004
3505,1473,1,0.8425,955.0,939.2,1384.1,1377.5,test_series,010_2016_suc,suc,koma_00676_010_2016_suc__subbcubussBK__page0012
3506,2782,3,0.843,169.9,271.0,612.8,1021.1,train,029_2019_fringe3,fringe,koma_02496_029_2019_fringe3__fringe3__page0002
3507,3655,1,0.7757,351.6,240.7,874.1,896.1,train,059_2023b_4th,4th,koma_04021_059_2023b_4th__4th__page0008
3508,3812,1,0.8568,941.6,639.2,1403.9,1110.7,test_panel,013_2017_gakusai1-3DL,gakusai,koma_00995_013_2017_gakusai1-3DL__1__page0008
3509,1091,1,0.7779,684.7,184.4,1583.8,1531.7,train,011_2017_ako5,ako_2017,koma_00709_011_2017_ako5__ako5__page0009
3510,3284,1,0.8656,502.3,95.1,1013.6,534.7,test_series,027_2019_ben,ben,koma_02387_027_2019_ben__ben__page0012
3511,4560,1,0.7737,640.9,-3.8,1427.0,762.9,train,004_2016_gal,gal,koma_00225_004_2016_gal__gal__page0010
3512,2415,1,0.8662,725.1,170.8,1189.4,684.6,train,013_2017_gakusai1-3DL,gakusai,koma_01043_013_2017_gakusai1-3DL__1__page0019
3513,3857,1,0.8763,941.5,448.2,1483.4,983.6,train,030_2019_succor,succor,koma_02841_030_2019_succor__succor__page0075
3514,1001,2,0.386,1004.3,2578.3,1276.8,2883.4,train,013_2017_gakusai1-3DL,gakusai,koma_01302_013_2017_gakusai1-3DL__3__page0018
3515,32,1,0.8743,535.8,1303.2,1166.3,1892.9,train,051_2022b_4th,4th,koma_03701_051_2022b_4th__4th__page0018
3516,1601,1,0.8729,161.0,655.9,699.6,1162.6,train,041_2021_akogoods,ako_2020-22,koma_03154_041_2021_akogoods__akogoods__page0006
3517,3760,1,0.8249,1675.7,623.1,1993.4,1062.7,train,030_2019_succor,succor,koma_02721_030_2019_succor__succor__page0033
3518,1953,1,0.8646,1428.4,415.3,1717.8,677.5,train,039_2020b_ako10,ako_2020-22,koma_03096_039_2020b_ako10__aco10__page0026
3519,405,1,0.8681,1591.9,473.9,2141.3,1102.4,train,051_2022b_4th,4th,koma_03720_051_2022b_4th__4th__page0023
3520,2208,1,0.8263,1309.4,326.7,2102.3,1090.0,test_series,005_2016_ng,ng,koma_00269_005_2016_ng__ng__page0004
3521,2693,1,0.6354,522.6,894.1,1792.6,2061.2,test_panel,020_2018_china2,china2,koma_01982_020_2018_china2__china2__page0015
3522,1902,1,0.8327,-2.0,3457.8,562.2,4066.0,train,019_2018_ako7,ako_2018-19,koma_01902_019_2018_ako7__ako7__page0067
3523,3451,1,0.7575,623.1,211.1,851.7,556.9,train,004_2016_gal,gal,koma_00172_004_2016_gal__root__page0010
3524,2204,2,0.8523,664.8,1052.5,965.1,1341.2,train,041_2021_akogoods,ako_2020-22,koma_03181_041_2021_akogoods__akogoods__page0011
3525,1828,2,0.7272,801.8,349.9,1042.5,602.3,train,030_2019_succor,succor,koma_02652_030_2019_succor__succor__page0012
3526,693,1,0.7315,1981.4,323.0,2349.3,790.4,train,regions_gakuen_koma_panels_20260729,gakuen,koma_0026_page0008
3527,3030,1,0.8218,289.4,322.2,1024.6,991.8,test_panel,041_2021_akogoods,ako_2020-22,koma_03152_041_2021_akogoods__akogoods__page0006
3528,3744,1,0.4263,989.6,830.2,1441.3,1267.1,train,018_2018_ako6,ako_2018-19,koma_01697_018_2018_ako6__ako6__page0054
3529,538,1,0.8517,1294.3,-0.2,2144.8,469.8,train,053_2022b_akocult,ako_2020-22,koma_03780_053_2022b_akocult__akocult__page0038
3530,2281,1,0.8083,592.1,-1.1,1408.2,437.0,train,021_2018_comics4,comics4,koma_02070_021_2018_comics4__mars_v2_mars_manuscript__page0004
3531,1256,3,0.8187,2669.8,162.9,3033.8,558.0,test_panel,008_2016_poolsideIdle,poolsideidle,koma_00540_008_2016_poolsideIdle__poolside__page0001
3532,3612,1,0.8731,68.8,1258.7,447.0,1683.0,train,015_2017_pink,pink,koma_01454_015_2017_pink__pink__page0004
3533,1657,1,0.8468,664.2,197.4,1126.5,692.2,train,068_2024b_ako4,ako_2023-24,koma_04556_068_2024b_ako4__ako4__page0020
3534,2274,1,0.8691,530.7,750.6,1273.6,1411.1,test_panel,012_2017_copy,copy,koma_00973_012_2017_copy__done2__copy15
3535,1201,2,0.7679,872.0,0.6,2021.1,1389.2,train,regions_ako5ver2_koma_panels_20260729,ako_2017,koma_0028_page0013
3536,179,4,0.8145,2736.6,4850.8,3389.6,5192.1,test_panel,056_2022b_hyoui_color,hyoui_color,koma_03878_056_2022b_hyoui_color__hyoui__page0014
3537,602,3,0.7871,1475.2,370.2,1874.9,948.8,test_series,005_2016_ng,ng,koma_00272_005_2016_ng__ng__page0004
3538,2463,1,0.8059,471.0,410.1,1110.9,1469.3,test_panel,013_2017_gakusai1-3DL,gakusai,koma_01026_013_2017_gakusai1-3DL__1__page0014
3539,2813,1,0.8185,417.5,127.8,1477.0,1086.7,train,056_2022b_hyoui_color,hyoui_color,koma_03901_056_2022b_hyoui_color__hyoui__page0020
3540,5300,1,0.8426,608.5,198.6,854.7,476.7,test_panel,029_2019_fringe3,fringe,koma_02518_029_2019_fringe3__fringe3__page0006
3541,722,1,0.7045,1289.5,-7.1,3820.2,1696.1,train,013_2017_gakusai1-3DL,gakusai,koma_01235_013_2017_gakusai1-3DL__3__page0002
3542,471,1,0.8519,1115.4,458.5,2197.2,1580.3,train,013_2017_gakusai1-3DL,gakusai,koma_01083_013_2017_gakusai1-3DL__1__page0028
3543,4311,1,0.8116,62.9,360.6,812.0,1121.3,train,026_2019_ako7,ako_2018-19,koma_02305_026_2019_ako7__done__road03
3544,3836,1,0.8518,287.6,721.8,605.0,1068.3,test_panel,004_2016_gal,gal,koma_00161_004_2016_gal__root__page0006
3545,3753,1,0.6365,2012.0,861.7,2256.1,1169.2,test_series,regions_hamlabi_koma_panels_20260729,hamlabi,koma_0048_page0022
3546,944,1,0.8784,2313.0,231.0,3079.7,1103.2,train,061_2023b_akocultB,ako_2023-24,koma_04098_061_2023b_akocultB__akocultB__page0022
3547,652,1,0.8027,1333.5,-19.4,3185.9,1150.4,test_series,regions_hamlabi_koma_panels_20260729,hamlabi,koma_0004_page0006
3548,5175,1,0.677,-0.2,222.1,381.5,1114.6,train,013_2017_gakusai1-3DL,gakusai,koma_01251_013_2017_gakusai1-3DL__3__page0006
3549,1325,1,0.8078,891.8,8.4,1435.4,649.4,train,004_2016_gal,gal,koma_00256_004_2016_gal__gal__page0020
3550,1477,1,0.8365,203.0,38.3,1430.1,1134.3,train,032_2019b_ako8,ako_2018-19,koma_02910_032_2019b_ako8__ako8__page0053
3551,4258,2,0.7577,567.4,523.8,833.4,978.1,test_panel,011_2017_ako5,ako_2017,koma_00722_011_2017_ako5__ako5__page0019
3552,45,1,0.8502,1032.4,693.3,1795.9,1481.9,train,021_2018_comics4,comics4,koma_02135_021_2018_comics4__underworld_underworld__page0003
3553,668,1,0.6892,2203.8,1040.3,2406.3,1255.1,test_series,073_2024c_mayer,mayer,koma_04971_073_2024c_mayer__mayer__page0022
3554,4639,1,0.7673,348.1,1212.9,1019.1,2181.4,test_panel,029_2019_fringe3,fringe,koma_02567_029_2019_fringe3__fringe3__page0016
3555,3234,1,0.7601,703.3,447.8,1806.5,1511.1,train,061_2023b_akocultB,ako_2023-24,koma_04115_061_2023b_akocultB__akocultB__page0028
3556,1851,1,0.6447,6.4,510.7,951.9,1583.3,train,003_2016_avbu,avbu,koma_00126_003_2016_avbu__avb__page0014
3557,4298,3,0.4383,870.1,443.3,1293.3,1037.7,train,013_2017_gakusai1-3DL,gakusai,koma_01201_013_2017_gakusai1-3DL__2__page0030
3558,4952,1,0.6556,482.5,97.4,1127.2,662.1,train,065_2024_ako3B,ako_2023-24,koma_04412_065_2024_ako3B__ako3B__page0050
3559,1723,1,0.7602,439.4,110.3,1891.9,1464.3,train,013_2017_gakusai1-3DL,gakusai,koma_01207_013_2017_gakusai1-3DL__2__page0031
3560,575,1,0.808,1629.6,546.3,3446.2,2098.2,train,011_2017_ako5,ako_2017,koma_00812_011_2017_ako5__ako5__page0087
3561,753,5,0.8112,2740.3,6.1,3203.0,388.4,train,029_2019_fringe3,fringe,koma_02516_029_2019_fringe3__fringe3__page0006
3562,2586,1,0.7852,410.3,181.5,1016.3,883.2,test_series,010_2016_suc,suc,koma_00661_010_2016_suc__subbcubussBK__page0010
3563,3678,2,0.7756,1031.6,52.5,1291.9,382.8,train,072_2024c_ako,ako_2023-24,koma_04898_072_2024c_ako__ako4__page0061
3564,2127,1,0.831,923.2,-10.7,1610.7,662.1,test_series,005_2016_ng,ng,koma_00258_005_2016_ng__ng__page0001
3565,3089,5,0.8163,87.8,234.4,340.3,535.7,train,013_2017_gakusai1-3DL,gakusai,koma_00992_013_2017_gakusai1-3DL__1__page0007
3566,2888,2,0.8331,89.4,71.5,560.7,727.5,test_series,007_2016_phantom,phantom,koma_00504_007_2016_phantom__PhantomThief__page0020
3567,219,2,0.3685,3409.3,11.5,4291.3,605.3,train,004_2016_gal,gal,koma_00190_004_2016_gal__root__page0014
3568,1298,1,0.8426,1063.7,8.1,2008.1,1009.8,test_panel,013_2017_gakusai1-3DL,gakusai,koma_00990_013_2017_gakusai1-3DL__1__page0006
3569,2623,2,0.8648,1439.1,249.6,1854.7,727.7,test_panel,011_2017_ako5,ako_2017,koma_00844_011_2017_ako5__done2__ako5-7 (1)
3570,214,1,0.4459,1858.7,2424.2,2351.0,2941.2,train,regions_4th_koma_panels_20260801,4th,koma_0128_page0031
3571,2987,1,0.674,43.2,596.6,1210.9,2050.3,train,018_2018_ako6,ako_2018-19,koma_01842_018_2018_ako6__done5__ako6-25
3572,1493,2,0.8402,130.5,1285.5,525.8,1811.7,train,011_2017_ako5,ako_2017,koma_00799_011_2017_ako5__ako5__page0077
3573,3157,1,0.8474,95.4,505.3,484.4,951.1,train,041_2021_akogoods,ako_2020-22,koma_03276_041_2021_akogoods__akogoods__page0051
3574,5125,1,0.7617,593.6,194.9,994.7,659.5,train,004_2016_gal,gal,koma_00231_004_2016_gal__gal__page0011
3575,2761,3,0.3117,655.3,320.1,1611.5,1538.3,train,013_2017_gakusai1-3DL,gakusai,koma_01105_013_2017_gakusai1-3DL__2__page0003
3576,4669,2,0.8666,992.0,86.1,1333.4,442.3,test_series,027_2019_ben,ben,koma_02396_027_2019_ben__ben__page0014
3577,639,3,0.8144,1344.9,872.2,1569.6,1087.9,test_panel,017_2017_stoptime,stoptime,koma_01653_017_2017_stoptime__stp__page0012
3578,1773,1,0.8713,283.8,354.6,943.4,946.2,train,068_2024b_ako4,ako_2023-24,koma_04509_068_2024b_ako4__ako4__page0007
3579,3484,1,0.8225,546.7,132.6,1180.1,758.5,train,041_2021_akogoods,ako_2020-22,koma_03272_041_2021_akogoods__akogoods__page0049
3580,4154,1,0.825,430.6,395.3,991.4,881.7,train,018_2018_ako6,ako_2018-19,koma_01710_018_2018_ako6__ako6__page0058
3581,774,1,0.8174,701.5,1371.8,1489.0,2266.7,train,regions_4th_koma_panels_20260801,4th,koma_0009_page0003
3582,79,1,0.8633,3025.4,512.8,3838.2,1230.0,train,regions_ako5ver2_koma_panels_20260729,ako_2017,koma_0149_page0057
3583,985,2,0.7199,1327.1,421.8,2038.1,1263.6,train,061_2023b_akocultB,ako_2023-24,koma_04150_061_2023b_akocultB__akocultB__page0041
3584,5096,1,0.8569,25.3,1266.7,559.0,1883.8,train,015_2017_pink,pink,koma_01517_015_2017_pink__pink__page0043
3585,2876,1,0.8298,-0.5,211.5,220.8,668.7,train,013_2017_gakusai1-3DL,gakusai,koma_01155_013_2017_gakusai1-3DL__2__page0019
3586,2865,1,0.7908,838.6,388.8,1002.5,573.8,train,regions_ako5ver2_koma_panels_20260729,ako_2017,koma_0166_page0064
3587,4506,2,0.4747,753.0,-0.0,978.8,119.5,train,015_2017_pink,pink,koma_01478_015_2017_pink__pink__page0028
3588,1492,4,0.8598,1449.1,136.1,1986.4,729.2,test_panel,013_2017_gakusai1-3DL,gakusai,koma_01222_013_2017_gakusai1-3DL__2__page0034
3589,2394,2,0.8511,565.3,281.0,963.8,669.4,test_series,063_2023b_hamlabi,hamlabi,koma_04207_063_2023b_hamlabi__works__page0026
3590,4415,1,0.6785,171.6,289.3,670.1,621.1,train,051_2022b_4th,4th,koma_03689_051_2022b_4th__4th__page0014
3591,1170,2,0.8159,1384.5,52.7,2671.5,1301.7,train,039_2020b_ako10,ako_2020-22,koma_03079_039_2020b_ako10__aco10__page0018
3592,1196,2,0.812,568.7,405.3,1359.5,1447.8,train,042_2021_akokate,ako_2020-22,koma_03353_042_2021_akokate__akokatei__page0013
3593,4120,2,0.7392,2564.2,16.2,2805.2,276.0,train,021_2018_comics4,comics4,koma_02064_021_2018_comics4__mars_v2_mars_manuscript__page0003
3594,158,1,0.8448,1604.1,805.1,2810.4,1959.8,train,021_2018_comics4,comics4,koma_02032_021_2018_comics4__china_v2_china__page0008
3595,1687,1,0.3833,1173.3,919.9,1495.7,1618.2,train,regions_ako5ver2_koma_panels_20260729,ako_2017,koma_0050_page0023
3596,3083,1,0.8106,289.9,1025.4,1022.6,1705.4,train,061_2023b_akocultB,ako_2023-24,koma_04155_061_2023b_akocultB__akocultB__page0043
3597,340,2,0.8379,1791.1,219.9,2407.3,895.9,train,004_2016_gal,gal,koma_00229_004_2016_gal__gal__page0011
3598,2822,1,0.7498,334.1,2657.6,488.9,2836.5,train,030_2019_succor,succor,koma_02775_030_2019_succor__succor__page0046
3599,4645,1,0.8649,639.6,284.6,979.2,605.9,train,042_2021_akokate,ako_2020-22,koma_03335_042_2021_akokate__akokatei__page0008
3600,3709,1,0.7624,3145.9,155.5,3322.7,339.3,train,039_2020b_ako10,ako_2020-22,koma_03031_039_2020b_ako10__aco10__page0001
3601,4125,3,0.6416,1193.3,90.9,1814.5,1042.2,test_series,027_2019_ben,ben,koma_02341_027_2019_ben__ben__page0004
3602,1793,2,0.7293,788.1,582.5,1753.9,2107.1,train,071_2024b_kids,kids,koma_04764_071_2024b_kids__unmerged__page0011
3603,1014,3,0.7727,3145.4,314.6,3636.9,840.6,train,028_2019_fringe,fringe,koma_02481_028_2019_fringe__fringe_01__page0028
3604,1815,1,0.8382,1919.7,552.5,2558.3,1293.2,train,028_2019_fringe,fringe,koma_02482_028_2019_fringe__fringe_01__page0029
3605,1973,2,0.8541,20.6,814.3,556.5,1396.0,test_panel,037_2020_ako9,ako_2020-22,koma_02994_037_2020_ako9__ako9__page0029
3606,387,3,0.8197,61.3,1925.5,567.4,2628.8,train,042_2021_akokate,ako_2020-22,koma_03425_042_2021_akokate__akokatei__page0047
3607,3384,1,0.677,1521.2,-1.5,1920.9,488.1,train,018_2018_ako6,ako_2018-19,koma_01835_018_2018_ako6__done4__ako6-21
3608,569,2,0.6407,1724.9,1965.7,2019.7,2296.1,test_panel,043_2021_hero,hero,koma_03475_043_2021_hero__hero__page0014
3609,881,1,0.8649,939.9,357.8,1433.2,819.5,test_panel,065_2024_ako3B,ako_2023-24,koma_04393_065_2024_ako3B__ako3B__page0031
3610,2163,1,0.8558,2598.0,730.2,3219.2,1367.2,test_panel,042_2021_akokate,ako_2020-22,koma_03387_042_2021_akokate__akokatei__page0026
3611,2172,3,0.8529,634.5,449.1,906.4,714.2,train,002_2016_aljanne2,aljanne2,koma_00024_002_2016_aljanne2__aljanne2__page0003
3612,2728,1,0.8706,2418.0,3.8,3214.9,689.8,train,032_2019b_ako8,ako_2018-19,koma_02901_032_2019b_ako8__ako8__page0018
3613,504,1,0.8201,526.7,154.7,1396.4,1066.4,test_series,005_2016_ng,ng,koma_00288_005_2016_ng__ng__page0008
3614,168,2,0.4766,1336.7,4.1,2360.1,743.1,train,regions_fitness_koma_panels_20260729,fitness,koma_0074_page0025
3615,2335,1,0.7343,674.9,-2.3,1380.4,206.6,train,030_2019_succor,succor,koma_02618_030_2019_succor__succor__page0004
3616,1943,1,0.8099,470.6,637.9,1215.7,1481.0,train,071_2024b_kids,kids,koma_04731_071_2024b_kids__milking__page0017
3617,762,1,0.7713,1140.6,448.6,2992.1,2019.9,train,037_2020_ako9,ako_2020-22,koma_02975_037_2020_ako9__ako9__page0022
3618,2078,1,0.8368,1385.3,350.9,2104.1,1261.6,test_panel,029_2019_fringe3,fringe,koma_02533_029_2019_fringe3__fringe3__page0010
3619,177,1,0.8852,3412.2,581.9,4193.5,1334.1,test_series,009_2016_riko,riko,koma_00616_009_2016_riko__lozx__page0003
3620,3367,1,0.8669,513.6,1119.8,953.3,1733.6,train,008_2016_poolsideIdle,poolsideidle,koma_00574_008_2016_poolsideIdle__poolside__page0010
3621,1605,1,0.7493,729.0,2.0,1807.7,413.3,train,056_2022b_hyoui_color,hyoui_color,koma_03962_056_2022b_hyoui_color__hyoui__page0032
3622,827,1,0.8429,2807.4,1438.5,3320.5,1942.6,train,030_2019_succor,succor,koma_02874_030_2019_succor__succor__page0082
3623,1229,2,0.6558,3635.8,337.8,3826.7,561.7,train,051_2022b_4th,4th,koma_03686_051_2022b_4th__4th__page0014
3624,560,1,0.866,2005.4,1.0,3197.5,819.5,train,020_2018_china2,china2,koma_01961_020_2018_china2__china2__page0010
3625,287,1,0.8534,669.6,-13.1,1915.8,984.6,train,021_2018_comics4,comics4,koma_02074_021_2018_comics4__mars_v2_mars_manuscript__page0005
3626,4491,1,0.787,418.3,523.9,691.7,968.1,train,021_2018_comics4,comics4,koma_02126_021_2018_comics4__underworld_underworld__page0001
3627,3373,1,0.6584,0.6,162.8,261.3,799.6,train,002_2016_aljanne2,aljanne2,koma_00034_002_2016_aljanne2__aljanne2__page0004
3628,3901,1,0.8258,89.0,1649.4,333.9,1892.7,train,042_2021_akokate,ako_2020-22,koma_03461_042_2021_akokate__akokatei__page0067
3629,5112,1,0.7617,593.6,194.9,994.7,659.5,train,004_2016_gal,gal,koma_00177_004_2016_gal__root__page0011
3630,2560,1,0.8659,648.2,372.1,1054.2,792.5,test_panel,068_2024b_ako4,ako_2023-24,koma_04536_068_2024b_ako4__ako4__page0016
3631,1843,2,0.8072,213.7,274.5,829.7,961.9,test_series,073_2024c_mayer,mayer,koma_04972_073_2024c_mayer__mayer__page0024
3632,2067,3,0.8226,672.2,1012.0,1110.9,1422.1,train,015_2017_pink,pink,koma_01475_015_2017_pink__pink__page0020
3633,1674,1,0.8519,1202.7,587.4,1931.9,1258.8,test_series,005_2016_ng,ng,koma_00271_005_2016_ng__ng__page0004
3634,500,3,0.83,670.8,1002.3,1120.6,1441.7,train,015_2017_pink,pink,koma_01516_015_2017_pink__pink__page0042
3635,1712,1,0.8607,938.8,563.3,1297.4,924.7,train,004_2016_gal,gal,koma_00254_004_2016_gal__gal__page0020
3636,162,2,0.4642,1336.2,3.9,2359.5,741.2,train,069_2024b_fitness,fitness,koma_04638_069_2024b_fitness__kurip__page0025
3637,3418,1,0.8645,429.7,114.0,927.2,556.7,train,002_2016_aljanne2,aljanne2,koma_00022_002_2016_aljanne2__aljanne2__page0002
3638,2937,1,0.338,2853.9,178.1,3216.4,516.6,train,030_2019_succor,succor,koma_02642_030_2019_succor__succor__page0010
3639,1703,2,0.3373,1869.6,16.0,2324.8,705.2,train,013_2017_gakusai1-3DL,gakusai,koma_01325_013_2017_gakusai1-3DL__3__page0022
3640,2929,1,0.865,-1.9,1460.2,582.7,2252.7,train,016_2017_running,running,koma_01572_016_2017_running__running__page0027
3641,4433,1,0.6747,308.8,82.8,1200.2,863.3,test_panel,030_2019_succor,succor,koma_02624_030_2019_succor__succor__page0005
3642,4407,1,0.8237,1079.7,-30.4,1823.9,817.0,train,068_2024b_ako4,ako_2023-24,koma_04518_068_2024b_ako4__ako4__page0009
3643,1978,2,0.7138,1471.6,954.8,1659.3,1236.9,train,067_2024b_ako3B,ako_2023-24,koma_04472_067_2024b_ako3B__ako3B__page0019
3644,695,1,0.8708,877.0,651.6,1438.2,1162.6,test_panel,065_2024_ako3B,ako_2023-24,koma_04411_065_2024_ako3B__ako3B__page0050
3645,3619,1,0.8363,1045.1,498.3,1247.9,714.2,train,008_2016_poolsideIdle,poolsideidle,koma_00565_008_2016_poolsideIdle__poolside__page0008
3646,3242,1,0.8601,467.8,285.4,1042.2,877.0,test_panel,040_2020b_nurse,nurse+nanami,koma_03126_040_2020b_nurse__pumpkin__page0004
3647,653,1,0.8642,733.7,452.5,1299.7,1092.0,test_panel,056_2022b_hyoui_color,hyoui_color,koma_03880_056_2022b_hyoui_color__hyoui__page0015
3648,3733,1,0.85,177.0,728.8,658.9,1258.6,test_panel,037_2020_ako9,ako_2020-22,koma_03001_037_2020_ako9__ako9__page0033
3649,4801,2,0.6238,1435.6,477.6,1659.5,739.3,train,regions_4th_koma_panels_20260801,4th,koma_0100_page0024
3650,2872,1,0.8805,412.4,341.9,799.2,731.2,test_panel,026_2019_ako7,ako_2018-19,koma_02265_026_2019_ako7__ako7__page0175
3651,366,2,0.8271,3611.8,383.4,4639.6,1707.9,train,056_2022b_hyoui_color,hyoui_color,koma_03968_056_2022b_hyoui_color__hyoui__page0034
3652,274,2,0.8421,462.7,822.5,926.9,1309.0,train,051_2022b_4th,4th,koma_03665_051_2022b_4th__4th__page0006
3653,451,1,0.7908,226.7,297.9,1303.3,1477.7,train,041_2021_akogoods,ako_2020-22,koma_03231_041_2021_akogoods__akogoods__page0025
3654,4901,1,0.5056,35.6,304.8,678.2,1227.0,test_series,006_2016_pc,pc,koma_00410_006_2016_pc__works__page0007
3655,1255,1,0.858,524.2,408.3,1367.6,1171.9,test_panel,011_2017_ako5,ako_2017,koma_00724_011_2017_ako5__ako5__page0019
3656,2484,2,0.8613,832.5,993.9,1135.1,1344.5,train,012_2017_copy,copy,koma_00949_012_2017_copy__copy__page0030
3657,1962,2,0.7674,942.2,519.1,1355.8,922.8,train,021_2018_comics4,comics4,koma_02090_021_2018_comics4__mars_v2_mars_manuscript__page0010
3658,2688,1,0.8214,459.0,573.8,1079.5,1254.1,train,019_2018_ako7,ako_2018-19,koma_01929_019_2018_ako7__ako7__page0089
3659,4797,1,0.8244,487.1,282.0,909.7,803.9,test_panel,018_2018_ako6,ako_2018-19,koma_01817_018_2018_ako6__done3__ako6-26
3660,3206,1,0.7869,366.3,458.5,1195.4,1346.4,train,072_2024c_ako,ako_2023-24,koma_04903_072_2024c_ako__ako4__page0064
3661,1659,1,0.8402,1081.2,202.9,1654.7,830.3,test_series,073_2024c_mayer,mayer,koma_05007_073_2024c_mayer__mayer__page0034
3662,4805,1,0.7481,288.2,433.0,837.2,992.4,test_panel,regions_4th_koma_panels_20260801,4th,koma_0056_page0014
3663,3694,1,0.7865,114.1,650.1,821.4,1386.2,train,021_2018_comics4,comics4,koma_02104_021_2018_comics4__mars_v2_mars_manuscript__page0011
3664,343,1,0.8597,528.5,913.1,1532.2,1684.6,train,069_2024b_fitness,fitness,koma_04618_069_2024b_fitness__kurip__page0017
3665,1715,1,0.8658,1355.2,335.3,1803.9,776.6,train,003_2016_avbu,avbu,koma_00133_003_2016_avbu__avb__page0020
3666,733,1,0.8767,500.0,1134.0,1560.3,2077.0,train,032_2019b_ako8,ako_2018-19,koma_02888_032_2019b_ako8__ako8__page0005
3667,938,2,0.7119,8.9,1288.8,1098.9,2105.2,train,051_2022b_4th,4th,koma_03742_051_2022b_4th__4th__page0031
3668,2267,1,0.8071,66.5,511.9,549.5,1051.8,train,065_2024_ako3B,ako_2023-24,koma_04340_065_2024_ako3B__ako3B__page0015
3669,238,1,0.8817,1686.8,593.6,2666.4,1576.3,test_series,009_2016_riko,riko,koma_00627_009_2016_riko__lozx__page0008
3670,4735,1,0.8388,1000.4,269.7,1178.1,448.9,train,037_2020_ako9,ako_2020-22,koma_02990_037_2020_ako9__ako9__page0028
3671,1512,1,0.8622,891.4,535.1,1358.1,1050.9,test_series,006_2016_pc,pc,koma_00429_006_2016_pc__works__page0013
3672,4883,1,0.8709,1987.0,115.4,2513.1,602.0,train,011_2017_ako5,ako_2017,koma_00747_011_2017_ako5__ako5__page0050
3673,2396,1,0.8209,1525.8,860.3,1776.0,1138.4,train,065_2024_ako3B,ako_2023-24,koma_04322_065_2024_ako3B__ako3B__page0008
3674,2242,2,0.497,3301.7,5.9,4087.9,339.0,train,013_2017_gakusai1-3DL,gakusai,koma_01109_013_2017_gakusai1-3DL__2__page0004
3675,1261,1,0.8801,761.0,650.9,1480.7,1404.9,test_panel,056_2022b_hyoui_color,hyoui_color,koma_03914_056_2022b_hyoui_color__hyoui__page0023
3676,2007,1,0.6388,671.1,768.5,1636.6,1902.6,test_series,073_2024c_mayer,mayer,koma_05016_073_2024c_mayer__mayer__page0037
3677,1823,1,0.8495,356.2,675.3,713.3,1024.6,test_panel,061_2023b_akocultB,ako_2023-24,koma_04097_061_2023b_akocultB__akocultB__page0022
3678,3499,1,0.8645,2563.8,601.4,3272.8,1322.2,test_series,014_2017_kacho,kacho,koma_01398_014_2017_kacho__kacho__page0036
3679,2613,3,0.4994,116.6,1732.8,602.7,2196.3,train,018_2018_ako6,ako_2018-19,koma_01885_018_2018_ako6__done8__ako6-39
3680,1488,1,0.3276,1201.8,566.7,1334.5,741.0,test_panel,071_2024b_kids,kids,koma_04697_071_2024b_kids__milking__page0010
3681,2828,2,0.8618,23.7,761.8,508.6,1203.2,train,013_2017_gakusai1-3DL,gakusai,koma_00988_013_2017_gakusai1-3DL__1__page0006
3682,1452,1,0.754,3297.1,689.2,3635.7,1160.3,train,017_2017_stoptime,stoptime,koma_01625_017_2017_stoptime__stp__page0006
3683,848,2,0.7604,3614.9,208.1,3841.4,424.6,train,020_2018_china2,china2,koma_01969_020_2018_china2__china2__page0012
3684,1972,1,0.8377,299.7,771.2,1134.4,1580.5,train,021_2018_comics4,comics4,koma_02151_021_2018_comics4__underworld_underworld__page0007
3685,1469,2,0.7548,453.3,1390.5,1417.5,2715.0,test_series,027_2019_ben,ben,koma_02357_027_2019_ben__ben__page0007
3686,2690,2,0.7148,1040.2,454.6,1243.8,747.8,train,013_2017_gakusai1-3DL,gakusai,koma_01078_013_2017_gakusai1-3DL__1__page0027
3687,113,1,0.7239,7225.4,2614.5,8400.6,3066.5,train,030_2019_succor,succor,koma_02607_030_2019_succor__succor__page0002
3688,3397,2,0.7289,2112.7,353.6,2312.2,612.9,train,047_2022_4th,4th,koma_03593_047_2022_4th__4th__page0013
3689,2628,1,0.833,169.4,764.9,832.9,1405.2,test_series,014_2017_kacho,kacho,koma_01381_014_2017_kacho__kacho__page0030
3690,3021,1,0.8378,943.9,359.3,1842.4,1276.5,test_series,014_2017_kacho,kacho,koma_01382_014_2017_kacho__kacho__page0030
3691,3048,1,0.7574,4.4,341.0,1409.3,2263.5,train,039_2020b_ako10,ako_2020-22,koma_03083_039_2020b_ako10__aco10__page0020
3692,4582,1,0.7006,141.1,286.5,829.7,1048.6,train,011_2017_ako5,ako_2017,koma_00839_011_2017_ako5__done2__ako5-6 (1)
3693,734,2,0.5835,2702.3,876.2,3142.3,1094.5,train,041_2021_akogoods,ako_2020-22,koma_03167_041_2021_akogoods__akogoods__page0008
3694,1649,1,0.8485,862.8,1069.3,1266.5,1488.4,train,042_2021_akokate,ako_2020-22,koma_03376_042_2021_akokate__akokatei__page0019
3695,2828,1,0.8778,687.5,409.2,1158.6,810.3,train,013_2017_gakusai1-3DL,gakusai,koma_00988_013_2017_gakusai1-3DL__1__page0006
3696,2275,1,0.8125,583.0,462.3,1061.9,1131.7,test_series,063_2023b_hamlabi,hamlabi,koma_04184_063_2023b_hamlabi__works__page0009
3697,1218,2,0.7921,3.5,563.8,499.9,1447.6,train,072_2024c_ako,ako_2023-24,koma_04893_072_2024c_ako__ako4__page0056
3698,1698,2,0.6269,1408.8,462.6,1611.2,840.4,train,056_2022b_hyoui_color,hyoui_color,koma_03858_056_2022b_hyoui_color__hyoui__page0009
3699,4951,1,0.8104,45.3,582.8,328.3,1061.2,train,026_2019_ako7,ako_2018-19,koma_02188_026_2019_ako7__ako7__page0070
3700,596,2,0.6417,-12.3,129.0,857.2,1520.0,test_series,regions_hamlabi_koma_panels_20260729,hamlabi,koma_0038_page0014
3701,2178,1,0.868,373.2,2689.5,1455.4,3573.4,train,056_2022b_hyoui_color,hyoui_color,koma_03985_056_2022b_hyoui_color__hyoui__page0039
3702,29,1,0.8319,505.3,439.9,1148.9,1380.9,test_panel,021_2018_comics4,comics4,koma_02153_021_2018_comics4__underworld_underworld__page0008
3703,2877,1,0.8152,1458.3,497.5,2189.5,1323.2,test_series,014_2017_kacho,kacho,koma_01343_014_2017_kacho__done__kacho03
3704,888,1,0.8033,3194.6,1121.4,3811.3,1855.3,train,042_2021_akokate,ako_2020-22,koma_03368_042_2021_akokate__akokatei__page0017
3705,2319,1,0.8698,591.9,761.0,1223.1,1469.7,test_series,010_2016_suc,suc,koma_00671_010_2016_suc__subbcubussBK__page0012
3706,2768,4,0.7801,1114.6,674.5,1697.3,1264.4,train,030_2019_succor,succor,koma_02611_030_2019_succor__succor__page0004
3707,4583,1,0.8622,254.2,838.9,571.8,1111.6,test_series,014_2017_kacho,kacho,koma_01362_014_2017_kacho__done2__kacho09
3708,1685,1,0.7821,779.3,434.9,2129.9,1818.1,test_series,010_2016_suc,suc,koma_00650_010_2016_suc__subbcubussBK__page0003
3709,2932,2,0.423,0.5,425.4,290.3,978.8,train,011_2017_ako5,ako_2017,koma_00737_011_2017_ako5__ako5__page0046
3710,1100,4,0.3702,1999.7,748.9,2116.3,871.1,train,regions_ako5ver2_koma_panels_20260729,ako_2017,koma_0062_page0026
3711,964,4,0.8191,2735.9,137.8,3039.0,531.5,train,regions_ako5ver2_koma_panels_20260729,ako_2017,koma_0010_page0003
3712,1423,5,0.6113,2004.4,232.2,2178.4,426.6,test_panel,030_2019_succor,succor,koma_02645_030_2019_succor__succor__page0011
3713,4509,1,0.8541,706.9,367.1,1080.5,677.0,test_panel,026_2019_ako7,ako_2018-19,koma_02224_026_2019_ako7__ako7__page0150
3714,1143,1,0.802,1907.9,2579.4,2489.0,3154.1,train,069_2024b_fitness,fitness,koma_04584_069_2024b_fitness__kurip__page0007
3715,2544,1,0.8264,58.4,1094.1,886.4,2000.6,train,071_2024b_kids,kids,koma_04701_071_2024b_kids__milking__page0010
3716,1868,1,0.8616,115.6,53.7,669.9,562.5,train,008_2016_poolsideIdle,poolsideidle,koma_00544_008_2016_poolsideIdle__poolside__page0002
3717,2989,1,0.6447,1048.5,777.1,1745.4,1425.8,train,072_2024c_ako,ako_2023-24,koma_04810_072_2024c_ako__ako4__page0025
3718,4080,1,0.8157,652.7,210.3,1082.4,753.1,train,018_2018_ako6,ako_2018-19,koma_01733_018_2018_ako6__ako6__page0111
3719,1783,1,0.8584,1926.6,1101.7,2268.6,1410.7,test_series,regions_hamlabi_koma_panels_20260729,hamlabi,koma_0040_page0018
3720,5333,1,0.8267,293.7,132.2,580.6,416.0,train,037_2020_ako9,ako_2020-22,koma_03024_037_2020_ako9__ako9__page0036
3721,22,3,0.812,2206.0,1017.1,2617.2,1486.0,train,018_2018_ako6,ako_2018-19,koma_01676_018_2018_ako6__ako6__page0030
3722,498,1,0.8772,2397.5,348.1,3127.2,1059.5,train,011_2017_ako5,ako_2017,koma_00766_011_2017_ako5__ako5__page0066
3723,2074,1,0.8436,396.4,463.6,1115.0,1291.4,train,071_2024b_kids,kids,koma_04709_071_2024b_kids__milking__page0012
3724,1800,1,0.8568,435.2,327.8,1171.6,1022.1,test_panel,013_2017_gakusai1-3DL,gakusai,koma_01143_013_2017_gakusai1-3DL__2__page0016
3725,1088,1,0.8674,1742.3,67.2,2433.8,881.7,train,019_2018_ako7,ako_2018-19,koma_01899_019_2018_ako7__ako7__page0018
3726,1962,1,0.8676,22.6,539.3,415.1,876.0,train,021_2018_comics4,comics4,koma_02090_021_2018_comics4__mars_v2_mars_manuscript__page0010
3727,4318,1,0.7988,280.2,378.3,839.3,917.2,test_series,073_2024c_mayer,mayer,koma_04967_073_2024c_mayer__mayer__page0022
3728,1920,1,0.6721,240.3,320.3,1451.1,1127.6,test_series,regions_hamlabi_koma_panels_20260729,hamlabi,koma_0023_page0010
3729,517,1,0.8734,714.7,1599.6,1370.9,2247.2,train,015_2017_pink,pink,koma_01432_015_2017_pink__done1__pink17
3730,5095,1,0.678,955.9,182.5,1099.8,330.4,train,029_2019_fringe3,fringe,koma_02527_029_2019_fringe3__fringe3__page0009
3731,3135,1,0.8215,178.5,358.4,840.9,1014.8,test_panel,059_2023b_4th,4th,koma_04020_059_2023b_4th__4th__page0008
3732,4094,1,0.8023,850.1,-6.0,1757.9,944.3,test_panel,069_2024b_fitness,fitness,koma_04572_069_2024b_fitness__kurip__page0004
3733,1804,2,0.8402,122.8,1186.8,820.6,2012.3,train,051_2022b_4th,4th,koma_03676_051_2022b_4th__4th__page0008
3734,697,1,0.8595,245.8,699.3,1327.7,1631.5,train,021_2018_comics4,comics4,koma_02084_021_2018_comics4__mars_v2_mars_manuscript__page0007
3735,4947,1,0.8633,658.0,488.4,996.4,869.8,train,015_2017_pink,pink,koma_01504_015_2017_pink__pink__page0038
3736,1084,1,0.8302,923.1,472.2,2123.8,1631.1,train,061_2023b_akocultB,ako_2023-24,koma_04119_061_2023b_akocultB__akocultB__page0029
3737,3368,1,0.8762,2470.2,599.4,3123.0,1244.7,train,011_2017_ako5,ako_2017,koma_00721_011_2017_ako5__ako5__page0019
3738,1308,1,0.8568,899.2,136.3,1760.6,867.7,test_panel,008_2016_poolsideIdle,poolsideidle,koma_00597_008_2016_poolsideIdle__poolside__page0016
3739,1457,2,0.311,157.9,2209.1,324.5,2382.7,train,071_2024b_kids,kids,koma_04681_071_2024b_kids__milking__page0006
3740,3725,1,0.7131,536.1,855.7,733.5,1060.3,train,030_2019_succor,succor,koma_02715_030_2019_succor__succor__page0031
3741,3291,1,0.8312,408.4,163.1,1174.4,1074.1,train,regions_4th_koma_panels_20260801,4th,koma_0149_page0035
3742,277,1,0.8598,1125.9,184.9,1947.9,1139.9,train,069_2024b_fitness,fitness,koma_04636_069_2024b_fitness__kurip__page0022
3743,1110,1,0.875,1548.4,875.6,2125.6,1453.9,train,regions_4th_koma_panels_20260801,4th,koma_0104_page0025
3744,3233,1,0.8715,1258.0,-2.6,1716.1,349.1,train,013_2017_gakusai1-3DL,gakusai,koma_01246_013_2017_gakusai1-3DL__3__page0005
3745,859,1,0.8523,583.9,1040.9,1712.8,2218.7,train,013_2017_gakusai1-3DL,gakusai,koma_01106_013_2017_gakusai1-3DL__2__page0004
3746,1651,1,0.8633,2745.7,749.1,3234.3,1289.0,train,030_2019_succor,succor,koma_02859_030_2019_succor__succor__page0079
3747,2924,1,0.85,597.8,970.6,1346.8,1714.7,train,030_2019_succor,succor,koma_02734_030_2019_succor__succor__page0036
3748,720,2,0.6827,195.5,748.3,500.0,1100.9,train,regions_4th_koma_panels_20260801,4th,koma_0051_page0013
3749,1515,1,0.7531,1720.1,1865.9,1967.9,2371.0,train,071_2024b_kids,kids,koma_04680_071_2024b_kids__milking__page0006
3750,3790,2,0.8719,64.7,808.9,477.4,1213.3,test_panel,011_2017_ako5,ako_2017,koma_00832_011_2017_ako5__done2__ako5-5 (1)
3751,3308,1,0.4083,231.2,297.7,760.3,866.0,test_series,005_2016_ng,ng,koma_00346_005_2016_ng__新しいフォルダー_n__page0005
3752,2314,3,0.7986,557.1,304.9,872.8,615.3,test_panel,056_2022b_hyoui_color,hyoui_color,koma_03879_056_2022b_hyoui_color__hyoui__page0014
3753,350,2,0.8265,1882.3,706.0,2463.7,1359.1,train,018_2018_ako6,ako_2018-19,koma_01768_018_2018_ako6__ako6__page0127
3754,3810,1,0.701,-4.8,390.5,744.3,1946.8,train,065_2024_ako3B,ako_2023-24,koma_04407_065_2024_ako3B__ako3B__page0046
3755,4125,1,0.8601,1017.7,1300.6,1403.3,1668.1,test_series,027_2019_ben,ben,koma_02341_027_2019_ben__ben__page0004
3756,3494,1,0.7676,426.5,301.8,987.5,944.5,train,030_2019_succor,succor,koma_02829_030_2019_succor__succor__page0057
3757,1424,1,0.3896,1289.2,2079.7,1677.9,2549.6,train,016_2017_running,running,koma_01527_016_2017_running__done__running03
3758,3281,2,0.7283,2112.8,353.4,2311.7,612.5,train,regions_4th_koma_panels_20260801,4th,koma_0049_page0013
3759,966,1,0.8748,1589.0,772.4,1988.7,1146.5,train,017_2017_stoptime,stoptime,koma_01615_017_2017_stoptime__stp__page0003
3760,3565,1,0.8188,215.2,332.6,813.7,910.2,train,008_2016_poolsideIdle,poolsideidle,koma_00611_008_2016_poolsideIdle__poolside__page0020
3761,3119,1,0.8799,584.2,566.7,1267.6,1208.1,train,026_2019_ako7,ako_2018-19,koma_02317_026_2019_ako7__done2__ako7-39
3762,3859,1,0.8506,967.6,279.2,1584.1,873.9,train,020_2018_china2,china2,koma_01985_020_2018_china2__china2__page0023
3763,3824,1,0.7983,109.7,245.6,845.2,1031.5,train,041_2021_akogoods,ako_2020-22,koma_03306_041_2021_akogoods__akogoods__page0060
3764,2192,2,0.8166,-0.2,1869.0,370.3,2424.8,train,018_2018_ako6,ako_2018-19,koma_01804_018_2018_ako6__done3__ako6-21
3765,4221,1,0.8438,-1.6,810.1,376.3,1370.3,train,015_2017_pink,pink,koma_01510_015_2017_pink__pink__page0039
3766,348,1,0.8423,2697.4,308.9,3198.4,796.6,train,regions_4th_koma_panels_20260801,4th,koma_0126_page0031
3767,3069,1,0.8685,1410.2,551.2,1858.9,969.3,test_panel,056_2022b_hyoui_color,hyoui_color,koma_03937_056_2022b_hyoui_color__hyoui__page0028
3768,2529,1,0.8726,483.9,269.4,835.4,573.1,test_series,006_2016_pc,pc,koma_00440_006_2016_pc__works__page0021
3769,2844,2,0.8076,957.6,-1.0,1527.1,523.5,train,013_2017_gakusai1-3DL,gakusai,koma_01169_013_2017_gakusai1-3DL__2__page0022
3770,3386,1,0.8762,2470.2,599.4,3123.0,1244.7,train,011_2017_ako5,ako_2017,koma_00806_011_2017_ako5__ako5__page0084
3771,1691,3,0.8513,1858.4,1019.1,2204.8,1373.2,train,013_2017_gakusai1-3DL,gakusai,koma_00993_013_2017_gakusai1-3DL__1__page0007
3772,2561,1,0.8666,1808.9,490.2,2251.4,977.7,train,028_2019_fringe,fringe,koma_02436_028_2019_fringe__fringe_01__page0009
3773,4760,2,0.8325,366.9,17.3,588.7,377.1,test_series,005_2016_ng,ng,koma_00268_005_2016_ng__ng__page0003
3774,2823,2,0.8559,40.8,1439.3,735.2,2121.8,test_panel,041_2021_akogoods,ako_2020-22,koma_03253_041_2021_akogoods__akogoods__page0035
3775,3450,1,0.8683,223.6,224.1,592.3,570.4,train,013_2017_gakusai1-3DL,gakusai,koma_01310_013_2017_gakusai1-3DL__3__page0019
3776,1677,1,0.8019,550.6,642.2,1834.3,1847.1,train,040_2020b_nurse,nurse+nanami,koma_03141_040_2020b_nurse__pumpkin__page0010
3777,4854,1,0.328,367.8,181.6,788.0,475.9,train,013_2017_gakusai1-3DL,gakusai,koma_01260_013_2017_gakusai1-3DL__3__page0007
3778,3770,1,0.8358,491.1,646.2,704.9,879.0,train,030_2019_succor,succor,koma_02622_030_2019_succor__succor__page0005
3779,907,2,0.8514,102.7,728.5,849.1,1503.9,train,004_2016_gal,gal,koma_00167_004_2016_gal__root__page0009
3780,1803,1,0.8441,1.5,895.8,783.8,1726.8,test_series,005_2016_ng,ng,koma_00347_005_2016_ng__新しいフォルダー_n__page0006
3781,2317,1,0.8069,771.9,508.8,984.4,779.5,train,065_2024_ako3B,ako_2023-24,koma_04391_065_2024_ako3B__ako3B__page0031
3782,1586,2,0.8081,3497.7,1198.3,4058.2,1733.3,train,042_2021_akokate,ako_2020-22,koma_03432_042_2021_akokate__akokatei__page0059
3783,965,1,0.8173,228.3,-1.4,994.9,1031.7,train,037_2020_ako9,ako_2020-22,koma_02971_037_2020_ako9__ako9__page0021
3784,941,1,0.8729,945.3,1081.3,1473.9,1610.8,train,037_2020_ako9,ako_2020-22,koma_02941_037_2020_ako9__ako9__page0005
3785,1774,1,0.8373,718.8,261.0,1213.0,786.5,train,011_2017_ako5,ako_2017,koma_00736_011_2017_ako5__ako5__page0046
3786,1075,1,0.8361,374.2,95.1,1502.9,1176.7,train,018_2018_ako6,ako_2018-19,koma_01764_018_2018_ako6__ako6__page0122
3787,1207,1,0.7497,783.3,760.2,1363.3,1423.4,train,regions_4th_koma_panels_20260801,4th,koma_0092_page0022
3788,863,2,0.8401,2286.0,13.5,3551.8,1303.1,test_series,007_2016_phantom,phantom,koma_00466_007_2016_phantom__PhantomThief__page0006
3789,2108,1,0.802,389.1,282.3,1373.7,968.9,test_panel,004_2016_gal,gal,koma_00233_004_2016_gal__gal__page0011
3790,527,1,0.87,224.4,596.5,1036.3,1319.5,train,021_2018_comics4,comics4,koma_02157_021_2018_comics4__underworld_underworld__page0008
3791,3512,2,0.8104,1.4,111.2,332.7,758.6,train,021_2018_comics4,comics4,koma_02092_021_2018_comics4__mars_v2_mars_manuscript__page0010
3792,1589,1,0.7894,530.7,-3.2,1325.7,243.7,test_series,005_2016_ng,ng,koma_00313_005_2016_ng__ng__page0017
3793,4080,3,0.325,1294.5,6.7,1620.4,419.4,train,018_2018_ako6,ako_2018-19,koma_01733_018_2018_ako6__ako6__page0111
3794,948,2,0.7774,0.5,177.4,966.1,1489.5,test_series,073_2024c_mayer,mayer,koma_04922_073_2024c_mayer__mayer__page0006
3795,3915,1,0.8319,231.3,1889.9,797.6,2448.6,test_panel,030_2019_succor,succor,koma_02720_030_2019_succor__succor__page0033
3796,2981,1,0.8081,560.2,563.6,1098.4,1140.6,train,064_2024_ako3,ako_2023-24,koma_04213_064_2024_ako3__ako3__page0009
3797,2404,2,0.8511,565.3,281.0,963.8,669.4,test_series,regions_hamlabi_koma_panels_20260729,hamlabi,koma_0056_page0026
3798,2860,1,0.8425,762.1,270.0,1498.2,1058.1,train,030_2019_succor,succor,koma_02871_030_2019_succor__succor__page0081
3799,999,1,0.7998,343.0,379.2,666.3,820.3,train,056_2022b_hyoui_color,hyoui_color,koma_03905_056_2022b_hyoui_color__hyoui__page0021
3800,4787,3,0.3603,0.7,636.4,42.9,733.8,test_series,007_2016_phantom,phantom,koma_00448_007_2016_phantom__PhantomThief__page0003
3801,3327,1,0.8374,942.6,348.4,1841.9,1277.7,test_series,014_2017_kacho,kacho,koma_01345_014_2017_kacho__done__kacho03
3802,1551,1,0.8316,150.1,1146.3,792.1,1952.1,test_panel,060_2023b_ako3,ako_2023-24,koma_04057_060_2023b_ako3__ako3__page0004
3803,3173,1,0.8735,656.7,320.9,971.2,627.9,test_series,007_2016_phantom,phantom,koma_00454_007_2016_phantom__PhantomThief__page0003
3804,3512,1,0.8336,731.0,136.7,1228.6,637.5,train,021_2018_comics4,comics4,koma_02092_021_2018_comics4__mars_v2_mars_manuscript__page0010
3805,598,1,0.8533,764.6,358.5,1692.6,1189.7,train,013_2017_gakusai1-3DL,gakusai,koma_01316_013_2017_gakusai1-3DL__3__page0020
3806,1739,1,0.8554,707.2,713.2,1712.3,1739.8,train,056_2022b_hyoui_color,hyoui_color,koma_03926_056_2022b_hyoui_color__hyoui__page0026
3807,2928,1,0.8287,398.8,409.5,1407.1,1391.1,train,039_2020b_ako10,ako_2020-22,koma_03090_039_2020b_ako10__aco10__page0021
3808,3199,1,0.7748,127.1,278.2,946.5,1243.7,train,041_2021_akogoods,ako_2020-22,koma_03284_041_2021_akogoods__akogoods__page0052
3809,1476,1,0.829,1555.6,450.9,1834.0,767.9,train,030_2019_succor,succor,koma_02646_030_2019_succor__succor__page0011
3810,194,2,0.8674,263.1,585.7,882.3,1256.9,train,032_2019b_ako8,ako_2018-19,koma_02894_032_2019b_ako8__ako8__page0013
3811,3376,1,0.814,538.0,313.3,1426.1,1351.2,train,regions_fitness_koma_panels_20260729,fitness,koma_0008_page0004
3812,2629,1,0.8664,649.4,343.4,1126.1,806.7,train,011_2017_ako5,ako_2017,koma_00756_011_2017_ako5__ako5__page0053
3813,3479,1,0.654,41.6,309.5,1007.0,1372.0,train,065_2024_ako3B,ako_2023-24,koma_04325_065_2024_ako3B__ako3B__page0008
3814,1705,2,0.7537,275.8,481.7,621.7,817.4,test_panel,043_2021_hero,hero,koma_03466_043_2021_hero__hero__page0002
3815,170,1,0.8605,3088.8,301.2,4246.9,1359.6,test_panel,013_2017_gakusai1-3DL,gakusai,koma_01217_013_2017_gakusai1-3DL__2__page0033
3816,5278,1,0.489,361.2,167.2,1020.1,593.9,train,018_2018_ako6,ako_2018-19,koma_01879_018_2018_ako6__done7__ako6-06
3817,5,4,0.5735,1332.2,783.0,1613.1,1047.2,train,013_2017_gakusai1-3DL,gakusai,koma_01180_013_2017_gakusai1-3DL__2__page0024
3818,2720,1,0.7784,405.7,375.6,1150.2,1181.9,train,regions_ako5ver2_koma_panels_20260729,ako_2017,koma_0074_page0030
3819,3154,1,0.8242,112.8,16.6,852.9,938.1,train,021_2018_comics4,comics4,koma_02028_021_2018_comics4__china_v2_china__page0006
3820,2578,2,0.472,257.5,813.8,677.4,1235.3,train,071_2024b_kids,kids,koma_04705_071_2024b_kids__milking__page0011
3821,3678,1,0.7968,738.1,244.9,947.6,481.4,train,072_2024c_ako,ako_2023-24,koma_04898_072_2024c_ako__ako4__page0061
3822,4746,1,0.759,290.7,874.4,876.6,1360.2,test_panel,042_2021_akokate,ako_2020-22,koma_03433_042_2021_akokate__akokatei__page0059
3823,3,1,0.8587,1287.2,4403.6,2506.2,5443.2,test_panel,013_2017_gakusai1-3DL,gakusai,koma_01125_013_2017_gakusai1-3DL__2__page0010
3824,1337,2,0.8661,204.3,244.5,613.1,700.6,train,072_2024c_ako,ako_2023-24,koma_04803_072_2024c_ako__ako4__page0022
3825,1726,1,0.8382,901.8,308.8,1149.8,546.7,train,068_2024b_ako4,ako_2023-24,koma_04487_068_2024b_ako4__ako4__page0002
3826,1081,1,0.8789,1449.0,615.1,2367.5,1466.1,test_panel,013_2017_gakusai1-3DL,gakusai,koma_01089_013_2017_gakusai1-3DL__1__page0030
3827,557,1,0.837,678.3,728.1,2266.7,2312.4,train,013_2017_gakusai1-3DL,gakusai,koma_01096_013_2017_gakusai1-3DL__1__page0031
3828,2526,1,0.808,824.9,241.1,1712.7,1174.5,train,042_2021_akokate,ako_2020-22,koma_03434_042_2021_akokate__akokatei__page0059
3829,138,1,0.8059,1099.9,339.1,3069.2,2207.6,test_panel,regions_gakuen_koma_panels_20260729,gakuen,koma_0039_page0013
3830,140,1,0.8661,2872.0,27.8,3647.2,706.9,train,053_2022b_akocult,ako_2020-22,koma_03774_053_2022b_akocult__akocult__page0035
3831,4939,1,0.815,397.0,221.7,987.4,761.5,test_panel,020_2018_china2,china2,koma_01990_020_2018_china2__china2__page0024
3832,740,3,0.5271,872.7,749.1,1599.4,1381.5,test_series,007_2016_phantom,phantom,koma_00469_007_2016_phantom__PhantomThief__page0008
3833,1438,2,0.8471,727.1,49.6,1184.5,595.4,train,regions_ako5ver2_koma_panels_20260729,ako_2017,koma_0068_page0027
3834,1942,1,0.8035,437.5,437.8,1028.7,1061.7,test_series,073_2024c_mayer,mayer,koma_04950_073_2024c_mayer__mayer__page0013
3835,3089,4,0.8275,536.1,281.9,804.6,550.9,train,013_2017_gakusai1-3DL,gakusai,koma_00992_013_2017_gakusai1-3DL__1__page0007
3836,1359,2,0.8038,627.0,159.2,1762.9,1454.2,train,regions_ako5ver2_koma_panels_20260729,ako_2017,koma_0066_page0026
3837,1611,1,0.8814,538.1,502.5,1298.9,1234.3,train,020_2018_china2,china2,koma_01958_020_2018_china2__china2__page0010
3838,2782,2,0.8675,1189.7,281.9,1636.9,764.2,train,029_2019_fringe3,fringe,koma_02496_029_2019_fringe3__fringe3__page0002
3839,1644,2,0.8044,1241.4,159.9,1762.2,762.2,train,071_2024b_kids,kids,koma_04702_071_2024b_kids__milking__page0010
3840,1090,2,0.7491,6.4,687.9,580.4,1577.6,train,regions_fitness_koma_panels_20260729,fitness,koma_0071_page0022
3841,2906,2,0.8213,735.7,406.7,1165.7,1115.7,train,013_2017_gakusai1-3DL,gakusai,koma_01069_013_2017_gakusai1-3DL__1__page0025
3842,377,1,0.8519,1079.1,234.8,1612.3,1015.9,train,regions_fitness_koma_panels_20260729,fitness,koma_0075_page0025
3843,1478,2,0.8265,1330.6,583.9,1506.8,823.4,train,061_2023b_akocultB,ako_2023-24,koma_04159_061_2023b_akocultB__akocultB__page0043
3844,419,3,0.8593,181.9,132.7,807.3,868.8,train,021_2018_comics4,comics4,koma_02026_021_2018_comics4__china_v2_china__page0005
3845,2727,1,0.7415,1630.5,286.3,2345.1,946.8,train,039_2020b_ako10,ako_2020-22,koma_03058_039_2020b_ako10__aco10__page0011
3846,3127,1,0.8162,4.7,945.0,1140.8,2219.0,train,011_2017_ako5,ako_2017,koma_00780_011_2017_ako5__ako5__page0069
3847,2230,1,0.8494,99.8,536.3,897.9,1282.4,train,071_2024b_kids,kids,koma_04685_071_2024b_kids__milking__page0006
3848,572,3,0.8346,3192.6,301.1,3985.2,1058.6,train,032_2019b_ako8,ako_2018-19,koma_02897_032_2019b_ako8__ako8__page0015
3849,511,2,0.8698,321.1,609.0,1028.9,1347.0,test_panel,041_2021_akogoods,ako_2020-22,koma_03323_041_2021_akogoods__akogoods__page0077
3850,4391,1,0.8656,1030.0,273.5,1391.2,615.5,test_panel,013_2017_gakusai1-3DL,gakusai,koma_01284_013_2017_gakusai1-3DL__3__page0014
3851,3015,1,0.7859,1662.9,112.7,3088.5,1486.2,train,026_2019_ako7,ako_2018-19,koma_02208_026_2019_ako7__ako7__page0133
3852,1392,1,0.7682,704.8,529.1,2209.3,2253.8,train,039_2020b_ako10,ako_2020-22,koma_03046_039_2020b_ako10__aco10__page0007
3853,3997,1,0.8211,970.1,541.6,1317.8,987.2,test_panel,029_2019_fringe3,fringe,koma_02521_029_2019_fringe3__fringe3__page0007
3854,1149,1,0.8685,2141.6,416.9,2663.2,855.5,train,021_2018_comics4,comics4,koma_02106_021_2018_comics4__mars_v2_mars_manuscript__page0012
3855,297,4,0.4676,2063.1,1707.1,2540.0,2186.4,train,030_2019_succor,succor,koma_02718_030_2019_succor__succor__page0031
3856,3637,2,0.7564,1336.7,967.8,1510.9,1302.6,train,011_2017_ako5,ako_2017,koma_00859_011_2017_ako5__done4__ako5-12
3857,1212,2,0.5356,-0.3,97.8,942.1,1351.2,train,002_2016_aljanne2,aljanne2,koma_00072_002_2016_aljanne2__aljanne2__page0013
3858,1302,1,0.8572,1808.9,688.0,2433.0,1283.1,train,030_2019_succor,succor,koma_02809_030_2019_succor__succor__page0054
3859,4252,1,0.837,960.3,30.4,1534.7,615.7,train,029_2019_fringe3,fringe,koma_02502_029_2019_fringe3__fringe3__page0003
3860,2580,1,0.8683,994.7,542.6,1301.9,947.6,train,regions_4th_koma_panels_20260801,4th,koma_0140_page0034
3861,2158,1,0.8468,1447.6,713.5,2619.5,1912.4,train,030_2019_succor,succor,koma_02634_030_2019_succor__succor__page0008
3862,2586,2,0.5159,1248.5,4.0,1657.0,563.4,test_series,010_2016_suc,suc,koma_00661_010_2016_suc__subbcubussBK__page0010
3863,1866,2,0.8574,1877.9,474.1,2299.3,949.5,train,002_2016_aljanne2,aljanne2,koma_00018_002_2016_aljanne2__aljanne2__page0002
3864,5277,1,0.7527,528.7,135.9,930.4,594.5,train,003_2016_avbu,avbu,koma_00115_003_2016_avbu__avb__page0005
3865,301,1,0.7969,597.7,36.5,2044.3,1435.5,train,002_2016_aljanne2,aljanne2,koma_00063_002_2016_aljanne2__aljanne2__page0011
3866,2487,1,0.7828,115.0,1932.2,745.5,2258.7,train,008_2016_poolsideIdle,poolsideidle,koma_00551_008_2016_poolsideIdle__poolside__page0004
3867,1121,2,0.8251,1257.2,215.1,1809.5,833.5,test_panel,065_2024_ako3B,ako_2023-24,koma_04405_065_2024_ako3B__ako3B__page0046
3868,1656,1,0.81,760.2,637.1,1334.5,1332.1,test_series,027_2019_ben,ben,koma_02389_027_2019_ben__ben__page0013
3869,4706,1,0.6168,0.0,244.5,213.9,853.1,test_panel,056_2022b_hyoui_color,hyoui_color,koma_03995_056_2022b_hyoui_color__hyoui__page0042
3870,1021,1,0.8547,2647.4,516.5,3229.3,1079.5,test_series,027_2019_ben,ben,koma_02413_027_2019_ben__ben__page0017
3871,734,1,0.8109,1521.0,811.0,2097.7,1089.4,train,041_2021_akogoods,ako_2020-22,koma_03167_041_2021_akogoods__akogoods__page0008
3872,4006,2,0.6497,1109.1,360.4,1219.5,475.5,train,015_2017_pink,pink,koma_01443_015_2017_pink__pink__page0002
3873,2831,1,0.8165,118.3,1.4,861.7,646.2,train,035_2019b_skima2,skima2,koma_02915_035_2019b_skima2__task__page0012
3874,5119,1,0.8547,239.8,299.5,581.9,702.9,train,011_2017_ako5,ako_2017,koma_00719_011_2017_ako5__ako5__page0018
3875,4077,1,0.5793,1139.5,64.6,1749.3,686.7,train,004_2016_gal,gal,koma_00206_004_2016_gal__gal__page0004
3876,368,2,0.8674,160.2,1096.4,771.1,1639.8,train,021_2018_comics4,comics4,koma_02023_021_2018_comics4__china_v2_china__page0005
3877,4283,1,0.8758,593.0,181.1,912.7,552.7,train,037_2020_ako9,ako_2020-22,koma_02998_037_2020_ako9__ako9__page0029
3878,1181,2,0.8695,0.2,408.7,375.1,1006.1,train,013_2017_gakusai1-3DL,gakusai,koma_01220_013_2017_gakusai1-3DL__2__page0034
3879,704,2,0.7354,184.1,463.3,1158.1,1716.7,test_panel,051_2022b_4th,4th,koma_03727_051_2022b_4th__4th__page0026
3880,3796,1,0.7271,104.6,405.1,929.9,1291.8,train,065_2024_ako3B,ako_2023-24,koma_04327_065_2024_ako3B__ako3B__page0008
3881,315,1,0.8765,510.2,1293.6,1403.4,2170.0,train,042_2021_akokate,ako_2020-22,koma_03384_042_2021_akokate__akokatei__page0024
3882,203,1,0.8284,8.3,189.6,1370.4,1440.0,train,026_2019_ako7,ako_2018-19,koma_02220_026_2019_ako7__ako7__page0149
3883,4133,1,0.6767,721.8,11.6,1892.4,796.1,train,061_2023b_akocultB,ako_2023-24,koma_04126_061_2023b_akocultB__akocultB__page0031
3884,2596,1,0.7858,1778.4,436.8,2408.1,1474.1,test_series,014_2017_kacho,kacho,koma_01357_014_2017_kacho__done2__kacho06
3885,3795,1,0.8561,901.0,225.3,1363.4,714.8,test_series,027_2019_ben,ben,koma_02333_027_2019_ben__ben__page0001
3886,2193,3,0.7218,752.3,1049.8,1050.8,1705.5,train,018_2018_ako6,ako_2018-19,koma_01832_018_2018_ako6__done4__ako6-21
3887,510,1,0.8231,478.8,428.7,1923.0,1799.9,train,regions_fitness_koma_panels_20260729,fitness,koma_0056_page0018
3888,720,1,0.7869,1997.8,873.1,2198.7,1093.5,train,regions_4th_koma_panels_20260801,4th,koma_0051_page0013
3889,339,1,0.8781,441.6,713.7,1447.5,1662.6,train,015_2017_pink,pink,koma_01434_015_2017_pink__done1__pink18
3890,452,1,0.8813,2206.4,843.7,2738.1,1357.7,train,011_2017_ako5,ako_2017,koma_00706_011_2017_ako5__ako5__page0004
3891,3592,1,0.7798,135.7,687.3,267.7,888.2,test_panel,072_2024c_ako,ako_2023-24,koma_04775_072_2024c_ako__ako4__page0004
3892,4202,1,0.7641,237.9,266.5,1027.8,1161.1,train,013_2017_gakusai1-3DL,gakusai,koma_01276_013_2017_gakusai1-3DL__3__page0013
3893,559,1,0.864,1132.0,498.9,1662.2,1068.5,test_panel,065_2024_ako3B,ako_2023-24,koma_04384_065_2024_ako3B__ako3B__page0026
3894,1248,2,0.8573,707.5,189.0,1286.1,746.0,test_series,007_2016_phantom,phantom,koma_00530_007_2016_phantom__PhantomThief__page0032
3895,433,2,0.8512,95.2,447.6,608.9,949.7,test_series,regions_hamlabi_koma_panels_20260729,hamlabi,koma_0002_page0006
3896,1367,1,0.8424,1261.5,543.7,1653.3,979.4,train,065_2024_ako3B,ako_2023-24,koma_04338_065_2024_ako3B__ako3B__page0015
3897,2825,2,0.8573,796.8,841.7,1262.7,1271.5,train,042_2021_akokate,ako_2020-22,koma_03375_042_2021_akokate__akokatei__page0019
3898,694,1,0.6127,375.7,88.6,1232.3,1055.3,test_panel,051_2022b_4th,4th,koma_03683_051_2022b_4th__4th__page0009
3899,4426,1,0.6224,240.0,464.9,1025.2,1430.2,test_panel,016_2017_running,running,koma_01586_016_2017_running__running__page0031
3900,2468,1,0.8178,577.9,802.0,1647.1,1912.2,train,018_2018_ako6,ako_2018-19,koma_01862_018_2018_ako6__done6__ako6-57
3901,1480,2,0.8449,925.3,826.3,1670.9,1536.5,train,029_2019_fringe3,fringe,koma_02563_029_2019_fringe3__fringe3__page0016
3902,2500,2,0.8271,865.5,409.4,1198.5,1007.8,train,013_2017_gakusai1-3DL,gakusai,koma_01070_013_2017_gakusai1-3DL__1__page0025
3903,1305,1,0.8796,1552.9,482.9,2108.3,1037.6,train,037_2020_ako9,ako_2020-22,koma_03014_037_2020_ako9__ako9__page0035
3904,2392,2,0.8622,1446.6,661.3,1718.3,928.9,train,041_2021_akogoods,ako_2020-22,koma_03283_041_2021_akogoods__akogoods__page0052
3905,281,1,0.8813,3090.7,659.5,3893.3,1509.0,train,regions_gakuen_koma_panels_20260729,gakuen,koma_0041_page0015
3906,3903,2,0.5633,794.7,765.8,1308.0,1386.6,train,030_2019_succor,succor,koma_02651_030_2019_succor__succor__page0012
3907,2533,2,0.751,1364.0,654.4,1602.7,966.0,train,071_2024b_kids,kids,koma_04722_071_2024b_kids__milking__page0013
3908,3454,1,0.8221,1421.6,24.4,2269.7,772.4,train,029_2019_fringe3,fringe,koma_02562_029_2019_fringe3__fringe3__page0016
3909,2330,3,0.8546,479.7,201.9,982.9,836.7,train,013_2017_gakusai1-3DL,gakusai,koma_01221_013_2017_gakusai1-3DL__2__page0034
3910,992,3,0.6764,1242.0,966.5,1366.2,1101.5,test_panel,021_2018_comics4,comics4,koma_02008_021_2018_comics4__china_v2_china__page0002
3911,760,2,0.8292,1278.6,98.3,1968.9,805.3,train,042_2021_akokate,ako_2020-22,koma_03399_042_2021_akokate__akokatei__page0029
3912,2329,2,0.7622,1152.0,747.4,1658.0,1305.7,train,041_2021_akogoods,ako_2020-22,koma_03307_041_2021_akogoods__akogoods__page0073
3913,496,1,0.8683,691.8,2801.0,1724.5,3670.0,train,056_2022b_hyoui_color,hyoui_color,koma_03863_056_2022b_hyoui_color__hyoui__page0010
3914,1193,2,0.8711,692.6,1633.6,1133.5,2141.1,train,048_2022_akocult,ako_2020-22,koma_03632_048_2022_akocult__akocult__page0021
3915,934,2,0.8544,3008.0,100.1,3694.8,789.8,test_panel,011_2017_ako5,ako_2017,koma_00867_011_2017_ako5__done4__ako5-23
3916,4587,1,0.4339,-6.1,-0.5,732.3,600.6,test_series,006_2016_pc,pc,koma_00403_006_2016_pc__works__page0005
3917,2917,1,0.7883,903.1,493.4,1111.0,758.5,train,021_2018_comics4,comics4,koma_02161_021_2018_comics4__underworld_underworld__page0009
3918,1123,1,0.843,345.0,502.4,1297.4,1458.7,test_panel,013_2017_gakusai1-3DL,gakusai,koma_01160_013_2017_gakusai1-3DL__2__page0020
3919,479,1,0.7409,560.2,2736.1,1372.6,3679.9,test_panel,026_2019_ako7,ako_2018-19,koma_02285_026_2019_ako7__done__ako7-30
3920,3939,1,0.6322,914.8,417.7,1541.0,1068.7,train,030_2019_succor,succor,koma_02638_030_2019_succor__succor__page0009
3921,5071,1,0.7403,283.2,85.6,1110.4,774.6,train,011_2017_ako5,ako_2017,koma_00878_011_2017_ako5__done4__ako5-26
3922,732,1,0.8835,1273.2,1146.2,1998.0,1784.6,test_series,014_2017_kacho,kacho,koma_01409_014_2017_kacho__kacho__page0041
3923,2063,1,0.808,361.9,1000.1,1482.3,2184.6,test_series,073_2024c_mayer,mayer,koma_04977_073_2024c_mayer__mayer__page0025
3924,3630,1,0.7216,59.8,540.3,912.8,1458.0,test_series,073_2024c_mayer,mayer,koma_04945_073_2024c_mayer__mayer__page0011
3925,1929,2,0.81,144.2,690.3,492.1,1054.4,test_panel,065_2024_ako3B,ako_2023-24,koma_04320_065_2024_ako3B__ako3B__page0008
3926,342,2,0.4092,249.5,544.6,472.5,787.5,train,016_2017_running,running,koma_01579_016_2017_running__running__page0028
3927,355,2,0.762,4140.3,1478.5,4778.5,2308.9,test_series,014_2017_kacho,kacho,koma_01373_014_2017_kacho__kacho__page0014
3928,2410,1,0.819,1104.8,122.3,1664.8,700.0,train,regions_ako5ver2_koma_panels_20260729,ako_2017,koma_0083_page0034
3929,157,2,0.8597,1318.4,328.9,1921.9,982.4,train,regions_4th_koma_panels_20260801,4th,koma_0103_page0024
3930,2826,3,0.8292,1549.6,3.3,2824.8,794.6,train,056_2022b_hyoui_color,hyoui_color,koma_04004_056_2022b_hyoui_color__hyoui__page0044
3931,4021,1,0.6136,-5.3,473.2,855.2,1793.4,train,013_2017_gakusai1-3DL,gakusai,koma_01045_013_2017_gakusai1-3DL__1__page0019
3932,314,1,0.8343,1043.6,685.1,2287.2,1762.9,test_series,005_2016_ng,ng,koma_00285_005_2016_ng__ng__page0008
3933,969,1,0.7511,274.0,808.8,1571.2,1911.1,test_series,007_2016_phantom,phantom,koma_00500_007_2016_phantom__PhantomThief__page0016
3934,316,1,0.8579,422.1,435.2,997.6,969.6,train,021_2018_comics4,comics4,koma_02056_021_2018_comics4__mars_v2_mars_manuscript__page0001
3935,741,1,0.7543,1366.1,1086.7,2914.1,2641.7,train,059_2023b_4th,4th,koma_04010_059_2023b_4th__4th__page0005
3936,11,2,0.8656,1068.3,2878.5,1927.1,3553.8,test_panel,013_2017_gakusai1-3DL,gakusai,koma_01184_013_2017_gakusai1-3DL__2__page0025
3937,2850,2,0.5162,627.6,2.6,1341.2,437.1,test_series,005_2016_ng,ng,koma_00341_005_2016_ng__新しいフォルダー_n__page0004
3938,1280,1,0.8566,1587.8,870.9,2704.8,2030.9,train,026_2019_ako7,ako_2018-19,koma_02209_026_2019_ako7__ako7__page0134
3939,2224,2,0.7501,555.2,902.5,1277.2,1990.5,test_panel,016_2017_running,running,koma_01593_016_2017_running__running__page0035
3940,3599,1,0.3139,782.9,108.6,983.0,300.5,train,048_2022_akocult,ako_2020-22,koma_03600_048_2022_akocult__akocult__page0006
3941,1080,1,0.8185,78.4,202.4,387.1,595.8,train,regions_ako5ver2_koma_panels_20260729,ako_2017,koma_0061_page0025
3942,384,2,0.7968,2810.3,694.7,4054.4,2066.6,test_panel,042_2021_akokate,ako_2020-22,koma_03441_042_2021_akokate__akokatei__page0063
3943,2231,1,0.8759,55.7,532.6,750.6,1147.5,train,008_2016_poolsideIdle,poolsideidle,koma_00584_008_2016_poolsideIdle__poolside__page0013
3944,4649,1,0.8654,716.0,367.1,864.9,532.9,train,011_2017_ako5,ako_2017,koma_00841_011_2017_ako5__done2__ako5-6 (1)
3945,740,2,0.8495,940.4,3010.7,1682.0,3653.8,test_series,007_2016_phantom,phantom,koma_00469_007_2016_phantom__PhantomThief__page0008
3946,213,1,0.8692,1796.0,254.5,2573.3,1000.3,test_series,073_2024c_mayer,mayer,koma_04921_073_2024c_mayer__mayer__page0006
3947,1846,2,0.8044,1440.6,48.1,2317.2,935.9,train,021_2018_comics4,comics4,koma_02120_021_2018_comics4__mars_v2_mars_manuscript__page0020
3948,2801,1,0.8288,184.6,166.5,390.8,565.0,train,013_2017_gakusai1-3DL,gakusai,koma_01075_013_2017_gakusai1-3DL__1__page0026
3949,1895,1,0.8423,87.1,716.8,578.9,1202.0,test_panel,071_2024b_kids,kids,koma_04762_071_2024b_kids__unmerged__page0010
3950,851,2,0.6358,3387.1,643.0,3790.7,1498.1,train,013_2017_gakusai1-3DL,gakusai,koma_01241_013_2017_gakusai1-3DL__3__page0004
3951,1607,2,0.6992,1616.3,1339.7,1799.3,1549.6,test_series,007_2016_phantom,phantom,koma_00467_007_2016_phantom__PhantomThief__page0007
3952,2574,1,0.7937,117.0,653.8,930.4,1583.6,train,067_2024b_ako3B,ako_2023-24,koma_04467_067_2024b_ako3B__ako3B__page0005
3953,356,2,0.7288,2074.3,72.5,3080.0,1193.8,test_panel,018_2018_ako6,ako_2018-19,koma_01871_018_2018_ako6__done6__ako6-60
3954,1325,2,0.7709,1337.7,8.3,1931.4,655.8,train,004_2016_gal,gal,koma_00256_004_2016_gal__gal__page0020
3955,141,1,0.7623,2850.9,294.1,3958.9,1441.0,train,regions_fitness_koma_panels_20260729,fitness,koma_0102_page0036
3956,146,1,0.868,2356.7,1417.1,3041.3,2094.9,test_panel,037_2020_ako9,ako_2020-22,koma_03000_037_2020_ako9__ako9__page0031
3957,5132,1,0.3794,603.2,161.7,728.4,337.2,test_panel,029_2019_fringe3,fringe,koma_02528_029_2019_fringe3__fringe3__page0009
3958,4276,2,0.8208,931.8,509.7,1270.3,1052.0,train,018_2018_ako6,ako_2018-19,koma_01745_018_2018_ako6__ako6__page0116
3959,934,3,0.8254,828.5,958.4,1154.3,1326.6,test_panel,011_2017_ako5,ako_2017,koma_00867_011_2017_ako5__done4__ako5-23
3960,398,1,0.73,862.2,16.6,2370.8,1546.8,test_series,009_2016_riko,riko,koma_00635_009_2016_riko__lozx__page0013
3961,3620,1,0.732,-2.9,1144.2,654.7,2715.3,test_panel,026_2019_ako7,ako_2018-19,koma_02280_026_2019_ako7__done__ako7-29
3962,1793,1,0.7886,-8.8,485.3,1014.7,2007.3,train,071_2024b_kids,kids,koma_04764_071_2024b_kids__unmerged__page0011
3963,1646,1,0.6311,521.2,30.0,1714.3,1393.6,train,regions_fitness_koma_panels_20260729,fitness,koma_0090_page0029
3964,2232,1,0.8431,547.9,272.8,1188.8,914.8,train,061_2023b_akocultB,ako_2023-24,koma_04080_061_2023b_akocultB__akocultB__page0006
3965,3303,1,0.8694,280.3,439.8,680.2,802.5,test_panel,003_2016_avbu,avbu,koma_00097_003_2016_avbu__avb__page0002
3966,1978,1,0.7768,909.7,979.5,1118.2,1235.9,train,067_2024b_ako3B,ako_2023-24,koma_04472_067_2024b_ako3B__ako3B__page0019
3967,934,5,0.3378,1632.5,1005.5,1939.9,1342.2,test_panel,011_2017_ako5,ako_2017,koma_00867_011_2017_ako5__done4__ako5-23
3968,1373,2,0.8452,1521.7,434.3,1932.2,844.1,train,028_2019_fringe,fringe,koma_02454_028_2019_fringe__fringe_01__page0017
3969,1007,1,0.8168,1862.0,388.0,2204.5,753.3,test_panel,069_2024b_fitness,fitness,koma_04562_069_2024b_fitness__kurip__page0002
3970,3972,1,0.7721,188.4,169.4,830.9,924.4,test_panel,030_2019_succor,succor,koma_02778_030_2019_succor__succor__page0046
3971,1682,1,0.8212,1526.8,225.8,1886.8,607.5,test_panel,020_2018_china2,china2,koma_02000_020_2018_china2__china2__page0026
3972,686,1,0.8071,1184.0,191.9,2587.6,1701.4,train,041_2021_akogoods,ako_2020-22,koma_03304_041_2021_akogoods__akogoods__page0060
3973,1280,2,0.3212,3778.7,405.9,4012.7,648.3,train,026_2019_ako7,ako_2018-19,koma_02209_026_2019_ako7__ako7__page0134
3974,4351,1,0.5643,961.7,484.7,1312.5,809.4,test_panel,030_2019_succor,succor,koma_02691_030_2019_succor__succor__page0026
3975,2856,1,0.7453,1729.3,13.8,1989.9,303.1,train,regions_ako5ver2_koma_panels_20260729,ako_2017,koma_0098_page0040
3976,3944,1,0.6761,33.0,163.2,908.1,1214.5,test_panel,065_2024_ako3B,ako_2023-24,koma_04392_065_2024_ako3B__ako3B__page0031
3977,3861,1,0.8711,-0.3,653.8,284.8,945.3,test_panel,021_2018_comics4,comics4,koma_02079_021_2018_comics4__mars_v2_mars_manuscript__page0006
3978,2368,1,0.7401,643.6,1097.0,1664.8,1975.6,train,051_2022b_4th,4th,koma_03673_051_2022b_4th__4th__page0008
3979,782,2,0.7722,3.1,2558.4,417.4,3154.2,train,regions_fitness_koma_panels_20260729,fitness,koma_0022_page0007
3980,1258,1,0.8842,-1.7,718.3,607.8,1413.6,train,021_2018_comics4,comics4,koma_02016_021_2018_comics4__china_v2_china__page0004
3981,2482,1,0.8671,543.1,233.3,923.3,625.6,test_series,005_2016_ng,ng,koma_00372_005_2016_ng__新しいフォルダー_n__page0012
3982,1118,1,0.8523,2.1,153.8,666.4,811.0,test_series,005_2016_ng,ng,koma_00264_005_2016_ng__ng__page0002
3983,2812,1,0.8538,1371.5,305.1,2268.7,1184.8,test_panel,018_2018_ako6,ako_2018-19,koma_01788_018_2018_ako6__done2__ako6-12
3984,482,2,0.831,1882.6,706.3,2457.1,1360.3,train,018_2018_ako6,ako_2018-19,koma_01881_018_2018_ako6__done7__ako6-08
3985,4873,2,0.7933,608.8,156.5,1044.1,650.4,train,015_2017_pink,pink,koma_01513_015_2017_pink__pink__page0040
3986,3435,1,0.742,1812.1,380.3,2079.3,635.2,train,regions_ako5ver2_koma_panels_20260729,ako_2017,koma_0038_page0019
3987,2383,1,0.8189,1392.5,300.0,2473.1,1266.5,train,013_2017_gakusai1-3DL,gakusai,koma_00976_013_2017_gakusai1-3DL__1__page0003
3988,3006,2,0.8653,1225.2,427.9,1725.7,898.2,train,018_2018_ako6,ako_2018-19,koma_01718_018_2018_ako6__ako6__page0065
3989,70,1,0.8467,507.0,36.2,1865.9,1243.8,train,regions_fitness_koma_panels_20260729,fitness,koma_0089_page0029
3990,3928,1,0.7597,341.1,156.8,905.9,953.4,train,051_2022b_4th,4th,koma_03681_051_2022b_4th__4th__page0009
3991,1988,1,0.8136,1893.8,-0.8,2938.6,671.9,train,042_2021_akokate,ako_2020-22,koma_03371_042_2021_akokate__akokatei__page0018
3992,3625,1,0.8133,15.4,328.0,1090.0,1524.9,train,056_2022b_hyoui_color,hyoui_color,koma_03916_056_2022b_hyoui_color__hyoui__page0023
3993,2310,1,0.8475,620.6,525.7,1230.8,1143.4,train,regions_ako5ver2_koma_panels_20260729,ako_2017,koma_0023_page0012
3994,371,1,0.8366,244.4,579.9,950.8,1387.2,test_series,006_2016_pc,pc,koma_00435_006_2016_pc__works__page0017
3995,1895,2,0.8061,1239.2,157.5,1752.6,761.9,test_panel,071_2024b_kids,kids,koma_04762_071_2024b_kids__unmerged__page0010
3996,3990,2,0.79,-0.3,599.5,460.3,1039.3,train,030_2019_succor,succor,koma_02850_030_2019_succor__succor__page0077
3997,2708,1,0.8785,1031.9,337.6,1709.4,1009.7,test_panel,029_2019_fringe3,fringe,koma_02529_029_2019_fringe3__fringe3__page0009
3998,562,1,0.4942,3027.7,1017.6,3187.0,1283.1,train,071_2024b_kids,kids,koma_04690_071_2024b_kids__milking__page0008
3999,2259,1,0.7656,336.5,1207.1,1258.0,2592.3,test_panel,020_2018_china2,china2,koma_01951_020_2018_china2__china2__page0008
4000,1867,1,0.6396,94.8,22.6,1086.7,996.6,test_series,006_2016_pc,pc,koma_00414_006_2016_pc__works__page0008
4001,1033,1,0.8752,3.8,487.9,863.4,1446.5,train,056_2022b_hyoui_color,hyoui_color,koma_03829_056_2022b_hyoui_color__hyoui__page0003
4002,1486,2,0.7996,170.7,723.3,771.8,1623.9,test_panel,039_2020b_ako10,ako_2020-22,koma_03063_039_2020b_ako10__aco10__page0014
4003,87,2,0.8181,1282.5,29.2,2751.3,1294.9,test_panel,037_2020_ako9,ako_2020-22,koma_02940_037_2020_ako9__ako9__page0003
4004,947,1,0.7018,192.0,40.3,1374.4,1260.1,train,002_2016_aljanne2,aljanne2,koma_00059_002_2016_aljanne2__aljanne2__page0009
4005,4872,1,0.8519,1151.5,221.2,1339.2,417.0,train,037_2020_ako9,ako_2020-22,koma_02989_037_2020_ako9__ako9__page0028
4006,1530,1,0.81,122.6,1711.1,382.1,1961.9,train,002_2016_aljanne2,aljanne2,koma_00045_002_2016_aljanne2__aljanne2__page0007
4007,43,4,0.7718,2752.6,1364.4,3164.1,1819.1,train,018_2018_ako6,ako_2018-19,koma_01884_018_2018_ako6__done8__ako6-39
4008,1299,2,0.868,1638.1,3.9,2349.7,776.4,train,056_2022b_hyoui_color,hyoui_color,koma_03868_056_2022b_hyoui_color__hyoui__page0011
4009,2644,2,0.8537,0.0,488.9,485.4,1327.5,test_series,014_2017_kacho,kacho,koma_01349_014_2017_kacho__done__kacho07
4010,4515,1,0.8023,417.9,11.7,1251.8,944.5,train,026_2019_ako7,ako_2018-19,koma_02300_026_2019_ako7__done__road02
4011,2970,2,0.7688,508.0,976.1,694.3,1189.4,test_panel,042_2021_akokate,ako_2020-22,koma_03337_042_2021_akokate__akokatei__page0008
4012,2009,2,0.8449,0.1,339.8,318.6,986.7,train,026_2019_ako7,ako_2018-19,koma_02271_026_2019_ako7__ako7__page0180
4013,679,1,0.8264,106.3,849.5,915.8,1645.3,test_panel,013_2017_gakusai1-3DL,gakusai,koma_01053_013_2017_gakusai1-3DL__1__page0022
4014,3148,3,0.6429,164.8,2090.2,272.4,2197.3,train,017_2017_stoptime,stoptime,koma_01611_017_2017_stoptime__stp__page0001
4015,2307,1,0.8286,514.8,501.6,1064.4,1061.9,train,013_2017_gakusai1-3DL,gakusai,koma_00978_013_2017_gakusai1-3DL__1__page0003
4016,2844,1,0.8127,9.3,391.6,595.4,1032.4,train,013_2017_gakusai1-3DL,gakusai,koma_01169_013_2017_gakusai1-3DL__2__page0022
4017,3019,1,0.8296,584.7,1162.2,1275.5,1822.0,train,042_2021_akokate,ako_2020-22,koma_03415_042_2021_akokate__akokatei__page0039
4018,320,1,0.6611,570.3,2819.8,1342.4,3652.6,train,026_2019_ako7,ako_2018-19,koma_02249_026_2019_ako7__ako7__page0170
4019,1714,1,0.8001,847.0,493.7,1798.3,1799.9,test_panel,056_2022b_hyoui_color,hyoui_color,koma_03984_056_2022b_hyoui_color__hyoui__page0039
4020,533,1,0.8374,2987.3,-3.9,3639.0,607.3,train,regions_ako5ver2_koma_panels_20260729,ako_2017,koma_0108_page0043
4021,3302,2,0.8609,1311.1,206.8,1841.1,768.9,test_panel,041_2021_akogoods,ako_2020-22,koma_03316_041_2021_akogoods__akogoods__page0076
4022,1164,1,0.8253,723.3,485.5,1157.9,938.8,test_series,regions_hamlabi_koma_panels_20260729,hamlabi,koma_0017_page0010
4023,1707,2,0.8595,1622.6,451.3,2043.6,899.2,test_panel,056_2022b_hyoui_color,hyoui_color,koma_03923_056_2022b_hyoui_color__hyoui__page0025
4024,753,3,0.8518,2865.2,573.8,3337.0,1063.0,train,029_2019_fringe3,fringe,koma_02516_029_2019_fringe3__fringe3__page0006
4025,3095,1,0.8175,206.3,1.3,786.8,602.4,test_panel,004_2016_gal,gal,koma_00235_004_2016_gal__gal__page0011
4026,5293,1,0.3514,-1.7,703.7,441.2,1207.9,train,015_2017_pink,pink,koma_01427_015_2017_pink__done1__pink15
4027,2163,2,0.7872,1759.1,529.5,2002.2,844.3,test_panel,042_2021_akokate,ako_2020-22,koma_03387_042_2021_akokate__akokatei__page0026
4028,2076,1,0.8195,1674.6,823.8,2687.8,1747.1,train,043_2021_hero,hero,koma_03504_043_2021_hero__hero__page0055
4029,3230,1,0.8179,3.0,313.0,488.1,976.6,test_panel,030_2019_succor,succor,koma_02750_030_2019_succor__succor__page0039
4030,1470,2,0.4901,3265.0,747.2,3955.9,1588.5,test_panel,016_2017_running,running,koma_01546_016_2017_running__done__running15
4031,1209,1,0.8193,588.8,-0.2,1794.3,943.5,train,regions_ako5ver2_koma_panels_20260729,ako_2017,koma_0027_page0013
4032,2761,2,0.3376,312.5,246.1,1635.6,1548.5,train,013_2017_gakusai1-3DL,gakusai,koma_01105_013_2017_gakusai1-3DL__2__page0003
4033,374,1,0.8753,303.6,1015.5,1159.0,1840.5,test_panel,049_2022_akogoods,ako_2020-22,koma_03639_049_2022_akogoods__akogoods__page0053
4034,3634,1,0.732,-2.9,1144.2,654.7,2715.3,test_panel,026_2019_ako7,ako_2018-19,koma_02244_026_2019_ako7__ako7__page0169
4035,585,2,0.8638,3348.1,660.0,4088.4,1480.8,test_series,027_2019_ben,ben,koma_02383_027_2019_ben__ben__page0012
4036,1004,2,0.778,3108.4,69.9,4413.6,1463.6,test_panel,056_2022b_hyoui_color,hyoui_color,koma_03983_056_2022b_hyoui_color__hyoui__page0038
4037,1561,3,0.404,151.8,3.7,541.3,134.9,train,026_2019_ako7,ako_2018-19,koma_02272_026_2019_ako7__ako7__page0180
4038,3790,1,0.8762,698.5,826.0,1029.8,1182.3,test_panel,011_2017_ako5,ako_2017,koma_00832_011_2017_ako5__done2__ako5-5 (1)
4039,3280,1,0.8287,389.4,722.3,589.2,1023.6,train,061_2023b_akocultB,ako_2023-24,koma_04072_061_2023b_akocultB__akocultB__page0002
4040,1904,1,0.8142,513.7,386.3,1403.7,1388.0,train,regions_ako5ver2_koma_panels_20260729,ako_2017,koma_0168_page0064
4041,4964,2,0.6219,366.9,374.7,788.7,1014.1,test_series,027_2019_ben,ben,koma_02377_027_2019_ben__ben__page0011
4042,775,1,0.8174,701.5,1371.8,1489.0,2266.7,train,051_2022b_4th,4th,koma_03650_051_2022b_4th__4th__page0003
4043,2226,1,0.8811,710.9,626.2,1190.0,1075.4,train,017_2017_stoptime,stoptime,koma_01620_017_2017_stoptime__stp__page0004
4044,4443,1,0.8378,208.3,751.2,795.1,1245.9,test_panel,012_2017_copy,copy,koma_00918_012_2017_copy__copy__page0018
4045,34,2,0.8608,389.7,3392.9,1564.5,4639.5,train,053_2022b_akocult,ako_2020-22,koma_03804_053_2022b_akocult__akocult__page0047
4046,989,1,0.8234,176.8,85.7,1450.6,1311.3,train,008_2016_poolsideIdle,poolsideidle,koma_00572_008_2016_poolsideIdle__poolside__page0010
4047,217,1,0.3646,3412.3,534.6,3749.0,991.7,test_panel,021_2018_comics4,comics4,koma_02055_021_2018_comics4__mars_v2_mars_manuscript__page0001
4048,455,2,0.8454,447.4,41.7,1569.1,1052.4,train,008_2016_poolsideIdle,poolsideidle,koma_00601_008_2016_poolsideIdle__poolside__page0018
4049,2388,1,0.7917,169.3,400.1,922.3,1754.1,train,regions_fitness_koma_panels_20260729,fitness,koma_0015_page0005
4050,4320,2,0.7721,124.3,301.7,442.2,650.7,train,015_2017_pink,pink,koma_01508_015_2017_pink__pink__page0038
4051,2880,2,0.3417,378.0,337.3,935.4,1026.1,test_panel,013_2017_gakusai1-3DL,gakusai,koma_01104_013_2017_gakusai1-3DL__2__page0003
4052,4615,1,0.8634,1762.7,7.0,2394.8,523.2,test_series,005_2016_ng,ng,koma_00322_005_2016_ng__ng__page0020
4053,3992,1,0.7046,2137.5,313.7,2278.5,461.2,train,072_2024c_ako,ako_2023-24,koma_04777_072_2024c_ako__ako4__page0009
4054,3649,1,0.8394,1350.7,30.4,1860.0,610.6,test_panel,021_2018_comics4,comics4,koma_02050_021_2018_comics4__china_v2_china__page0020
4055,1825,1,0.753,573.3,917.3,1313.4,1650.9,test_panel,001_2015_gakusai3,gakusai,koma_00012_001_2015_gakusai3__tmp3_gakusai3__page0040
4056,1705,1,0.8613,963.3,495.8,1264.2,775.4,test_panel,043_2021_hero,hero,koma_03466_043_2021_hero__hero__page0002
4057,2669,1,0.8448,406.0,338.1,957.0,913.2,train,021_2018_comics4,comics4,koma_02103_021_2018_comics4__mars_v2_mars_manuscript__page0011
4058,102,1,0.8786,405.4,618.3,1902.3,1911.8,train,039_2020b_ako10,ako_2020-22,koma_03107_039_2020b_ako10__aco10__page0031
4059,1582,1,0.8441,1069.8,626.4,1681.0,1026.5,test_series,007_2016_phantom,phantom,koma_00445_007_2016_phantom__PhantomThief__page0002
4060,930,2,0.8312,3130.3,972.8,3499.0,1302.1,train,051_2022b_4th,4th,koma_03649_051_2022b_4th__4th__page0003
4061,2936,1,0.815,376.6,327.2,1125.1,1116.2,train,041_2021_akogoods,ako_2020-22,koma_03233_041_2021_akogoods__akogoods__page0026
4062,4141,1,0.8311,1128.1,553.2,1960.3,1371.5,train,029_2019_fringe3,fringe,koma_02538_029_2019_fringe3__fringe3__page0011
4063,771,1,0.8713,1230.0,415.9,2104.3,1271.4,train,011_2017_ako5,ako_2017,koma_00767_011_2017_ako5__ako5__page0066
4064,3387,2,0.8482,664.9,423.3,1201.0,945.2,test_panel,037_2020_ako9,ako_2020-22,koma_03012_037_2020_ako9__ako9__page0035
4065,1476,7,0.5007,1238.6,277.2,1407.5,479.6,train,030_2019_succor,succor,koma_02646_030_2019_succor__succor__page0011
4066,1010,2,0.8308,1974.6,353.5,2342.7,734.7,train,030_2019_succor,succor,koma_02680_030_2019_succor__succor__page0024
4067,2053,2,0.7353,1034.9,631.3,1325.4,983.9,train,021_2018_comics4,comics4,koma_02034_021_2018_comics4__china_v2_china__page0010
4068,3659,1,0.7969,2553.5,59.1,2986.9,617.1,test_panel,008_2016_poolsideIdle,poolsideidle,koma_00569_008_2016_poolsideIdle__poolside__page0009
4069,477,1,0.8555,2269.2,192.3,3538.6,1256.3,train,037_2020_ako9,ako_2020-22,koma_02979_037_2020_ako9__ako9__page0023
4070,3545,1,0.8263,1810.1,250.9,2268.6,606.6,test_series,005_2016_ng,ng,koma_00319_005_2016_ng__ng__page0019
4071,1034,2,0.3641,1309.1,550.7,1979.7,1281.6,train,021_2018_comics4,comics4,koma_02035_021_2018_comics4__china_v2_china__page0010
4072,5013,1,0.8414,737.8,169.6,1060.8,516.7,test_panel,037_2020_ako9,ako_2020-22,koma_02995_037_2020_ako9__ako9__page0029
4073,179,1,0.8795,764.2,2220.8,1711.2,3098.4,test_panel,056_2022b_hyoui_color,hyoui_color,koma_03878_056_2022b_hyoui_color__hyoui__page0014
4074,63,1,0.8764,629.6,3016.8,1627.4,3922.5,train,013_2017_gakusai1-3DL,gakusai,koma_01131_013_2017_gakusai1-3DL__2__page0012
4075,3261,1,0.552,51.6,406.7,1193.7,1366.2,test_series,010_2016_suc,suc,koma_00686_010_2016_suc__subbcubussBK__page0018
4076,1129,1,0.857,807.5,378.7,1617.0,1256.2,train,041_2021_akogoods,ako_2020-22,koma_03258_041_2021_akogoods__akogoods__page0039
4077,1737,2,0.8282,1828.6,616.6,2113.1,880.4,train,regions_ako5ver2_koma_panels_20260729,ako_2017,koma_0080_page0034
4078,682,1,0.739,406.5,424.4,2180.3,2099.1,train,016_2017_running,running,koma_01583_016_2017_running__running__page0029
4079,2193,2,0.8166,-0.2,1869.0,370.3,2424.8,train,018_2018_ako6,ako_2018-19,koma_01832_018_2018_ako6__done4__ako6-21
4080,2258,1,0.7916,595.6,505.3,1599.6,1591.2,train,060_2023b_ako3,ako_2023-24,koma_04062_060_2023b_ako3__ako3__page0008
4081,3969,1,0.7966,17.9,769.5,940.1,1904.5,test_panel,011_2017_ako5,ako_2017,koma_00761_011_2017_ako5__ako5__page0063
4082,245,5,0.76,879.0,1632.7,1031.7,1817.2,train,regions_ako5ver2_koma_panels_20260729,ako_2017,koma_0067_page0027
4083,1372,2,0.8416,1958.3,286.5,2568.3,988.3,train,056_2022b_hyoui_color,hyoui_color,koma_03888_056_2022b_hyoui_color__hyoui__page0017
4084,3813,1,0.8204,611.6,740.3,1251.3,1417.6,train,071_2024b_kids,kids,koma_04758_071_2024b_kids__unmerged__page0010
4085,1193,1,0.8769,1101.9,736.5,1603.9,1247.9,train,048_2022_akocult,ako_2020-22,koma_03632_048_2022_akocult__akocult__page0021
4086,2237,1,0.7857,38.2,746.5,1187.8,2318.6,train,regions_fitness_koma_panels_20260729,fitness,koma_0003_page0002
4087,903,2,0.8514,1643.3,432.6,2530.7,1414.2,test_series,073_2024c_mayer,mayer,koma_04924_073_2024c_mayer__mayer__page0007
4088,262,2,0.818,2492.7,256.1,3480.1,1509.5,train,016_2017_running,running,koma_01556_016_2017_running__running__page0004
4089,3476,2,0.8395,68.3,20.0,397.2,436.7,train,002_2016_aljanne2,aljanne2,koma_00026_002_2016_aljanne2__aljanne2__page0003
4090,3553,1,0.8636,308.3,419.2,996.3,1169.3,train,045_2021_nurse,nurse+nanami,koma_03573_045_2021_nurse__pumpkin__page0006
4091,3913,1,0.8002,502.4,1522.3,1114.7,1876.5,train,026_2019_ako7,ako_2018-19,koma_02294_026_2019_ako7__done__ako7-35
4092,2705,2,0.4145,9.1,2068.0,917.2,2876.6,train,061_2023b_akocultB,ako_2023-24,koma_04074_061_2023b_akocultB__akocultB__page0002
4093,1127,1,0.8132,617.5,652.8,1953.3,1910.0,test_series,014_2017_kacho,kacho,koma_01354_014_2017_kacho__done__kacho10
4094,4370,1,0.8102,557.5,475.2,767.6,666.2,train,061_2023b_akocultB,ako_2023-24,koma_04160_061_2023b_akocultB__akocultB__page0043
4095,3371,1,0.8096,992.3,686.0,1445.2,1599.6,train,041_2021_akogoods,ako_2020-22,koma_03260_041_2021_akogoods__akogoods__page0039
4096,1574,3,0.8176,2640.8,429.1,2937.1,752.3,train,015_2017_pink,pink,koma_01521_015_2017_pink__pink__page0044
4097,1133,1,0.824,384.5,891.8,1516.5,1960.3,test_series,009_2016_riko,riko,koma_00629_009_2016_riko__lozx__page0009
4098,2744,1,0.8133,171.0,338.1,950.3,1030.9,test_panel,013_2017_gakusai1-3DL,gakusai,koma_01154_013_2017_gakusai1-3DL__2__page0019
4099,4827,2,0.8463,437.4,132.8,681.0,464.3,train,041_2021_akogoods,ako_2020-22,koma_03198_041_2021_akogoods__akogoods__page0016
4100,2572,2,0.8635,26.5,619.8,309.5,944.7,train,072_2024c_ako,ako_2023-24,koma_04784_072_2024c_ako__ako4__page0016
4101,463,1,0.8562,158.4,1056.2,747.2,1784.1,train,064_2024_ako3,ako_2023-24,koma_04267_064_2024_ako3__ako3__page0034
4102,161,1,0.8679,1679.2,2562.4,2652.0,3317.1,train,013_2017_gakusai1-3DL,gakusai,koma_01165_013_2017_gakusai1-3DL__2__page0021
4103,2295,2,0.7824,1757.0,173.0,2034.5,648.2,test_series,073_2024c_mayer,mayer,koma_04909_073_2024c_mayer__mayer__page0004
4104,2784,1,0.7781,266.1,9.7,1652.4,1503.1,train,040_2020b_nurse,nurse+nanami,koma_03132_040_2020b_nurse__pumpkin__page0005
4105,4165,2,0.8223,453.2,604.1,953.8,1204.8,train,041_2021_akogoods,ako_2020-22,koma_03262_041_2021_akogoods__akogoods__page0047
4106,2471,2,0.512,176.2,2000.0,290.1,2122.3,train,011_2017_ako5,ako_2017,koma_00776_011_2017_ako5__ako5__page0069
4107,1887,1,0.848,1460.5,809.4,2312.0,1646.3,train,056_2022b_hyoui_color,hyoui_color,koma_03832_056_2022b_hyoui_color__hyoui__page0004
4108,4634,1,0.8457,415.4,1310.8,788.8,1681.4,train,029_2019_fringe3,fringe,koma_02535_029_2019_fringe3__fringe3__page0010
4109,2729,1,0.8758,315.4,186.4,823.0,659.9,test_series,014_2017_kacho,kacho,koma_01361_014_2017_kacho__done2__kacho09
4110,5254,1,0.8705,232.1,903.1,558.3,1207.4,train,018_2018_ako6,ako_2018-19,koma_01801_018_2018_ako6__done2__ako6-15
4111,1176,2,0.7708,1131.7,607.4,1823.8,1280.4,train,020_2018_china2,china2,koma_01966_020_2018_china2__china2__page0012
4112,413,1,0.8681,1591.9,473.9,2141.3,1102.4,train,regions_4th_koma_panels_20260801,4th,koma_0099_page0023
4113,1614,1,0.8308,556.7,536.3,1466.7,1453.8,test_panel,068_2024b_ako4,ako_2023-24,koma_04534_068_2024b_ako4__ako4__page0016
4114,3502,1,0.8813,160.9,696.5,456.1,957.0,test_panel,013_2017_gakusai1-3DL,gakusai,koma_00980_013_2017_gakusai1-3DL__1__page0004
4115,275,1,0.8531,1275.1,259.7,2115.3,1013.8,train,021_2018_comics4,comics4,koma_02030_021_2018_comics4__china_v2_china__page0007
4116,4098,1,0.8621,183.0,174.4,386.0,371.1,train,003_2016_avbu,avbu,koma_00117_003_2016_avbu__avb__page0006
4117,2861,1,0.8646,523.8,320.4,857.2,647.3,train,071_2024b_kids,kids,koma_04746_071_2024b_kids__unmerged__page0008
4118,2015,1,0.8577,165.9,566.9,540.4,886.0,test_series,010_2016_suc,suc,koma_00677_010_2016_suc__subbcubussBK__page0012
4119,1417,1,0.8315,488.8,607.3,1315.4,1400.5,train,021_2018_comics4,comics4,koma_02027_021_2018_comics4__china_v2_china__page0006
4120,4043,1,0.6542,415.8,355.6,1184.8,1136.1,train,030_2019_succor,succor,koma_02791_030_2019_succor__succor__page0049
4121,3325,1,0.843,1765.4,214.8,2126.4,617.0,test_series,027_2019_ben,ben,koma_02397_027_2019_ben__ben__page0014
4122,2167,2,0.4214,1037.1,238.3,1158.4,443.1,train,037_2020_ako9,ako_2020-22,koma_02991_037_2020_ako9__ako9__page0028
4123,2012,1,0.823,680.4,812.7,1993.1,2080.5,train,011_2017_ako5,ako_2017,koma_00888_011_2017_ako5__done4__ako5-31
4124,3798,1,0.5582,571.1,139.4,1581.9,1220.3,train,069_2024b_fitness,fitness,koma_04576_069_2024b_fitness__kurip__page0005
4125,2343,1,0.8625,543.2,882.3,1101.4,1352.9,test_series,007_2016_phantom,phantom,koma_00514_007_2016_phantom__PhantomThief__page0029
4126,1025,2,0.8425,528.9,893.2,782.6,1149.1,test_panel,071_2024b_kids,kids,koma_04750_071_2024b_kids__unmerged__page0009
4127,2197,3,0.8477,476.3,1239.7,743.8,1547.0,train,051_2022b_4th,4th,koma_03725_051_2022b_4th__4th__page0025
4128,1567,1,0.821,-12.8,1104.6,1067.0,2192.3,train,069_2024b_fitness,fitness,koma_04635_069_2024b_fitness__kurip__page0022
4129,455,1,0.861,312.6,1628.1,1604.8,2761.9,train,008_2016_poolsideIdle,poolsideidle,koma_00601_008_2016_poolsideIdle__poolside__page0018
4130,629,1,0.7136,474.6,1106.3,2310.0,3067.6,train,016_2017_running,running,koma_01603_016_2017_running__running__page0038
4131,3268,2,0.383,207.9,0.1,866.1,367.9,train,042_2021_akokate,ako_2020-22,koma_03362_042_2021_akokate__akokatei__page0016
4132,2340,1,0.4279,215.6,513.3,664.8,1018.6,train,071_2024b_kids,kids,koma_04730_071_2024b_kids__milking__page0017
4133,574,1,0.8287,456.1,253.1,1972.7,1789.8,train,013_2017_gakusai1-3DL,gakusai,koma_01285_013_2017_gakusai1-3DL__3__page0014
4134,76,1,0.8663,2169.1,133.7,2850.1,776.6,train,regions_gakuen_koma_panels_20260729,gakuen,koma_0017_page0005
4135,326,2,0.8502,1536.0,603.8,1972.5,978.6,test_series,regions_hamlabi_koma_panels_20260729,hamlabi,koma_0025_page0011
4136,3636,1,0.8132,505.6,684.6,822.0,1196.0,test_panel,011_2017_ako5,ako_2017,koma_00851_011_2017_ako5__done3__ako5-12
4137,3715,1,0.8278,290.4,490.9,1035.7,1346.5,train,029_2019_fringe3,fringe,koma_02570_029_2019_fringe3__fringe3__page0017
4138,347,1,0.8423,2697.4,308.9,3198.4,796.6,train,051_2022b_4th,4th,koma_03741_051_2022b_4th__4th__page0031
4139,3028,1,0.8203,395.2,263.2,1110.2,888.3,test_series,regions_hamlabi_koma_panels_20260729,hamlabi,koma_0027_page0011
4140,134,1,0.8209,854.1,2194.1,1843.1,3046.4,train,regions_gakuen_koma_panels_20260729,gakuen,koma_0013_page0004
4141,4078,2,0.7009,1532.8,2.3,1861.6,130.3,test_panel,030_2019_succor,succor,koma_02848_030_2019_succor__succor__page0076
4142,895,1,0.8352,1128.3,131.3,1833.4,809.3,test_series,005_2016_ng,ng,koma_00274_005_2016_ng__ng__page0005
4143,2265,1,0.8476,447.7,308.9,1507.3,1332.0,train,056_2022b_hyoui_color,hyoui_color,koma_03819_056_2022b_hyoui_color__hyoui__page0001
4144,571,2,0.8515,1795.6,1297.7,2670.6,2060.2,train,026_2019_ako7,ako_2018-19,koma_02198_026_2019_ako7__ako7__page0083
4145,1104,1,0.833,485.1,534.0,1017.3,1243.9,test_series,007_2016_phantom,phantom,koma_00501_007_2016_phantom__PhantomThief__page0020
4146,3593,1,0.8731,68.8,1258.7,447.0,1683.0,train,015_2017_pink,pink,koma_01518_015_2017_pink__pink__page0043
4147,1151,1,0.8534,673.3,624.2,1134.5,1062.5,train,043_2021_hero,hero,koma_03492_043_2021_hero__hero__page0047
4148,245,7,0.585,1588.1,976.4,1728.4,1212.2,train,regions_ako5ver2_koma_panels_20260729,ako_2017,koma_0067_page0027
4149,239,2,0.8665,820.1,234.9,1384.7,875.0,test_panel,regions_ako5ver2_koma_panels_20260729,ako_2017,koma_0003_page0001
4150,3020,1,0.6751,1879.6,1014.5,2167.4,1586.7,train,030_2019_succor,succor,koma_02821_030_2019_succor__succor__page0056
4151,426,2,0.8732,1461.5,731.5,2395.9,1573.9,test_panel,041_2021_akogoods,ako_2020-22,koma_03286_041_2021_akogoods__akogoods__page0053
4152,1305,2,0.8782,131.7,1336.7,640.9,1875.4,train,037_2020_ako9,ako_2020-22,koma_03014_037_2020_ako9__ako9__page0035
4153,757,2,0.8514,1796.1,1298.9,2670.4,2059.6,test_panel,018_2018_ako6,ako_2018-19,koma_01841_018_2018_ako6__done5__ako6-25
4154,2199,1,0.8741,358.8,541.5,863.0,1038.6,test_panel,029_2019_fringe3,fringe,koma_02558_029_2019_fringe3__fringe3__page0015
4155,867,2,0.818,1060.6,3530.5,1719.8,4089.1,train,004_2016_gal,gal,koma_00188_004_2016_gal__root__page0013
4156,1561,2,0.7824,861.8,722.9,1079.4,956.9,train,026_2019_ako7,ako_2018-19,koma_02272_026_2019_ako7__ako7__page0180
4157,2523,2,0.7116,1315.8,801.4,1422.6,940.7,test_series,014_2017_kacho,kacho,koma_01399_014_2017_kacho__kacho__page0036
4158,4254,1,0.8336,812.8,199.4,1048.2,434.2,train,regions_ako5ver2_koma_panels_20260729,ako_2017,koma_0137_page0051
4159,974,2,0.818,1060.7,3530.5,1719.8,4089.1,train,004_2016_gal,gal,koma_00241_004_2016_gal__gal__page0013
4160,1440,1,0.8159,1273.5,404.2,2314.0,1467.8,train,071_2024b_kids,kids,koma_04718_071_2024b_kids__milking__page0013
4161,457,1,0.863,2953.1,-3.4,3973.3,774.7,test_panel,regions_ako5ver2_koma_panels_20260729,ako_2017,koma_0095_page0038
4162,2998,1,0.8038,70.7,1039.8,725.5,1644.0,train,015_2017_pink,pink,koma_01425_015_2017_pink__done1__pink14
4163,638,1,0.8724,2214.8,440.3,2949.4,1149.2,train,018_2018_ako6,ako_2018-19,koma_01734_018_2018_ako6__ako6__page0111
4164,2293,1,0.8433,1159.7,1026.7,1689.8,1632.6,test_series,073_2024c_mayer,mayer,koma_04958_073_2024c_mayer__mayer__page0020
4165,2826,1,0.8363,3210.2,5.4,4337.9,785.4,train,056_2022b_hyoui_color,hyoui_color,koma_04004_056_2022b_hyoui_color__hyoui__page0044
4166,2930,1,0.3488,1516.5,-1.6,1916.7,485.4,train,019_2018_ako7,ako_2018-19,koma_01905_019_2018_ako7__ako7__page0067
4167,461,1,0.8315,2548.8,334.3,3435.7,1148.8,train,053_2022b_akocult,ako_2020-22,koma_03798_053_2022b_akocult__akocult__page0045
4168,2572,1,0.8657,648.6,372.0,1054.0,792.4,train,072_2024c_ako,ako_2023-24,koma_04784_072_2024c_ako__ako4__page0016
4169,3876,1,0.8677,649.3,1159.9,887.4,1408.1,train,013_2017_gakusai1-3DL,gakusai,koma_01311_013_2017_gakusai1-3DL__3__page0019
4170,3940,2,0.8018,-0.6,366.7,289.0,876.4,train,068_2024b_ako4,ako_2023-24,koma_04503_068_2024b_ako4__ako4__page0006
4171,3612,2,0.8429,625.3,723.7,1214.8,1346.6,train,015_2017_pink,pink,koma_01454_015_2017_pink__pink__page0004
4172,3126,1,0.6056,1092.4,1.3,2364.1,816.9,test_series,005_2016_ng,ng,koma_00306_005_2016_ng__ng__page0014
4173,3207,2,0.8495,1434.4,394.1,1608.8,717.7,train,regions_ako5ver2_koma_panels_20260729,ako_2017,koma_0019_page0008
4174,4170,2,0.865,1225.5,428.0,1724.9,897.9,train,018_2018_ako6,ako_2018-19,koma_01796_018_2018_ako6__done2__ako6-14
4175,3342,1,0.6345,720.9,1.8,1461.5,630.2,test_series,027_2019_ben,ben,koma_02355_027_2019_ben__ben__page0006
4176,2999,2,0.7462,770.5,275.4,1156.4,1114.7,test_series,010_2016_suc,suc,koma_00646_010_2016_suc__subbcubussBK__page0003
4177,1345,3,0.8534,845.3,963.3,1826.9,1978.5,train,026_2019_ako7,ako_2018-19,koma_02270_026_2019_ako7__ako7__page0180
4178,862,1,0.8677,594.2,907.4,1133.1,1422.3,train,041_2021_akogoods,ako_2020-22,koma_03205_041_2021_akogoods__akogoods__page0019
4179,3091,2,0.7675,315.7,275.1,992.7,586.1,test_panel,003_2016_avbu,avbu,koma_00108_003_2016_avbu__avb__page0004
4180,3815,1,0.858,91.5,462.0,333.2,723.7,train,048_2022_akocult,ako_2020-22,koma_03610_048_2022_akocult__akocult__page0008
4181,1254,2,0.7978,2995.5,0.1,3730.4,729.6,test_panel,013_2017_gakusai1-3DL,gakusai,koma_01258_013_2017_gakusai1-3DL__3__page0007
4182,3884,2,0.5731,1060.6,657.2,1170.5,801.6,train,030_2019_succor,succor,koma_02877_030_2019_succor__succor__page0082
4183,4113,1,0.5759,442.5,125.2,1589.1,1532.5,test_panel,029_2019_fringe3,fringe,koma_02530_029_2019_fringe3__fringe3__page0009
4184,1246,1,0.8513,642.1,685.9,1263.6,1544.9,test_panel,048_2022_akocult,ako_2020-22,koma_03623_048_2022_akocult__akocult__page0018
4185,2614,1,0.5779,1112.2,322.4,1754.7,1089.9,train,030_2019_succor,succor,koma_02692_030_2019_succor__succor__page0026
4186,1512,2,0.8467,523.4,600.8,1013.7,1115.0,test_series,006_2016_pc,pc,koma_00429_006_2016_pc__works__page0013
4187,5058,1,0.7758,707.5,42.1,1562.8,683.6,train,015_2017_pink,pink,koma_01514_015_2017_pink__pink__page0040
4188,823,1,0.7272,349.5,499.8,2039.4,2536.0,train,067_2024b_ako3B,ako_2023-24,koma_04476_067_2024b_ako3B__ako3B__page0026
4189,1439,2,0.4306,398.4,424.6,585.8,782.4,test_panel,068_2024b_ako4,ako_2023-24,koma_04523_068_2024b_ako4__ako4__page0014
4190,1287,1,0.8581,2339.4,657.1,2766.8,1068.4,test_panel,068_2024b_ako4,ako_2023-24,koma_04493_068_2024b_ako4__ako4__page0003
4191,4734,1,0.7076,-2.3,427.4,814.6,2070.2,test_panel,028_2019_fringe,fringe,koma_02424_028_2019_fringe__fringe_01__page0002
4192,2433,2,0.7723,2850.5,1225.1,3113.7,1493.4,test_panel,030_2019_succor,succor,koma_02753_030_2019_succor__succor__page0040
4193,2482,2,0.857,58.1,340.1,482.8,770.1,test_series,005_2016_ng,ng,koma_00372_005_2016_ng__新しいフォルダー_n__page0012
4194,666,2,0.6959,1457.7,610.4,2448.9,1768.7,test_series,036_2020_UNI,uni,koma_02937_036_2020_UNI__UNI_works__page0008
4195,4402,1,0.8237,1079.7,-30.4,1823.9,817.0,train,072_2024c_ako,ako_2023-24,koma_04779_072_2024c_ako__ako4__page0009
4196,525,1,0.8767,1822.4,194.7,2717.2,1029.7,train,regions_fitness_koma_panels_20260729,fitness,koma_0030_page0009
4197,2695,2,0.4053,124.5,1311.1,1196.7,2532.6,test_panel,030_2019_succor,succor,koma_02735_030_2019_succor__succor__page0036
4198,2508,1,0.8191,19.3,326.3,1029.7,1276.4,train,030_2019_succor,succor,koma_02807_030_2019_succor__succor__page0051
4199,1341,1,0.7752,609.6,1034.9,1186.6,1590.2,train,011_2017_ako5,ako_2017,koma_00883_011_2017_ako5__done4__ako5-29
4200,1220,1,0.8536,410.7,767.5,1246.8,1511.1,train,061_2023b_akocultB,ako_2023-24,koma_04170_061_2023b_akocultB__akocultB__page0045
4201,2722,1,0.7959,538.1,450.5,1399.2,1497.2,train,041_2021_akogoods,ako_2020-22,koma_03220_041_2021_akogoods__akogoods__page0022
4202,145,1,0.7883,522.4,568.7,1315.5,1354.7,train,061_2023b_akocultB,ako_2023-24,koma_04153_061_2023b_akocultB__akocultB__page0042
4203,3772,1,0.7806,2048.7,716.9,2368.8,1081.2,train,043_2021_hero,hero,koma_03478_043_2021_hero__hero__page0015
4204,998,1,0.8244,1095.6,185.9,2679.5,1791.5,train,072_2024c_ako,ako_2023-24,koma_04800_072_2024c_ako__ako4__page0021
4205,2931,2,0.7874,1.4,427.6,224.2,782.5,train,013_2017_gakusai1-3DL,gakusai,koma_00982_013_2017_gakusai1-3DL__1__page0004
4206,825,2,0.7519,207.6,168.8,1264.2,1795.1,train,013_2017_gakusai1-3DL,gakusai,koma_01017_013_2017_gakusai1-3DL__1__page0012
4207,50,1,0.8498,1266.8,2688.3,1926.1,3288.6,test_series,036_2020_UNI,uni,koma_02922_036_2020_UNI__UNI_works__page0002
4208,4405,2,0.7997,605.9,1272.8,812.8,1511.9,train,029_2019_fringe3,fringe,koma_02513_029_2019_fringe3__fringe3__page0005
4209,966,4,0.8515,2202.9,737.6,2587.4,1141.1,train,017_2017_stoptime,stoptime,koma_01615_017_2017_stoptime__stp__page0003
4210,297,3,0.7418,3560.8,670.3,3982.2,1153.7,train,030_2019_succor,succor,koma_02718_030_2019_succor__succor__page0031
4211,4896,1,0.8468,674.8,1115.1,1034.1,1428.6,train,018_2018_ako6,ako_2018-19,koma_01837_018_2018_ako6__done4__ako6-27
4212,2507,1,0.8184,719.6,289.7,1286.7,830.1,test_panel,regions_ako5ver2_koma_panels_20260729,ako_2017,koma_0081_page0034
4213,2242,1,0.8178,2286.2,-0.2,3527.0,644.4,train,013_2017_gakusai1-3DL,gakusai,koma_01109_013_2017_gakusai1-3DL__2__page0004
4214,2474,1,0.7868,592.0,598.1,1441.1,1522.0,train,056_2022b_hyoui_color,hyoui_color,koma_03860_056_2022b_hyoui_color__hyoui__page0009
4215,4176,2,0.829,1636.7,365.9,1930.7,722.7,train,013_2017_gakusai1-3DL,gakusai,koma_01021_013_2017_gakusai1-3DL__1__page0013
4216,3954,1,0.7897,147.4,670.8,924.1,1639.5,train,018_2018_ako6,ako_2018-19,koma_01777_018_2018_ako6__done__ako6-4
4217,353,1,0.8652,503.7,1329.5,1248.1,2014.8,test_series,010_2016_suc,suc,koma_00659_010_2016_suc__subbcubussBK__page0010
4218,1054,1,0.7911,361.7,858.4,1717.1,2123.2,test_series,regions_hamlabi_koma_panels_20260729,hamlabi,koma_0043_page0018
4219,901,2,0.619,-0.4,1230.7,494.1,1890.2,train,016_2017_running,running,koma_01528_016_2017_running__done__running03
4220,2094,1,0.8334,647.8,511.9,1391.5,1140.6,train,regions_4th_koma_panels_20260801,4th,koma_0155_page0036
4221,2622,1,0.8193,-0.1,394.4,448.3,1011.0,train,regions_ako5ver2_koma_panels_20260729,ako_2017,koma_0073_page0030
4222,1885,2,0.7068,1799.2,1428.5,2257.5,1862.8,train,029_2019_fringe3,fringe,koma_02492_029_2019_fringe3__fringe3__page0001
4223,767,1,0.8861,694.2,436.1,1690.3,1402.8,test_panel,042_2021_akokate,ako_2020-22,koma_03327_042_2021_akokate__akokatei__page0006
4224,4399,1,0.7873,694.2,116.3,1571.2,1042.3,train,012_2017_copy,copy,koma_00945_012_2017_copy__copy__page0029
4225,4681,1,0.8049,503.0,590.4,1106.2,1205.2,train,029_2019_fringe3,fringe,koma_02541_029_2019_fringe3__fringe3__page0011
4226,1779,1,0.8109,678.9,992.9,1785.0,2119.2,train,051_2022b_4th,4th,koma_03666_051_2022b_4th__4th__page0007
4227,1805,1,0.85,719.7,520.8,989.3,810.3,train,069_2024b_fitness,fitness,koma_04632_069_2024b_fitness__kurip__page0021
4228,1750,1,0.3773,111.7,121.1,1830.7,1311.6,test_series,014_2017_kacho,kacho,koma_01405_014_2017_kacho__kacho__page0039
4229,2706,4,0.8282,1960.2,252.2,2221.8,687.3,test_series,027_2019_ben,ben,koma_02367_027_2019_ben__ben__page0008
4230,3423,1,0.812,281.2,1150.5,1184.6,2660.3,train,041_2021_akogoods,ako_2020-22,koma_03164_041_2021_akogoods__akogoods__page0008
4231,753,4,0.8417,2035.9,878.1,2502.0,1335.3,train,029_2019_fringe3,fringe,koma_02516_029_2019_fringe3__fringe3__page0006
4232,1423,1,0.7758,830.1,236.4,1098.4,496.5,test_panel,030_2019_succor,succor,koma_02645_030_2019_succor__succor__page0011
4233,598,2,0.8531,1949.8,2105.3,2585.3,3088.1,train,013_2017_gakusai1-3DL,gakusai,koma_01316_013_2017_gakusai1-3DL__3__page0020
4234,3367,2,0.7101,42.8,450.5,466.8,1251.1,train,008_2016_poolsideIdle,poolsideidle,koma_00574_008_2016_poolsideIdle__poolside__page0010
4235,1205,1,0.7513,1102.6,1072.9,1460.1,1446.1,train,regions_4th_koma_panels_20260801,4th,koma_0074_page0019
4236,1180,1,0.8597,218.6,678.3,856.5,1412.0,test_panel,regions_fitness_koma_panels_20260729,fitness,koma_0024_page0008
4237,1807,2,0.8402,122.8,1186.8,820.6,2012.3,train,059_2023b_4th,4th,koma_04019_059_2023b_4th__4th__page0008
4238,4610,1,0.8634,1762.7,7.0,2394.8,523.2,test_series,005_2016_ng,ng,koma_00390_005_2016_ng__新しいフォルダー_n__page0020
4239,3935,2,0.816,1559.2,818.1,1772.2,1156.3,test_panel,013_2017_gakusai1-3DL,gakusai,koma_01076_013_2017_gakusai1-3DL__1__page0027
4240,95,2,0.7682,2698.8,179.1,3985.8,1857.0,test_series,regions_hamlabi_koma_panels_20260729,hamlabi,koma_0016_page0009
4241,935,3,0.7616,203.2,793.1,757.4,1604.4,train,061_2023b_akocultB,ako_2023-24,koma_04104_061_2023b_akocultB__akocultB__page0025
4242,4802,1,0.6681,31.9,273.2,711.7,1111.4,train,065_2024_ako3B,ako_2023-24,koma_04408_065_2024_ako3B__ako3B__page0046
4243,2112,4,0.6366,141.4,680.4,388.9,972.1,train,017_2017_stoptime,stoptime,koma_01664_017_2017_stoptime__stp__page0016
4244,3681,1,0.7753,352.1,240.7,874.0,896.0,train,regions_4th_koma_panels_20260801,4th,koma_0038_page0008
4245,4578,1,0.8182,238.2,240.5,710.4,739.1,test_panel,011_2017_ako5,ako_2017,koma_00715_011_2017_ako5__ako5__page0018
4246,51,1,0.8813,1543.7,859.6,2756.2,1976.7,test_series,010_2016_suc,suc,koma_00640_010_2016_suc__subbcubussBK__page0001
4247,1994,1,0.8501,3.5,652.2,554.6,1196.6,test_panel,003_2016_avbu,avbu,koma_00098_003_2016_avbu__avb__page0002
4248,870,1,0.8317,1482.6,647.5,2069.0,1232.7,train,013_2017_gakusai1-3DL,gakusai,koma_01272_013_2017_gakusai1-3DL__3__page0011
4249,231,2,0.8528,1497.7,749.4,2183.1,1469.4,train,015_2017_pink,pink,koma_01496_015_2017_pink__pink__page0035
4250,937,1,0.8741,1016.6,502.8,1735.2,1238.2,train,069_2024b_fitness,fitness,koma_04567_069_2024b_fitness__kurip__page0003
4251,4,2,0.8634,781.9,1432.2,1818.0,2243.2,train,013_2017_gakusai1-3DL,gakusai,koma_01159_013_2017_gakusai1-3DL__2__page0020
4252,26,2,0.8501,2983.8,4133.4,4617.0,5838.6,train,039_2020b_ako10,ako_2020-22,koma_03045_039_2020b_ako10__aco10__page0007
4253,1574,4,0.4283,3219.6,395.5,3550.9,733.1,train,015_2017_pink,pink,koma_01521_015_2017_pink__pink__page0044
4254,2333,2,0.7261,1199.6,931.6,1958.0,1724.4,train,041_2021_akogoods,ako_2020-22,koma_03158_041_2021_akogoods__akogoods__page0007
4255,106,1,0.8675,811.0,402.3,1643.8,1181.2,test_panel,regions_gakuen_koma_panels_20260729,gakuen,koma_0038_page0013
4256,2785,1,0.8243,248.8,404.0,867.7,993.2,test_series,007_2016_phantom,phantom,koma_00451_007_2016_phantom__PhantomThief__page0003
4257,3604,1,0.6987,-90.3,153.2,1163.8,1416.1,train,018_2018_ako6,ako_2018-19,koma_01872_018_2018_ako6__done6__ako6-60
4258,2492,3,0.7928,1159.2,722.8,1392.8,984.9,test_panel,regions_ako5ver2_koma_panels_20260729,ako_2017,koma_0060_page0025
4259,237,1,0.8755,848.8,806.5,1636.4,1635.9,train,069_2024b_fitness,fitness,koma_04598_069_2024b_fitness__kurip__page0011
4260,3933,1,0.8337,638.8,284.0,1215.8,895.5,train,048_2022_akocult,ako_2020-22,koma_03598_048_2022_akocult__akocult__page0006
4261,3725,2,0.704,1031.0,841.4,1231.3,1072.2,train,030_2019_succor,succor,koma_02715_030_2019_succor__succor__page0031
4262,3877,1,0.486,537.2,707.5,1100.4,1170.5,train,028_2019_fringe,fringe,koma_02437_028_2019_fringe__fringe_01__page0009
4263,744,2,0.7799,1455.6,373.1,2297.2,1208.3,train,029_2019_fringe3,fringe,koma_02561_029_2019_fringe3__fringe3__page0015
4264,3885,2,0.8656,350.3,99.6,530.2,269.6,train,004_2016_gal,gal,koma_00178_004_2016_gal__root__page0011
4265,4502,1,0.6519,222.1,399.9,973.5,1255.4,train,026_2019_ako7,ako_2018-19,koma_02262_026_2019_ako7__ako7__page0175
4266,1428,1,0.8828,42.4,321.9,842.4,1087.7,test_panel,020_2018_china2,china2,koma_01986_020_2018_china2__china2__page0023
4267,3305,1,0.8195,503.6,217.7,1139.2,856.5,test_panel,021_2018_comics4,comics4,koma_02038_021_2018_comics4__china_v2_china__page0012
4268,2711,2,0.8519,414.8,1037.6,964.1,1540.0,test_panel,013_2017_gakusai1-3DL,gakusai,koma_00985_013_2017_gakusai1-3DL__1__page0005
4269,2843,2,0.8616,-0.5,1324.4,620.0,2025.5,test_panel,037_2020_ako9,ako_2020-22,koma_03018_037_2020_ako9__ako9__page0036
4270,4608,1,0.8089,521.4,776.3,813.0,1263.1,train,001_2015_gakusai3,gakusai,koma_00007_001_2015_gakusai3__tmp3_gakusai3__page0035
4271,966,2,0.8712,386.2,807.8,775.3,1152.5,train,017_2017_stoptime,stoptime,koma_01615_017_2017_stoptime__stp__page0003
4272,2880,1,0.608,1158.9,143.9,1523.7,558.9,test_panel,013_2017_gakusai1-3DL,gakusai,koma_01104_013_2017_gakusai1-3DL__2__page0003
4273,3094,1,0.7168,608.4,376.1,1342.3,1170.6,test_series,073_2024c_mayer,mayer,koma_04908_073_2024c_mayer__mayer__page0004
4274,60,2,0.8059,2581.3,322.8,4036.2,1909.9,train,065_2024_ako3B,ako_2023-24,koma_04387_065_2024_ako3B__ako3B__page0030
4275,62,1,0.745,1693.8,389.2,3251.6,2199.4,test_panel,030_2019_succor,succor,koma_02736_030_2019_succor__succor__page0036
4276,2448,2,0.7685,347.5,288.9,741.1,820.3,train,021_2018_comics4,comics4,koma_02107_021_2018_comics4__mars_v2_mars_manuscript__page0012
4277,5130,1,0.7862,491.1,122.8,927.8,580.4,train,003_2016_avbu,avbu,koma_00114_003_2016_avbu__avb__page0005
4278,3476,1,0.8777,1425.8,264.6,1716.1,547.2,train,002_2016_aljanne2,aljanne2,koma_00026_002_2016_aljanne2__aljanne2__page0003
4279,1902,3,0.7229,751.8,1049.9,1051.1,1705.3,train,019_2018_ako7,ako_2018-19,koma_01902_019_2018_ako7__ako7__page0067
4280,3513,1,0.8482,512.8,1036.5,992.3,1637.1,train,030_2019_succor,succor,koma_02747_030_2019_succor__succor__page0039
4281,29,2,0.7631,1024.2,592.8,1743.2,1395.1,test_panel,021_2018_comics4,comics4,koma_02153_021_2018_comics4__underworld_underworld__page0008
4282,1438,5,0.7759,1797.8,404.7,2026.6,629.5,train,regions_ako5ver2_koma_panels_20260729,ako_2017,koma_0068_page0027
4283,655,1,0.8516,260.4,314.5,865.1,1123.8,test_series,005_2016_ng,ng,koma_00348_005_2016_ng__新しいフォルダー_n__page0006
4284,1215,1,0.7321,0.8,784.1,981.3,2138.3,test_series,005_2016_ng,ng,koma_00310_005_2016_ng__ng__page0016
4285,5266,1,0.7534,648.4,97.4,1338.3,662.0,train,018_2018_ako6,ako_2018-19,koma_01774_018_2018_ako6__done__ako6-3
4286,1526,2,0.4818,325.1,418.9,874.7,873.8,train,012_2017_copy,copy,koma_00903_012_2017_copy__copy__page0012
4287,3260,1,0.8665,1574.1,475.8,2456.4,1325.3,test_panel,026_2019_ako7,ako_2018-19,koma_02210_026_2019_ako7__ako7__page0134
4288,1835,1,0.8455,923.0,0.0,1462.2,270.5,train,020_2018_china2,china2,koma_01954_020_2018_china2__china2__page0008
4289,756,1,0.8345,1400.5,2.2,2619.7,554.4,train,021_2018_comics4,comics4,koma_02015_021_2018_comics4__china_v2_china__page0003
4290,2194,2,0.8485,44.5,1135.7,317.4,1440.8,train,regions_4th_koma_panels_20260801,4th,koma_0108_page0025
4291,3087,1,0.8159,757.4,509.4,1261.0,1028.1,test_series,014_2017_kacho,kacho,koma_01352_014_2017_kacho__done__kacho10
4292,2950,1,0.7912,496.4,756.2,1395.2,1670.6,test_series,005_2016_ng,ng,koma_00315_005_2016_ng__ng__page0018
4293,2360,1,0.7915,735.8,68.8,1515.3,1105.6,train,056_2022b_hyoui_color,hyoui_color,koma_03915_056_2022b_hyoui_color__hyoui__page0023
4294,1876,1,0.7495,1356.2,-2.7,2412.6,1467.5,train,056_2022b_hyoui_color,hyoui_color,koma_03910_056_2022b_hyoui_color__hyoui__page0022
4295,3749,2,0.7774,6.8,392.1,454.1,1098.7,train,040_2020b_nurse,nurse+nanami,koma_03127_040_2020b_nurse__pumpkin__page0004
4296,410,1,0.8681,1591.9,473.9,2141.3,1102.4,train,059_2023b_4th,4th,koma_04043_059_2023b_4th__4th__page0023
4297,1318,1,0.5646,1071.1,877.1,2110.5,2192.8,train,041_2021_akogoods,ako_2020-22,koma_03288_041_2021_akogoods__akogoods__page0054
4298,480,4,0.7928,668.7,1536.5,923.8,1876.5,train,026_2019_ako7,ako_2018-19,koma_02274_026_2019_ako7__ako7__page0183
4299,140,2,0.8522,2810.1,1978.3,3753.3,2915.6,train,053_2022b_akocult,ako_2020-22,koma_03774_053_2022b_akocult__akocult__page0035
4300,1439,1,0.8636,1361.2,352.9,1824.2,818.6,test_panel,068_2024b_ako4,ako_2023-24,koma_04523_068_2024b_ako4__ako4__page0014
4301,5242,1,0.8269,128.6,214.2,750.6,802.3,train,018_2018_ako6,ako_2018-19,koma_01882_018_2018_ako6__done7__ako6-08
4302,4894,1,0.8709,1987.0,115.4,2513.1,602.0,test_panel,011_2017_ako5,ako_2017,koma_00836_011_2017_ako5__done2__ako5-5 (1)
4303,3891,2,0.8167,697.0,660.0,1227.8,1250.6,train,020_2018_china2,china2,koma_01939_020_2018_china2__china2__page0005
4304,5016,1,0.7733,167.9,211.3,662.8,760.0,test_panel,045_2021_nurse,nurse+nanami,koma_03570_045_2021_nurse__pumpkin__page0006
4305,1849,7,0.8155,1546.2,416.2,1765.4,663.6,train,030_2019_succor,succor,koma_02608_030_2019_succor__succor__page0002
4306,2160,1,0.8761,1916.5,847.8,2307.5,1215.0,train,042_2021_akokate,ako_2020-22,koma_03407_042_2021_akokate__akokatei__page0033
4307,388,1,0.7236,2098.8,309.9,2342.6,535.4,train,030_2019_succor,succor,koma_02855_030_2019_succor__succor__page0078
4308,1712,2,0.3782,1437.3,1098.9,1900.5,1594.4,train,004_2016_gal,gal,koma_00254_004_2016_gal__gal__page0020
4309,1402,1,0.8654,2181.2,326.3,3116.6,1272.5,train,072_2024c_ako,ako_2023-24,koma_04814_072_2024c_ako__ako4__page0030
4310,3529,2,0.8555,660.6,489.3,1078.9,888.8,train,013_2017_gakusai1-3DL,gakusai,koma_01177_013_2017_gakusai1-3DL__2__page0023
4311,2961,1,0.8134,28.7,432.9,1267.5,1841.4,train,018_2018_ako6,ako_2018-19,koma_01717_018_2018_ako6__ako6__page0065
4312,2260,1,0.4626,869.1,604.8,1073.8,1001.0,train,013_2017_gakusai1-3DL,gakusai,koma_01019_013_2017_gakusai1-3DL__1__page0013
4313,2465,1,0.8484,717.7,696.0,1070.4,1052.4,test_panel,065_2024_ako3B,ako_2023-24,koma_04319_065_2024_ako3B__ako3B__page0008
4314,3381,1,0.681,563.3,41.7,1566.8,1261.3,train,030_2019_succor,succor,koma_02627_030_2019_succor__succor__page0006
4315,245,6,0.5927,1095.6,1357.4,1278.1,1538.9,train,regions_ako5ver2_koma_panels_20260729,ako_2017,koma_0067_page0027
4316,3054,1,0.6776,998.7,491.4,1556.7,1078.5,train,015_2017_pink,pink,koma_01455_015_2017_pink__pink__page0010
4317,3453,2,0.8722,570.6,882.8,1005.3,1301.5,train,028_2019_fringe,fringe,koma_02478_028_2019_fringe__fringe_01__page0028
4318,3086,1,0.7634,119.0,-0.5,1292.3,1238.9,train,regions_4th_koma_panels_20260801,4th,koma_0093_page0022
4319,1965,1,0.8019,1268.3,30.9,2509.9,1325.7,test_series,007_2016_phantom,phantom,koma_00455_007_2016_phantom__PhantomThief__page0005
4320,1229,3,0.5114,2781.9,406.8,2932.7,561.9,train,051_2022b_4th,4th,koma_03686_051_2022b_4th__4th__page0014
4321,1988,2,0.6817,259.7,313.4,1544.0,1384.8,train,042_2021_akokate,ako_2020-22,koma_03371_042_2021_akokate__akokatei__page0018
4322,547,1,0.8179,1717.0,165.6,3411.8,1686.6,test_series,007_2016_phantom,phantom,koma_00446_007_2016_phantom__PhantomThief__page0002
4323,665,1,0.854,1086.1,670.1,1609.6,1197.6,test_panel,018_2018_ako6,ako_2018-19,koma_01688_018_2018_ako6__ako6__page0051
4324,264,1,0.8692,2723.8,1385.9,3535.1,2323.4,train,004_2016_gal,gal,koma_00243_004_2016_gal__gal__page0014
4325,1011,2,0.7448,120.1,422.1,928.2,1364.9,train,regions_ako5ver2_koma_panels_20260729,ako_2017,koma_0092_page0037
4326,359,2,0.8774,2637.5,744.3,3634.9,1673.3,test_panel,015_2017_pink,pink,koma_01469_015_2017_pink__pink__page0018
4327,1196,1,0.8258,2.0,812.3,586.4,1860.6,train,042_2021_akokate,ako_2020-22,koma_03353_042_2021_akokate__akokatei__page0013
4328,2013,1,0.8363,1326.5,397.1,1928.6,1073.7,test_series,073_2024c_mayer,mayer,koma_05001_073_2024c_mayer__mayer__page0033
4329,577,2,0.8648,2668.2,-2.5,3652.9,764.8,test_series,027_2019_ben,ben,koma_02349_027_2019_ben__ben__page0005
4330,1426,2,0.8745,1807.5,450.7,2260.8,944.4,test_panel,061_2023b_akocultB,ako_2023-24,koma_04108_061_2023b_akocultB__akocultB__page0027
4331,4824,1,0.7734,9.9,721.9,620.4,2004.6,train,026_2019_ako7,ako_2018-19,koma_02298_026_2019_ako7__done__road02
4332,4496,1,0.8687,47.7,1448.0,457.2,1842.0,train,016_2017_running,running,koma_01533_016_2017_running__done__running06
4333,3504,1,0.8255,1054.8,222.8,1306.4,586.3,test_series,027_2019_ben,ben,koma_02416_027_2019_ben__ben__page0017
4334,3569,1,0.7795,136.0,520.2,895.4,1373.0,test_series,063_2023b_hamlabi,hamlabi,koma_04196_063_2023b_hamlabi__works__page0017
4335,653,3,0.846,2321.7,2406.3,2901.0,3063.0,test_panel,056_2022b_hyoui_color,hyoui_color,koma_03880_056_2022b_hyoui_color__hyoui__page0015
4336,1544,1,0.8475,1372.9,297.8,1937.6,843.5,train,040_2020b_nurse,nurse+nanami,koma_03139_040_2020b_nurse__pumpkin__page0010
4337,1492,2,0.8716,2595.3,174.5,3225.7,804.5,test_panel,013_2017_gakusai1-3DL,gakusai,koma_01222_013_2017_gakusai1-3DL__2__page0034
4338,1012,2,0.812,672.8,148.5,1184.9,781.8,train,052_2022b_ako10,ako_2020-22,koma_03763_052_2022b_ako10__aco10__page0039
4339,3839,1,0.858,369.7,188.6,686.6,468.0,train,068_2024b_ako4,ako_2023-24,koma_04506_068_2024b_ako4__ako4__page0006
4340,2458,1,0.8541,284.4,702.2,986.2,1372.5,train,029_2019_fringe3,fringe,koma_02597_029_2019_fringe3__fringe3__page0022
4341,793,2,0.6188,15.2,664.0,656.8,1369.9,train,regions_fitness_koma_panels_20260729,fitness,koma_0052_page0016
4342,745,1,0.827,958.8,1907.5,1624.1,2462.0,test_panel,regions_4th_koma_panels_20260801,4th,koma_0124_page0030
4343,4313,1,0.8184,636.1,68.4,1443.9,848.9,test_series,014_2017_kacho,kacho,koma_01403_014_2017_kacho__kacho__page0037
4344,1139,1,0.8766,624.6,615.4,1356.2,1371.6,train,065_2024_ako3B,ako_2023-24,koma_04346_065_2024_ako3B__ako3B__page0016
4345,3338,2,0.3509,-0.6,764.0,650.2,1526.3,train,015_2017_pink,pink,koma_01424_015_2017_pink__done1__pink14
4346,4258,1,0.8779,1300.2,760.8,1645.1,1083.8,test_panel,011_2017_ako5,ako_2017,koma_00722_011_2017_ako5__ako5__page0019
4347,1530,2,0.3141,1090.3,911.7,1324.4,1220.4,train,002_2016_aljanne2,aljanne2,koma_00045_002_2016_aljanne2__aljanne2__page0007
4348,4470,1,0.8375,942.5,412.5,1281.3,763.8,train,029_2019_fringe3,fringe,koma_02545_029_2019_fringe3__fringe3__page0012
4349,4495,4,0.8334,1211.6,81.7,1352.8,302.7,train,018_2018_ako6,ako_2018-19,koma_01712_018_2018_ako6__ako6__page0058
4350,2538,1,0.5923,1300.0,224.6,2678.7,1243.2,train,018_2018_ako6,ako_2018-19,koma_01679_018_2018_ako6__ako6__page0030
4351,3867,1,0.7281,365.7,139.9,1487.7,1047.6,train,013_2017_gakusai1-3DL,gakusai,koma_01279_013_2017_gakusai1-3DL__3__page0013
4352,4510,1,0.8747,821.1,253.9,1203.1,580.2,train,008_2016_poolsideIdle,poolsideidle,koma_00589_008_2016_poolsideIdle__poolside__page0013
4353,870,4,0.4209,897.5,736.2,1522.1,1937.7,train,013_2017_gakusai1-3DL,gakusai,koma_01272_013_2017_gakusai1-3DL__3__page0011
4354,2331,1,0.847,311.0,377.2,964.1,992.2,train,011_2017_ako5,ako_2017,koma_00825_011_2017_ako5__done__ako5-37
4355,2969,1,0.8122,602.7,453.6,1345.2,1209.5,train,061_2023b_akocultB,ako_2023-24,koma_04158_061_2023b_akocultB__akocultB__page0043
4356,267,1,0.8772,1698.3,690.9,2704.8,1655.8,train,018_2018_ako6,ako_2018-19,koma_01873_018_2018_ako6__done6__ako6-61
4357,1293,4,0.8209,1234.8,-4.2,2087.4,1027.4,train,020_2018_china2,china2,koma_01940_020_2018_china2__china2__page0005
4358,1935,2,0.7606,321.9,4.2,1180.1,604.8,train,regions_fitness_koma_panels_20260729,fitness,koma_0097_page0032
4359,4494,1,0.821,479.4,1.9,886.7,296.4,train,013_2017_gakusai1-3DL,gakusai,koma_01301_013_2017_gakusai1-3DL__3__page0017
4360,3011,1,0.8754,207.2,338.4,556.8,669.0,train,004_2016_gal,gal,koma_00170_004_2016_gal__root__page0010
4361,3695,2,0.872,64.8,809.0,477.3,1213.1,train,011_2017_ako5,ako_2017,koma_00743_011_2017_ako5__ako5__page0050
4362,167,4,0.8484,686.4,1088.1,1172.3,1521.0,train,032_2019b_ako8,ako_2018-19,koma_02900_032_2019b_ako8__ako8__page0018
4363,2707,1,0.4114,15.0,317.3,793.4,1727.6,test_panel,042_2021_akokate,ako_2020-22,koma_03400_042_2021_akokate__akokatei__page0029
4364,2255,1,0.8304,611.2,328.2,1205.7,898.1,train,072_2024c_ako,ako_2023-24,koma_04881_072_2024c_ako__ako4__page0053
4365,1055,1,0.8585,830.4,539.3,1681.6,1319.5,test_panel,042_2021_akokate,ako_2020-22,koma_03449_042_2021_akokate__akokatei__page0065
4366,3452,2,0.8599,421.6,625.4,764.1,1042.4,train,056_2022b_hyoui_color,hyoui_color,koma_03867_056_2022b_hyoui_color__hyoui__page0011
4367,1259,2,0.4684,2535.3,21.1,3336.9,759.5,train,030_2019_succor,succor,koma_02834_030_2019_succor__succor__page0058
4368,2523,1,0.7831,1785.6,426.0,2408.2,1476.5,test_series,014_2017_kacho,kacho,koma_01399_014_2017_kacho__kacho__page0036
4369,2939,1,0.8744,524.3,311.9,894.4,699.5,train,018_2018_ako6,ako_2018-19,koma_01673_018_2018_ako6__ako6__page0028
4370,2874,1,0.4771,935.5,1221.7,1265.1,1540.8,test_panel,030_2019_succor,succor,koma_02714_030_2019_succor__succor__page0031
4371,3650,1,0.8715,-5.3,620.8,408.9,1060.6,train,020_2018_china2,china2,koma_01933_020_2018_china2__china2__page0004
4372,1203,1,0.86,546.2,132.6,1405.2,1037.2,train,013_2017_gakusai1-3DL,gakusai,koma_01020_013_2017_gakusai1-3DL__1__page0013
4373,1845,1,0.7498,3177.3,-3.5,3501.6,196.1,train,065_2024_ako3B,ako_2023-24,koma_04363_065_2024_ako3B__ako3B__page0019
4374,4037,1,0.5046,360.3,459.2,1253.8,1485.7,test_series,010_2016_suc,suc,koma_00700_010_2016_suc__subbcubussBK__page0034
4375,372,1,0.8497,508.8,591.0,2069.4,2070.0,train,016_2017_running,running,koma_01542_016_2017_running__done__running11
4376,1410,1,0.7546,1636.7,409.6,3192.7,1806.1,test_series,027_2019_ben,ben,koma_02388_027_2019_ben__ben__page0013
4377,3821,1,0.6588,-30.7,379.1,906.2,1512.6,train,017_2017_stoptime,stoptime,koma_01633_017_2017_stoptime__stp__page0007
4378,676,1,0.8399,3185.2,168.2,4028.2,1032.2,train,013_2017_gakusai1-3DL,gakusai,koma_01299_013_2017_gakusai1-3DL__3__page0017
4379,2646,1,0.8173,454.1,458.8,1266.4,1309.3,test_panel,068_2024b_ako4,ako_2023-24,koma_04481_068_2024b_ako4__ako4__page0001
4380,3597,1,0.8606,1099.0,135.0,1624.0,655.2,test_panel,030_2019_succor,succor,koma_02639_030_2019_succor__succor__page0009
4381,4016,1,0.869,90.9,186.0,365.6,441.7,train,043_2021_hero,hero,koma_03481_043_2021_hero__hero__page0015
4382,1036,1,0.8563,1387.3,634.6,2141.0,1390.4,train,042_2021_akokate,ako_2020-22,koma_03358_042_2021_akokate__akokatei__page0015
4383,736,2,0.8549,1489.4,726.1,2177.9,1476.9,train,015_2017_pink,pink,koma_01467_015_2017_pink__pink__page0017
4384,3503,1,0.8446,273.1,66.5,499.9,268.5,test_panel,021_2018_comics4,comics4,koma_02069_021_2018_comics4__mars_v2_mars_manuscript__page0004
4385,2414,1,0.864,881.3,488.6,1265.0,953.0,train,043_2021_hero,hero,koma_03522_043_2021_hero__hero__page0059
4386,2040,2,0.3853,662.3,0.5,1534.4,939.2,train,regions_ako5ver2_koma_panels_20260729,ako_2017,koma_0113_page0046
4387,366,1,0.8412,1053.9,1041.9,2243.2,2172.4,train,056_2022b_hyoui_color,hyoui_color,koma_03968_056_2022b_hyoui_color__hyoui__page0034
4388,4754,1,0.8458,743.9,1070.4,1046.9,1394.8,train,011_2017_ako5,ako_2017,koma_00831_011_2017_ako5__done2__ako5-5 (1)
4389,2172,2,0.8622,59.5,327.8,422.8,714.5,train,002_2016_aljanne2,aljanne2,koma_00024_002_2016_aljanne2__aljanne2__page0003
4390,1259,1,0.8632,1743.4,250.0,2363.6,948.2,train,030_2019_succor,succor,koma_02834_030_2019_succor__succor__page0058
4391,3437,1,0.8089,264.1,1185.0,1226.7,2090.0,train,regions_4th_koma_panels_20260801,4th,koma_0152_page0036
4392,4136,1,0.501,305.6,63.6,1134.9,1101.1,test_panel,001_2015_gakusai3,gakusai,koma_00010_001_2015_gakusai3__tmp3_gakusai3__page0035
4393,1113,1,0.8457,1065.9,304.0,1740.9,1043.2,train,056_2022b_hyoui_color,hyoui_color,koma_03991_056_2022b_hyoui_color__hyoui__page0040
4394,1199,2,0.8028,550.5,475.5,968.7,857.5,train,004_2016_gal,gal,koma_00234_004_2016_gal__gal__page0011
4395,4806,1,0.7481,288.2,433.0,837.2,992.4,test_panel,059_2023b_4th,4th,koma_04030_059_2023b_4th__4th__page0014
4396,2403,1,0.8326,-5.3,203.4,912.0,1213.5,train,016_2017_running,running,koma_01545_016_2017_running__done__running11
4397,2571,1,0.7988,433.1,490.6,1318.8,1412.9,train,072_2024c_ako,ako_2023-24,koma_04771_072_2024c_ako__ako4__page0004
4398,4104,1,0.8526,1236.5,315.4,1616.8,689.6,train,012_2017_copy,copy,koma_00944_012_2017_copy__copy__page0028
4399,1748,1,0.8217,325.4,747.8,1457.5,2005.8,train,069_2024b_fitness,fitness,koma_04603_069_2024b_fitness__kurip__page0013
4400,4480,1,0.735,725.5,809.4,1417.3,1625.6,test_panel,015_2017_pink,pink,koma_01519_015_2017_pink__pink__page0044
4401,4529,1,0.8302,421.5,471.5,582.3,693.3,test_panel,013_2017_gakusai1-3DL,gakusai,koma_01101_013_2017_gakusai1-3DL__1__page0031
4402,119,2,0.7628,1102.8,976.5,1414.1,1264.6,train,regions_4th_koma_panels_20260801,4th,koma_0130_page0032
4403,917,2,0.8639,3475.0,744.6,3836.8,1128.7,train,042_2021_akokate,ako_2020-22,koma_03340_042_2021_akokate__akokatei__page0009
4404,2958,1,0.7127,380.4,223.1,546.0,449.8,test_series,regions_hamlabi_koma_panels_20260729,hamlabi,koma_0035_page0014
4405,38,1,0.8304,1850.7,204.7,2439.8,934.9,train,072_2024c_ako,ako_2023-24,koma_04828_072_2024c_ako__ako4__page0034
4406,4100,1,0.7664,144.1,182.0,802.3,951.0,test_panel,002_2016_aljanne2,aljanne2,koma_00065_002_2016_aljanne2__aljanne2__page0012
4407,2896,1,0.8671,1320.9,505.3,1871.1,1016.6,train,002_2016_aljanne2,aljanne2,koma_00050_002_2016_aljanne2__aljanne2__page0008
4408,1977,1,0.7948,0.3,426.6,800.3,2093.0,test_panel,021_2018_comics4,comics4,koma_02033_021_2018_comics4__china_v2_china__page0008
4409,560,2,0.8101,455.7,291.0,1361.5,1428.7,train,020_2018_china2,china2,koma_01961_020_2018_china2__china2__page0010
4410,3053,3,0.622,2447.1,-2.5,2772.8,153.4,train,068_2024b_ako4,ako_2023-24,koma_04492_068_2024b_ako4__ako4__page0003
4411,5176,1,0.8059,278.0,187.6,729.9,647.6,train,003_2016_avbu,avbu,koma_00113_003_2016_avbu__avb__page0005
4412,3691,1,0.7595,268.2,269.5,1057.0,1211.7,train,068_2024b_ako4,ako_2023-24,koma_04508_068_2024b_ako4__ako4__page0007
4413,297,5,0.3267,1147.8,1932.0,1552.5,2353.2,train,030_2019_succor,succor,koma_02718_030_2019_succor__succor__page0031
4414,3186,1,0.802,576.9,117.4,823.5,392.6,train,041_2021_akogoods,ako_2020-22,koma_03166_041_2021_akogoods__akogoods__page0008
4415,1283,1,0.4781,478.5,4.2,2063.3,1607.4,train,013_2017_gakusai1-3DL,gakusai,koma_01262_013_2017_gakusai1-3DL__3__page0008
4416,251,1,0.8614,1466.5,149.3,2718.7,1348.7,train,069_2024b_fitness,fitness,koma_04588_069_2024b_fitness__kurip__page0008
4417,502,1,0.8348,464.8,152.0,968.5,930.6,test_series,036_2020_UNI,uni,koma_02923_036_2020_UNI__UNI_works__page0002
4418,2705,1,0.8479,319.8,621.2,688.9,996.9,train,061_2023b_akocultB,ako_2023-24,koma_04074_061_2023b_akocultB__akocultB__page0002
4419,1702,2,0.8536,976.7,809.0,1414.5,1286.5,train,regions_ako5ver2_koma_panels_20260729,ako_2017,koma_0134_page0050
4420,1319,1,0.7976,1477.8,125.8,1695.4,392.2,train,002_2016_aljanne2,aljanne2,koma_00085_002_2016_aljanne2__aljanne2__page0018
4421,1349,1,0.871,312.8,248.3,815.8,828.3,train,041_2021_akogoods,ako_2020-22,koma_03196_041_2021_akogoods__akogoods__page0016
4422,2604,1,0.8085,276.8,354.2,838.9,1105.1,test_series,027_2019_ben,ben,koma_02408_027_2019_ben__ben__page0016
4423,1114,1,0.7951,531.5,1207.3,1403.5,2228.2,train,032_2019b_ako8,ako_2018-19,koma_02891_032_2019b_ako8__ako8__page0006
4424,4451,1,0.7279,685.5,-10.2,1651.7,782.7,train,042_2021_akokate,ako_2020-22,koma_03405_042_2021_akokate__akokatei__page0030
4425,2555,1,0.8683,994.7,542.6,1301.9,947.6,train,051_2022b_4th,4th,koma_03749_051_2022b_4th__4th__page0034
4426,898,2,0.8457,1689.4,508.5,2387.8,1133.7,train,026_2019_ako7,ako_2018-19,koma_02253_026_2019_ako7__ako7__page0171
4427,3252,2,0.8609,1209.3,195.7,1506.4,576.9,train,017_2017_stoptime,stoptime,koma_01641_017_2017_stoptime__stp__page0009
4428,1350,1,0.8146,2133.1,171.0,3084.6,1235.0,train,042_2021_akokate,ako_2020-22,koma_03370_042_2021_akokate__akokatei__page0018
4429,2530,1,0.848,1072.0,338.2,1536.3,846.8,train,regions_4th_koma_panels_20260801,4th,koma_0146_page0035
4430,3550,3,0.8469,246.1,238.6,591.7,617.4,train,013_2017_gakusai1-3DL,gakusai,koma_01281_013_2017_gakusai1-3DL__3__page0013
4431,2486,1,0.7875,1047.9,179.6,1446.7,548.0,train,048_2022_akocult,ako_2020-22,koma_03635_048_2022_akocult__akocult__page0021
4432,4305,1,0.8674,844.3,391.8,1343.3,932.8,train,030_2019_succor,succor,koma_02777_030_2019_succor__succor__page0046
4433,726,1,0.8252,722.6,544.7,1654.5,1452.8,train,064_2024_ako3,ako_2023-24,koma_04247_064_2024_ako3__ako3__page0020
4434,174,2,0.7615,1103.5,971.4,1410.6,1267.6,train,051_2022b_4th,4th,koma_03745_051_2022b_4th__4th__page0032
4435,668,2,0.54,4189.6,230.9,4448.2,640.9,test_series,073_2024c_mayer,mayer,koma_04971_073_2024c_mayer__mayer__page0022
4436,2349,1,0.8147,318.3,1103.5,1325.3,1933.5,train,011_2017_ako5,ako_2017,koma_00862_011_2017_ako5__done4__ako5-14
4437,4831,1,0.5293,159.1,229.3,640.0,838.0,test_panel,026_2019_ako7,ako_2018-19,koma_02296_026_2019_ako7__done__ako7-35
4438,4299,1,0.8116,62.9,360.6,812.0,1121.3,train,026_2019_ako7,ako_2018-19,koma_02211_026_2019_ako7__ako7__page0134
4439,1464,1,0.7941,566.0,164.5,1287.5,1025.6,train,regions_ako5ver2_koma_panels_20260729,ako_2017,koma_0020_page0008
4440,5239,1,0.8611,531.4,917.9,773.2,1154.7,train,011_2017_ako5,ako_2017,koma_00720_011_2017_ako5__ako5__page0018
4441,1023,1,0.8457,940.5,3004.2,1680.5,3657.7,test_series,007_2016_phantom,phantom,koma_00532_007_2016_phantom__tmp__PhantomThief
4442,2428,2,0.5995,725.1,340.5,1325.4,983.4,test_series,006_2016_pc,pc,koma_00430_006_2016_pc__works__page0014
4443,4120,1,0.7417,1066.1,169.2,1240.6,368.0,train,021_2018_comics4,comics4,koma_02064_021_2018_comics4__mars_v2_mars_manuscript__page0003
4444,689,1,0.8506,242.4,601.2,666.9,1007.9,train,043_2021_hero,hero,koma_03532_043_2021_hero__hero__page0066
4445,1105,1,0.8684,1211.7,542.7,1480.9,794.7,train,039_2020b_ako10,ako_2020-22,koma_03060_039_2020b_ako10__aco10__page0011
4446,4062,1,0.7464,1651.1,644.2,1771.7,805.6,test_panel,068_2024b_ako4,ako_2023-24,koma_04537_068_2024b_ako4__ako4__page0016
4447,1609,1,0.7815,264.2,330.5,1302.8,1428.0,test_series,009_2016_riko,riko,koma_00619_009_2016_riko__lozx__page0003
4448,218,3,0.8543,2976.5,1091.7,3748.6,1814.1,train,053_2022b_akocult,ako_2020-22,koma_03795_053_2022b_akocult__akocult__page0044
4449,2002,1,0.8479,1271.6,241.5,1708.9,863.0,train,061_2023b_akocultB,ako_2023-24,koma_04136_061_2023b_akocultB__akocultB__page0033
4450,607,1,0.6598,3315.7,90.6,3538.7,386.6,test_series,063_2023b_hamlabi,hamlabi,koma_04181_063_2023b_hamlabi__works__page0007
4451,4336,1,0.8088,-1.7,267.2,369.5,932.9,test_series,005_2016_ng,ng,koma_00263_005_2016_ng__ng__page0002
4452,1480,1,0.867,163.9,682.5,832.2,1358.1,train,029_2019_fringe3,fringe,koma_02563_029_2019_fringe3__fringe3__page0016
4453,1873,1,0.8631,1710.6,456.8,2113.6,806.8,train,030_2019_succor,succor,koma_02630_030_2019_succor__succor__page0007
4454,4144,1,0.8089,172.6,508.3,871.3,1123.7,train,013_2017_gakusai1-3DL,gakusai,koma_01009_013_2017_gakusai1-3DL__1__page0010
4455,1281,1,0.7743,988.9,4.0,3843.6,1110.5,train,regions_gakuen_koma_panels_20260729,gakuen,koma_0016_page0005
4456,4326,1,0.855,1055.4,783.1,1494.6,1212.4,test_series,regions_hamlabi_koma_panels_20260729,hamlabi,koma_0044_page0020
4457,1204,1,0.8276,775.5,1067.1,2264.3,2470.0,train,012_2017_copy,copy,koma_00933_012_2017_copy__copy__page0026
4458,4690,1,0.8405,290.5,712.6,782.3,1187.1,train,028_2019_fringe,fringe,koma_02445_028_2019_fringe__fringe_01__page0015
4459,1712,3,0.3352,1793.3,853.3,2305.8,1526.1,train,004_2016_gal,gal,koma_00254_004_2016_gal__gal__page0020
4460,1115,1,0.875,1548.4,875.6,2125.6,1453.9,train,051_2022b_4th,4th,koma_03721_051_2022b_4th__4th__page0025
4461,2709,1,0.3301,857.6,403.5,1213.5,903.0,test_series,regions_hamlabi_koma_panels_20260729,hamlabi,koma_0019_page0010
4462,3752,2,0.7255,16.9,22.7,1061.9,933.0,test_panel,056_2022b_hyoui_color,hyoui_color,koma_03938_056_2022b_hyoui_color__hyoui__page0028
4463,3636,2,0.7564,1336.7,967.8,1510.9,1302.6,test_panel,011_2017_ako5,ako_2017,koma_00851_011_2017_ako5__done3__ako5-12
4464,3073,3,0.3194,2996.3,-1.9,3269.2,279.1,test_series,027_2019_ben,ben,koma_02344_027_2019_ben__ben__page0004
4465,2208,2,0.8172,368.3,142.8,1200.3,1030.3,test_series,005_2016_ng,ng,koma_00269_005_2016_ng__ng__page0004
4466,44,1,0.8228,3209.3,-0.0,4118.0,603.5,test_panel,regions_gakuen_koma_panels_20260729,gakuen,koma_0003_page0001
4467,441,1,0.741,294.3,19.7,1160.3,966.3,train,042_2021_akokate,ako_2020-22,koma_03336_042_2021_akokate__akokatei__page0008
4468,4688,2,0.8613,702.5,182.9,985.6,468.2,train,029_2019_fringe3,fringe,koma_02517_029_2019_fringe3__fringe3__page0006
4469,4471,1,0.8159,318.6,730.2,1059.9,1498.6,train,020_2018_china2,china2,koma_01942_020_2018_china2__china2__page0005
4470,2999,1,0.7986,324.0,448.7,935.4,1139.9,test_series,010_2016_suc,suc,koma_00646_010_2016_suc__subbcubussBK__page0003
4471,4869,1,0.8598,1006.9,211.9,1538.2,680.7,test_panel,011_2017_ako5,ako_2017,koma_00835_011_2017_ako5__done2__ako5-5 (1)
4472,3089,2,0.8412,2227.2,203.5,2518.3,499.3,train,013_2017_gakusai1-3DL,gakusai,koma_00992_013_2017_gakusai1-3DL__1__page0007
4473,1590,1,0.8095,311.2,1068.8,546.2,1375.6,train,030_2019_succor,succor,koma_02686_030_2019_succor__succor__page0025
4474,1516,2,0.7593,-0.6,1343.0,151.8,1603.0,train,030_2019_succor,succor,koma_02763_030_2019_succor__succor__page0042
4475,524,4,0.6427,1130.5,290.5,1412.2,535.4,train,regions_ako5ver2_koma_panels_20260729,ako_2017,koma_0011_page0003
4476,4539,2,0.8286,1006.9,1066.3,1162.6,1250.2,train,018_2018_ako6,ako_2018-19,koma_01825_018_2018_ako6__done4__ako6-17
4477,1120,1,0.4015,271.6,208.6,1102.6,1165.3,train,051_2022b_4th,4th,koma_03695_051_2022b_4th__4th__page0016
4478,2071,1,0.7859,621.1,118.0,1149.5,712.9,test_panel,regions_4th_koma_panels_20260801,4th,koma_0147_page0035
4479,1838,1,0.8122,678.5,994.4,1787.4,2119.4,train,047_2022_4th,4th,koma_03580_047_2022_4th__4th__page0007
4480,480,1,0.8513,3418.8,729.0,3809.5,1203.7,train,026_2019_ako7,ako_2018-19,koma_02274_026_2019_ako7__ako7__page0183
4481,4576,2,0.7421,55.9,176.3,623.9,849.9,train,017_2017_stoptime,stoptime,koma_01663_017_2017_stoptime__stp__page0016
4482,2726,1,0.7887,155.0,357.6,1245.7,1343.8,train,053_2022b_akocult,ako_2020-22,koma_03808_053_2022b_akocult__akocult__page0048
4483,1676,1,0.7898,1233.1,412.3,2353.0,1540.0,test_panel,regions_ako5ver2_koma_panels_20260729,ako_2017,koma_0171_page0065
4484,3431,1,0.8608,359.2,168.1,1090.2,754.3,train,072_2024c_ako,ako_2023-24,koma_04813_072_2024c_ako__ako4__page0030
4485,599,1,0.8572,1635.9,1296.9,1995.0,1672.3,train,060_2023b_ako3,ako_2023-24,koma_04052_060_2023b_ako3__ako3__page0001
4486,1724,1,0.8098,810.8,577.0,1668.2,1428.2,train,037_2020_ako9,ako_2020-22,koma_02944_037_2020_ako9__ako9__page0010
4487,353,2,0.8409,1145.9,761.1,2001.4,1558.6,test_series,010_2016_suc,suc,koma_00659_010_2016_suc__subbcubussBK__page0010
4488,3774,2,0.7301,1264.7,590.9,1421.6,744.5,train,012_2017_copy,copy,koma_00917_012_2017_copy__copy__page0018
4489,344,1,0.8687,2405.3,1312.2,2928.2,1841.1,train,060_2023b_ako3,ako_2023-24,koma_04061_060_2023b_ako3__ako3__page0008
4490,3805,1,0.8689,511.2,664.7,909.2,1026.9,train,016_2017_running,running,koma_01591_016_2017_running__running__page0033
4491,3738,1,0.8187,333.3,210.6,1345.0,1266.2,train,018_2018_ako6,ako_2018-19,koma_01868_018_2018_ako6__done6__ako6-58
4492,1938,1,0.8086,557.0,777.3,1594.1,1824.9,train,041_2021_akogoods,ako_2020-22,koma_03203_041_2021_akogoods__akogoods__page0019
4493,4474,1,0.6607,-16.6,558.5,784.3,1728.6,train,012_2017_copy,copy,koma_00941_012_2017_copy__copy__page0027
4494,2612,1,0.8203,452.7,878.0,1418.8,1927.2,train,020_2018_china2,china2,koma_01947_020_2018_china2__china2__page0007
4495,3379,1,0.8265,66.6,446.5,864.6,1219.2,train,040_2020b_nurse,nurse+nanami,koma_03123_040_2020b_nurse__pumpkin__page0003
4496,4103,1,0.8023,850.1,-6.0,1757.9,944.3,train,regions_fitness_koma_panels_20260729,fitness,koma_0009_page0004
4497,1222,1,0.8138,449.1,808.6,1943.8,2253.5,train,056_2022b_hyoui_color,hyoui_color,koma_03838_056_2022b_hyoui_color__hyoui__page0005
4498,1828,1,0.7644,2579.4,527.4,2896.7,978.7,train,030_2019_succor,succor,koma_02652_030_2019_succor__succor__page0012
4499,2049,1,0.8625,1358.9,400.7,2409.8,1461.3,train,068_2024b_ako4,ako_2023-24,koma_04511_068_2024b_ako4__ako4__page0008
4500,660,1,0.8692,1762.5,574.8,2451.8,1253.2,test_series,regions_hamlabi_koma_panels_20260729,hamlabi,koma_0054_page0023
4501,1071,1,0.6719,350.2,549.6,1363.1,1311.4,test_panel,060_2023b_ako3,ako_2023-24,koma_04054_060_2023b_ako3__ako3__page0004
4502,2510,1,0.8674,832.4,2903.9,1343.2,3604.1,train,056_2022b_hyoui_color,hyoui_color,koma_03918_056_2022b_hyoui_color__hyoui__page0024
4503,4391,2,0.8488,2090.8,137.5,2597.0,640.2,test_panel,013_2017_gakusai1-3DL,gakusai,koma_01284_013_2017_gakusai1-3DL__3__page0014
4504,1352,2,0.3664,234.3,104.4,526.6,705.5,train,017_2017_stoptime,stoptime,koma_01624_017_2017_stoptime__stp__page0005
4505,3679,2,0.7661,421.0,157.7,1324.5,1298.1,train,020_2018_china2,china2,koma_01995_020_2018_china2__china2__page0025
4506,2997,1,0.816,847.6,301.5,1617.8,1077.5,train,018_2018_ako6,ako_2018-19,koma_01802_018_2018_ako6__done2__ako6-15
4507,4462,1,0.8553,284.9,720.4,608.0,1071.2,train,004_2016_gal,gal,koma_00220_004_2016_gal__gal__page0006
4508,162,1,0.8612,469.9,487.9,1448.8,1481.7,train,069_2024b_fitness,fitness,koma_04638_069_2024b_fitness__kurip__page0025
4509,927,4,0.7964,941.7,2777.6,1480.4,3262.3,train,026_2019_ako7,ako_2018-19,koma_02179_026_2019_ako7__ako7__page0068
4510,1101,3,0.8434,1299.7,25.1,1936.4,548.9,test_panel,042_2021_akokate,ako_2020-22,koma_03417_042_2021_akokate__akokatei__page0039
4511,3881,1,0.8457,339.5,318.3,976.1,1002.3,train,029_2019_fringe3,fringe,koma_02498_029_2019_fringe3__fringe3__page0002
4512,756,2,0.7765,133.9,8.3,1537.3,558.0,train,021_2018_comics4,comics4,koma_02015_021_2018_comics4__china_v2_china__page0003
4513,1309,1,0.7622,456.6,367.4,1494.7,1373.9,test_series,007_2016_phantom,phantom,koma_00482_007_2016_phantom__PhantomThief__page0009
4514,3978,1,0.7492,726.2,61.9,2376.5,815.2,train,003_2016_avbu,avbu,koma_00120_003_2016_avbu__avb__page0008
4515,275,2,0.581,414.0,4.3,1285.5,855.5,train,021_2018_comics4,comics4,koma_02030_021_2018_comics4__china_v2_china__page0007
4516,1926,2,0.7606,321.9,4.2,1180.1,604.8,train,069_2024b_fitness,fitness,koma_04661_069_2024b_fitness__kurip__page0032
4517,3217,2,0.8585,50.3,452.1,378.7,780.1,test_panel,013_2017_gakusai1-3DL,gakusai,koma_01297_013_2017_gakusai1-3DL__3__page0017
4518,2197,2,0.8485,44.5,1135.7,317.4,1440.8,train,051_2022b_4th,4th,koma_03725_051_2022b_4th__4th__page0025
4519,753,2,0.8735,771.5,1986.7,1295.6,2529.1,train,029_2019_fringe3,fringe,koma_02516_029_2019_fringe3__fringe3__page0006
4520,3202,1,0.8822,499.3,487.2,989.5,948.2,train,018_2018_ako6,ako_2018-19,koma_01798_018_2018_ako6__done2__ako6-15
4521,2351,1,0.81,452.6,377.3,1233.9,1145.3,test_panel,042_2021_akokate,ako_2020-22,koma_03430_042_2021_akokate__akokatei__page0048
4522,3307,2,0.3509,-0.6,764.0,650.2,1526.3,test_panel,015_2017_pink,pink,koma_01488_015_2017_pink__pink__page0032
4523,3699,1,0.8549,927.3,129.1,1532.8,712.6,train,011_2017_ako5,ako_2017,koma_00758_011_2017_ako5__ako5__page0053
4524,935,2,0.7826,951.0,-0.1,1743.0,300.6,train,061_2023b_akocultB,ako_2023-24,koma_04104_061_2023b_akocultB__akocultB__page0025
4525,642,1,0.8538,2423.7,30.8,2992.0,608.7,train,regions_ako5ver2_koma_panels_20260729,ako_2017,koma_0133_page0050
4526,4138,1,0.8365,2421.6,893.1,2713.2,1166.1,train,011_2017_ako5,ako_2017,koma_00837_011_2017_ako5__done2__ako5-6 (1)
4527,1070,1,0.8408,677.6,61.3,1650.5,1155.0,train,056_2022b_hyoui_color,hyoui_color,koma_03884_056_2022b_hyoui_color__hyoui__page0016
4528,1081,2,0.8613,508.2,750.6,1379.3,1624.6,test_panel,013_2017_gakusai1-3DL,gakusai,koma_01089_013_2017_gakusai1-3DL__1__page0030
4529,3439,1,0.792,337.4,645.1,734.2,1281.2,test_panel,042_2021_akokate,ako_2020-22,koma_03393_042_2021_akokate__akokatei__page0028
4530,4446,1,0.8151,2.0,172.1,398.4,828.4,train,030_2019_succor,succor,koma_02843_030_2019_succor__succor__page0075
4531,2030,1,0.8075,1260.8,687.8,2421.6,1808.4,test_panel,072_2024c_ako,ako_2023-24,koma_04839_072_2024c_ako__ako4__page0042
4532,2632,1,0.871,421.8,149.8,879.5,661.7,train,053_2022b_akocult,ako_2020-22,koma_03792_053_2022b_akocult__akocult__page0043
4533,28,1,0.8567,2393.2,80.7,3878.8,1591.3,train,013_2017_gakusai1-3DL,gakusai,koma_01117_013_2017_gakusai1-3DL__2__page0008
4534,108,2,0.8102,1258.5,101.0,2740.4,1833.4,train,041_2021_akogoods,ako_2020-22,koma_03173_041_2021_akogoods__akogoods__page0009
4535,1615,1,0.7735,487.1,3.3,1510.1,932.6,test_series,073_2024c_mayer,mayer,koma_04926_073_2024c_mayer__mayer__page0007
4536,2613,1,0.8342,23.3,1026.2,475.1,1484.3,train,018_2018_ako6,ako_2018-19,koma_01885_018_2018_ako6__done8__ako6-39
4537,3065,1,0.8326,561.0,274.7,892.4,593.6,test_panel,029_2019_fringe3,fringe,koma_02550_029_2019_fringe3__fringe3__page0013
4538,327,2,0.8623,145.3,1179.9,712.5,1784.2,train,069_2024b_fitness,fitness,koma_04591_069_2024b_fitness__kurip__page0009
4539,2419,1,0.8524,1489.1,255.6,1790.0,649.5,test_panel,012_2017_copy,copy,koma_00956_012_2017_copy__copy__page0032
4540,1145,1,0.8158,752.9,36.7,1408.7,604.1,test_panel,013_2017_gakusai1-3DL,gakusai,koma_01230_013_2017_gakusai1-3DL__3__page0001
4541,557,2,0.8149,2402.8,278.0,4133.1,1958.0,train,013_2017_gakusai1-3DL,gakusai,koma_01096_013_2017_gakusai1-3DL__1__page0031
4542,2422,2,0.8498,2360.7,434.1,2955.2,1097.9,train,028_2019_fringe,fringe,koma_02420_028_2019_fringe__fringe_01__page0001
4543,1060,1,0.8756,145.2,760.2,1073.6,1619.2,test_panel,018_2018_ako6,ako_2018-19,koma_01783_018_2018_ako6__done__ako6-6
4544,231,3,0.7313,1099.3,563.8,1745.4,1235.6,train,015_2017_pink,pink,koma_01496_015_2017_pink__pink__page0035
4545,2457,1,0.7752,1935.1,2.0,2570.5,430.6,train,004_2016_gal,gal,koma_00237_004_2016_gal__gal__page0012
4546,168,1,0.8647,474.0,474.4,1441.2,1486.9,train,regions_fitness_koma_panels_20260729,fitness,koma_0074_page0025
4547,2899,3,0.7961,1522.1,310.0,1785.9,802.0,test_series,010_2016_suc,suc,koma_00667_010_2016_suc__subbcubussBK__page0011
4548,513,1,0.3561,939.0,736.2,1603.6,1618.9,train,regions_gakuen_koma_panels_20260729,gakuen,koma_0008_page0002
4549,3328,1,0.8723,444.1,1139.5,1193.7,1896.3,train,061_2023b_akocultB,ako_2023-24,koma_04101_061_2023b_akocultB__akocultB__page0023
4550,3252,3,0.8235,1830.7,39.8,2120.1,512.5,train,017_2017_stoptime,stoptime,koma_01641_017_2017_stoptime__stp__page0009
4551,808,2,0.82,2601.3,270.3,3832.8,1569.4,train,020_2018_china2,china2,koma_01944_020_2018_china2__china2__page0006
4552,2663,1,0.867,796.9,385.4,1152.9,677.9,test_panel,002_2016_aljanne2,aljanne2,koma_00051_002_2016_aljanne2__aljanne2__page0008
4553,3713,1,0.634,420.1,617.3,643.7,862.7,test_panel,008_2016_poolsideIdle,poolsideidle,koma_00549_008_2016_poolsideIdle__poolside__page0004
4554,1089,3,0.7627,2055.1,433.4,2661.1,1283.1,train,016_2017_running,running,koma_01550_016_2017_running__done__running20
4555,245,1,0.8501,2306.9,601.7,3073.5,1431.4,train,regions_ako5ver2_koma_panels_20260729,ako_2017,koma_0067_page0027
4556,1161,2,0.809,241.4,809.7,1081.2,1702.7,train,071_2024b_kids,kids,koma_04699_071_2024b_kids__milking__page0010
4557,3082,1,0.8159,757.4,509.4,1261.0,1028.1,test_series,014_2017_kacho,kacho,koma_01392_014_2017_kacho__kacho__page0034
4558,625,1,0.8634,2913.0,206.6,3993.6,1222.0,train,056_2022b_hyoui_color,hyoui_color,koma_03924_056_2022b_hyoui_color__hyoui__page0025
4559,4134,1,0.842,717.3,274.8,1209.8,780.6,train,011_2017_ako5,ako_2017,koma_00826_011_2017_ako5__done__ako5-37
4560,1891,2,0.5916,796.2,74.4,1510.2,911.1,train,regions_ako5ver2_koma_panels_20260729,ako_2017,koma_0167_page0064
4561,2977,1,0.8288,548.5,689.8,1462.8,1619.0,train,015_2017_pink,pink,koma_01503_015_2017_pink__pink__page0038
4562,1088,3,0.8456,2725.7,154.7,3675.8,1134.6,train,019_2018_ako7,ako_2018-19,koma_01899_019_2018_ako7__ako7__page0018
4563,4557,1,0.8374,768.0,338.5,1043.0,622.8,train,028_2019_fringe,fringe,koma_02451_028_2019_fringe__fringe_01__page0016
4564,1906,2,0.8586,336.4,1581.8,814.3,2029.4,train,041_2021_akogoods,ako_2020-22,koma_03153_041_2021_akogoods__akogoods__page0006
4565,3725,3,0.6657,2.6,1220.7,176.1,1465.1,train,030_2019_succor,succor,koma_02715_030_2019_succor__succor__page0031
4566,4385,2,0.8301,206.2,733.7,714.1,1312.7,train,029_2019_fringe3,fringe,koma_02512_029_2019_fringe3__fringe3__page0005
4567,2671,1,0.8218,422.8,250.7,1378.7,1227.8,train,030_2019_succor,succor,koma_02628_030_2019_succor__succor__page0006
4568,3451,2,0.6018,1353.0,255.3,1477.3,406.0,train,004_2016_gal,gal,koma_00172_004_2016_gal__root__page0010
4569,1430,2,0.8425,1396.3,481.1,2011.6,1165.9,train,016_2017_running,running,koma_01526_016_2017_running__done__running02
4570,3899,1,0.872,495.4,208.0,870.8,622.1,train,037_2020_ako9,ako_2020-22,koma_02996_037_2020_ako9__ako9__page0029
4571,545,1,0.7514,2825.6,5.1,3947.6,1750.8,train,013_2017_gakusai1-3DL,gakusai,koma_01289_013_2017_gakusai1-3DL__3__page0015
4572,3757,1,0.8638,308.6,419.5,996.3,1169.0,train,044_2021_nanami,nurse+nanami,koma_03560_044_2021_nanami__root__a
4573,4217,1,0.8618,2269.7,153.2,2662.4,568.7,train,013_2017_gakusai1-3DL,gakusai,koma_01198_013_2017_gakusai1-3DL__2__page0030
4574,3185,1,0.8431,996.1,924.1,1569.8,1498.5,train,029_2019_fringe3,fringe,koma_02589_029_2019_fringe3__fringe3__page0021
4575,959,1,0.835,3278.0,203.9,4157.8,941.0,train,056_2022b_hyoui_color,hyoui_color,koma_03883_056_2022b_hyoui_color__hyoui__page0016
4576,1579,1,0.8215,253.7,478.5,920.5,1198.0,test_series,073_2024c_mayer,mayer,koma_04965_073_2024c_mayer__mayer__page0022
4577,1228,3,0.5113,2781.9,406.8,2932.7,561.9,test_panel,regions_4th_koma_panels_20260801,4th,koma_0055_page0014
4578,4449,2,0.3322,-1.9,6.8,561.2,767.0,train,008_2016_poolsideIdle,poolsideidle,koma_00608_008_2016_poolsideIdle__poolside__page0019
4579,1411,2,0.4086,711.6,229.8,1948.3,1750.6,test_series,005_2016_ng,ng,koma_00296_005_2016_ng__ng__page0011
4580,1691,2,0.8605,1317.7,1050.3,1674.6,1381.8,train,013_2017_gakusai1-3DL,gakusai,koma_00993_013_2017_gakusai1-3DL__1__page0007
4581,5232,1,0.8292,437.0,302.3,1066.5,900.1,train,011_2017_ako5,ako_2017,koma_00738_011_2017_ako5__ako5__page0046
4582,694,2,0.5973,2585.3,650.9,2844.5,961.0,test_panel,051_2022b_4th,4th,koma_03683_051_2022b_4th__4th__page0009
4583,4199,1,0.8151,1593.0,-0.6,2459.1,624.8,train,026_2019_ako7,ako_2018-19,koma_02291_026_2019_ako7__done__ako7-35
4584,890,1,0.7888,572.8,441.6,1354.3,1144.8,train,060_2023b_ako3,ako_2023-24,koma_04050_060_2023b_ako3__ako3__page0001
4585,1936,1,0.8505,2201.4,467.1,2939.7,1545.3,train,071_2024b_kids,kids,koma_04726_071_2024b_kids__milking__page0015
4586,2587,5,0.7222,78.3,1.2,544.6,405.6,train,013_2017_gakusai1-3DL,gakusai,koma_01097_013_2017_gakusai1-3DL__1__page0031
4587,868,2,0.809,267.9,428.0,1329.4,1405.6,test_series,005_2016_ng,ng,koma_00304_005_2016_ng__ng__page0014
4588,262,1,0.8317,1180.3,433.3,2538.1,1785.7,train,016_2017_running,running,koma_01556_016_2017_running__running__page0004
4589,4544,1,0.7737,640.9,-3.8,1427.0,762.9,test_panel,004_2016_gal,gal,koma_00171_004_2016_gal__root__page0010
4590,865,1,0.8246,1155.0,138.7,1953.7,1217.8,test_series,009_2016_riko,riko,koma_00623_009_2016_riko__lozx__page0004
4591,1370,1,0.8357,372.3,84.2,1505.3,1176.7,train,018_2018_ako6,ako_2018-19,koma_01877_018_2018_ako6__done7__ako6-03
4592,2546,2,0.5283,3735.5,1922.2,3862.5,2047.8,train,030_2019_succor,succor,koma_02768_030_2019_succor__succor__page0044
4593,3861,2,0.8532,792.1,1071.1,1131.8,1424.1,test_panel,021_2018_comics4,comics4,koma_02079_021_2018_comics4__mars_v2_mars_manuscript__page0006
4594,4181,2,0.7863,-0.3,106.1,364.3,738.2,train,008_2016_poolsideIdle,poolsideidle,koma_00542_008_2016_poolsideIdle__poolside__page0001
4595,2507,2,0.4187,-0.8,272.7,343.6,934.0,test_panel,regions_ako5ver2_koma_panels_20260729,ako_2017,koma_0081_page0034
4596,2392,1,0.8639,1068.3,813.3,1316.8,1071.4,train,041_2021_akogoods,ako_2020-22,koma_03283_041_2021_akogoods__akogoods__page0052
4597,5265,1,0.7968,3.9,381.6,378.2,1047.2,test_panel,020_2018_china2,china2,koma_01959_020_2018_china2__china2__page0010
4598,3549,3,0.7984,569.7,573.3,711.2,794.8,test_panel,021_2018_comics4,comics4,koma_02054_021_2018_comics4__china_v2_china__page0020
4599,1109,1,0.7789,1341.1,984.0,1860.0,1330.3,train,030_2019_succor,succor,koma_02797_030_2019_succor__succor__page0050
4600,375,2,0.8623,145.2,1180.0,712.5,1784.2,train,regions_fitness_koma_panels_20260729,fitness,koma_0028_page0009
4601,3959,1,0.8091,532.5,250.1,844.0,619.8,test_panel,029_2019_fringe3,fringe,koma_02508_029_2019_fringe3__fringe3__page0004
4602,4269,1,0.7131,352.1,943.0,765.1,1838.0,train,013_2017_gakusai1-3DL,gakusai,koma_01208_013_2017_gakusai1-3DL__2__page0031
4603,4175,1,0.8347,370.5,722.0,1206.0,1616.2,test_series,027_2019_ben,ben,koma_02343_027_2019_ben__ben__page0004
4604,3752,1,0.79,1094.8,4.2,2239.3,928.5,test_panel,056_2022b_hyoui_color,hyoui_color,koma_03938_056_2022b_hyoui_color__hyoui__page0028
4605,2213,1,0.8657,128.4,118.2,471.5,496.3,train,002_2016_aljanne2,aljanne2,koma_00042_002_2016_aljanne2__aljanne2__page0005
4606,3653,1,0.7903,598.3,921.6,1489.3,2037.8,train,051_2022b_4th,4th,koma_03748_051_2022b_4th__4th__page0034
4607,675,2,0.3101,755.5,739.4,1528.7,1932.7,train,056_2022b_hyoui_color,hyoui_color,koma_03919_056_2022b_hyoui_color__hyoui__page0024
4608,1354,1,0.8382,441.1,697.9,700.1,1012.8,test_series,073_2024c_mayer,mayer,koma_04935_073_2024c_mayer__mayer__page0010
4609,2503,1,0.7816,281.7,500.7,1155.4,1456.2,train,042_2021_akokate,ako_2020-22,koma_03365_042_2021_akokate__akokatei__page0017
4610,4268,1,0.852,286.4,141.7,507.5,347.9,train,002_2016_aljanne2,aljanne2,koma_00076_002_2016_aljanne2__aljanne2__page0015
4611,824,1,0.7706,141.9,855.1,1826.7,3012.0,test_series,005_2016_ng,ng,koma_00314_005_2016_ng__ng__page0017
4612,2119,2,0.7613,0.4,-0.7,546.0,463.1,train,043_2021_hero,hero,koma_03503_043_2021_hero__hero__page0054
4613,2250,1,0.8613,344.1,475.1,627.5,728.1,test_panel,013_2017_gakusai1-3DL,gakusai,koma_01181_013_2017_gakusai1-3DL__2__page0024
4614,1771,1,0.8558,668.3,148.7,1070.3,601.7,train,regions_4th_koma_panels_20260801,4th,koma_0135_page0033
4615,3416,1,0.8111,741.0,261.0,1228.8,813.5,test_panel,068_2024b_ako4,ako_2023-24,koma_04490_068_2024b_ako4__ako4__page0003
4616,2635,1,0.8579,1784.2,998.4,2252.9,1506.9,train,048_2022_akocult,ako_2020-22,koma_03608_048_2022_akocult__akocult__page0008
4617,1100,1,0.8401,2202.4,510.9,2754.5,1113.4,train,regions_ako5ver2_koma_panels_20260729,ako_2017,koma_0062_page0026
4618,413,2,0.8434,98.8,305.4,651.9,908.4,train,regions_4th_koma_panels_20260801,4th,koma_0099_page0023
4619,1100,3,0.4734,1577.3,776.6,1714.9,923.9,train,regions_ako5ver2_koma_panels_20260729,ako_2017,koma_0062_page0026
4620,3452,1,0.8697,1004.1,196.5,1388.6,575.1,train,056_2022b_hyoui_color,hyoui_color,koma_03867_056_2022b_hyoui_color__hyoui__page0011
4621,578,1,0.8249,346.0,560.5,1208.4,1723.3,train,042_2021_akokate,ako_2020-22,koma_03403_042_2021_akokate__akokatei__page0030
4622,1612,1,0.8308,556.7,536.3,1466.7,1453.8,train,072_2024c_ako,ako_2023-24,koma_04782_072_2024c_ako__ako4__page0016
4623,5267,1,0.8118,730.3,392.0,893.8,614.1,train,013_2017_gakusai1-3DL,gakusai,koma_01006_013_2017_gakusai1-3DL__1__page0009
4624,3270,1,0.8317,528.8,497.1,1273.3,1264.3,train,048_2022_akocult,ako_2020-22,koma_03597_048_2022_akocult__akocult__page0006
4625,103,1,0.8679,3092.7,553.0,3641.6,1114.9,test_series,007_2016_phantom,phantom,koma_00463_007_2016_phantom__PhantomThief__page0006
4626,2875,2,0.6592,1219.3,1118.9,2170.9,2022.1,train,030_2019_succor,succor,koma_02762_030_2019_succor__succor__page0042
4627,1861,1,0.8024,277.5,20.7,1703.1,1333.7,train,017_2017_stoptime,stoptime,koma_01662_017_2017_stoptime__stp__page0016
4628,1140,1,0.8613,720.3,200.0,1219.8,731.2,test_panel,002_2016_aljanne2,aljanne2,koma_00077_002_2016_aljanne2__aljanne2__page0015
4629,2132,1,0.7534,794.1,362.7,1004.1,570.5,train,017_2017_stoptime,stoptime,koma_01610_017_2017_stoptime__stp__page0001
4630,3438,1,0.7246,-4.7,275.2,1195.8,1556.6,train,037_2020_ako9,ako_2020-22,koma_03005_037_2020_ako9__ako9__page0033
4631,4441,1,0.8614,166.8,337.5,589.9,756.9,test_panel,061_2023b_akocultB,ako_2023-24,koma_04168_061_2023b_akocultB__akocultB__page0045
4632,2613,2,0.8235,581.9,1335.8,971.0,1830.8,train,018_2018_ako6,ako_2018-19,koma_01885_018_2018_ako6__done8__ako6-39
4633,117,1,0.8267,956.8,297.8,1469.1,896.6,train,051_2022b_4th,4th,koma_03706_051_2022b_4th__4th__page0019
4634,4891,1,0.5715,1.9,161.2,800.7,883.3,train,041_2021_akogoods,ako_2020-22,koma_03211_041_2021_akogoods__akogoods__page0020
4635,4190,1,0.7709,543.0,1627.1,926.2,2063.6,train,regions_4th_koma_panels_20260801,4th,koma_0098_page0023
4636,1969,1,0.8038,1127.8,1480.9,1357.7,1735.6,train,072_2024c_ako,ako_2023-24,koma_04801_072_2024c_ako__ako4__page0022
4637,914,1,0.6472,153.1,572.3,1485.4,3138.9,test_panel,013_2017_gakusai1-3DL,gakusai,koma_01335_013_2017_gakusai1-3DL__3__page0027
4638,2356,1,0.8471,555.2,-0.6,1154.2,266.5,test_panel,004_2016_gal,gal,koma_00208_004_2016_gal__gal__page0004
4639,1771,2,0.8457,608.1,706.4,868.6,1122.8,train,regions_4th_koma_panels_20260801,4th,koma_0135_page0033
4640,2488,1,0.7047,2762.1,325.7,3308.3,790.5,test_panel,040_2020b_nurse,nurse+nanami,koma_03144_040_2020b_nurse__pumpkin__page0010
4641,436,1,0.8358,1675.9,714.9,2408.3,1550.1,test_panel,072_2024c_ako,ako_2023-24,koma_04844_072_2024c_ako__ako4__page0043
4642,1816,3,0.7962,1118.5,6.0,1725.9,248.3,train,016_2017_running,running,koma_01564_016_2017_running__running__page0025
4643,2560,2,0.8645,25.3,620.1,309.1,944.5,test_panel,068_2024b_ako4,ako_2023-24,koma_04536_068_2024b_ako4__ako4__page0016
4644,3608,1,0.7928,406.4,247.9,1101.1,965.5,train,013_2017_gakusai1-3DL,gakusai,koma_01315_013_2017_gakusai1-3DL__3__page0020
4645,484,2,0.838,7.4,171.0,501.4,984.4,train,069_2024b_fitness,fitness,koma_04642_069_2024b_fitness__kurip__page0026
4646,1787,3,0.8144,22.2,426.3,596.9,977.4,test_panel,056_2022b_hyoui_color,hyoui_color,koma_03873_056_2022b_hyoui_color__hyoui__page0012
4647,404,1,0.8695,1839.6,282.8,2842.2,1227.9,train,013_2017_gakusai1-3DL,gakusai,koma_01271_013_2017_gakusai1-3DL__3__page0010
4648,2841,1,0.815,849.8,405.4,2248.4,1886.0,test_panel,029_2019_fringe3,fringe,koma_02506_029_2019_fringe3__fringe3__page0004
4649,914,2,0.5394,980.5,436.1,2263.0,3186.8,test_panel,013_2017_gakusai1-3DL,gakusai,koma_01335_013_2017_gakusai1-3DL__3__page0027
4650,2641,1,0.6882,826.6,840.8,1772.8,1786.4,test_panel,072_2024c_ako,ako_2023-24,koma_04860_072_2024c_ako__ako4__page0048
4651,1497,1,0.7214,426.4,74.4,1929.8,1495.4,train,065_2024_ako3B,ako_2023-24,koma_04309_065_2024_ako3B__ako3B__page0006
4652,1555,1,0.8344,-5.3,208.8,913.2,1209.1,train,016_2017_running,running,koma_01600_016_2017_running__running__page0036
4653,2017,1,0.7919,566.2,170.3,1423.6,974.7,test_series,007_2016_phantom,phantom,koma_00491_007_2016_phantom__PhantomThief__page0012
4654,1557,1,0.8766,1845.4,85.1,2614.6,846.8,test_series,027_2019_ben,ben,koma_02371_027_2019_ben__ben__page0009
4655,5057,1,0.6676,840.5,216.5,1418.1,920.8,train,018_2018_ako6,ako_2018-19,koma_01674_018_2018_ako6__ako6__page0028
4656,3125,1,0.6056,1092.4,1.3,2364.1,816.9,test_series,005_2016_ng,ng,koma_00375_005_2016_ng__新しいフォルダー_n__page0014
4657,1789,1,0.8401,917.6,408.2,1584.4,1025.6,train,041_2021_akogoods,ako_2020-22,koma_03148_041_2021_akogoods__akogoods__page0005
4658,405,2,0.8434,98.8,305.4,651.9,908.4,train,051_2022b_4th,4th,koma_03720_051_2022b_4th__4th__page0023
4659,1861,2,0.5303,1435.7,-24.7,2616.4,1348.9,train,017_2017_stoptime,stoptime,koma_01662_017_2017_stoptime__stp__page0016
4660,3357,2,0.8481,634.3,178.3,920.0,531.5,train,021_2018_comics4,comics4,koma_02004_021_2018_comics4__china_v2_china__page0001
4661,674,1,0.7971,244.3,726.6,1013.5,1633.5,test_series,063_2023b_hamlabi,hamlabi,koma_04183_063_2023b_hamlabi__works__page0007
4662,3726,1,0.8346,645.1,1010.4,1059.3,1453.3,train,020_2018_china2,china2,koma_01987_020_2018_china2__china2__page0023
4663,964,2,0.8617,462.8,321.5,953.6,859.9,train,regions_ako5ver2_koma_panels_20260729,ako_2017,koma_0010_page0003
4664,2462,1,0.8683,198.4,141.1,637.6,619.8,test_panel,013_2017_gakusai1-3DL,gakusai,koma_01306_013_2017_gakusai1-3DL__3__page0018
4665,4065,1,0.744,1436.2,12.5,3422.5,804.7,train,regions_4th_koma_panels_20260801,4th,koma_0030_page0007
4666,3462,1,0.8332,670.8,301.8,1157.7,861.1,train,064_2024_ako3,ako_2023-24,koma_04228_064_2024_ako3__ako3__page0014
4667,3769,1,0.8795,411.9,342.8,799.5,730.5,train,026_2019_ako7,ako_2018-19,koma_02324_026_2019_ako7__done2__ako7-40
4668,1470,1,0.875,313.8,482.9,1098.1,1186.9,test_panel,016_2017_running,running,koma_01546_016_2017_running__done__running15
4669,572,2,0.8692,2046.9,352.8,3030.0,1211.2,train,032_2019b_ako8,ako_2018-19,koma_02897_032_2019b_ako8__ako8__page0015
4670,1250,2,0.8074,1114.9,547.8,1839.0,1188.6,test_series,063_2023b_hamlabi,hamlabi,koma_04188_063_2023b_hamlabi__works__page0009
4671,98,1,0.8585,2959.4,178.8,3971.4,1103.8,train,042_2021_akokate,ako_2020-22,koma_03439_042_2021_akokate__akokatei__page0062
4672,0,1,0.8702,1669.9,2541.2,2671.5,3480.7,train,013_2017_gakusai1-3DL,gakusai,koma_01166_013_2017_gakusai1-3DL__2__page0021
4673,3091,1,0.8122,1512.5,153.4,2324.6,587.3,test_panel,003_2016_avbu,avbu,koma_00108_003_2016_avbu__avb__page0004
4674,2329,1,0.8161,269.6,1543.1,792.7,2183.7,train,041_2021_akogoods,ako_2020-22,koma_03307_041_2021_akogoods__akogoods__page0073
4675,4603,1,0.8363,617.0,199.1,807.1,447.8,train,041_2021_akogoods,ako_2020-22,koma_03267_041_2021_akogoods__akogoods__page0047
4676,4127,1,0.7806,159.2,849.1,1289.7,2150.2,train,030_2019_succor,succor,koma_02662_030_2019_succor__succor__page0017
4677,2725,2,0.5802,774.3,210.9,1206.7,803.1,test_panel,015_2017_pink,pink,koma_01446_015_2017_pink__pink__page0002
4678,4721,1,0.8018,283.3,1250.1,1108.4,2196.0,train,029_2019_fringe3,fringe,koma_02565_029_2019_fringe3__fringe3__page0016
4679,174,1,0.8364,2499.2,623.9,2901.6,966.9,train,051_2022b_4th,4th,koma_03745_051_2022b_4th__4th__page0032
4680,1679,1,0.8069,559.8,390.9,1388.1,1198.1,train,056_2022b_hyoui_color,hyoui_color,koma_03972_056_2022b_hyoui_color__hyoui__page0035
4681,1852,1,0.8476,397.2,379.0,1012.5,1003.9,train,regions_ako5ver2_koma_panels_20260729,ako_2017,koma_0052_page0024
4682,2295,1,0.866,432.5,465.0,782.8,839.2,test_series,073_2024c_mayer,mayer,koma_04909_073_2024c_mayer__mayer__page0004
4683,936,1,0.7962,3142.9,2870.1,3892.4,3284.7,train,061_2023b_akocultB,ako_2023-24,koma_04091_061_2023b_akocultB__akocultB__page0021
4684,350,1,0.8698,2483.1,816.7,3335.8,1647.6,train,018_2018_ako6,ako_2018-19,koma_01768_018_2018_ako6__ako6__page0127
4685,4550,2,0.3527,311.0,380.3,854.2,773.6,train,051_2022b_4th,4th,koma_03709_051_2022b_4th__4th__page0021
4686,4948,1,0.5121,715.7,239.5,864.9,382.3,train,072_2024c_ako,ako_2023-24,koma_04896_072_2024c_ako__ako4__page0061
4687,4310,1,0.6006,838.0,305.5,2398.2,1534.0,train,030_2019_succor,succor,koma_02772_030_2019_succor__succor__page0045
4688,3904,1,0.8465,1687.6,306.2,1945.8,621.8,train,018_2018_ako6,ako_2018-19,koma_01760_018_2018_ako6__ako6__page0121
4689,3197,2,0.721,945.7,241.3,1404.6,984.2,train,016_2017_running,running,koma_01536_016_2017_running__done__running07
4690,2760,2,0.8198,1234.7,111.5,1770.4,743.7,test_panel,013_2017_gakusai1-3DL,gakusai,koma_01136_013_2017_gakusai1-3DL__2__page0015
4691,259,1,0.786,2916.9,1961.0,3941.7,2704.9,test_panel,069_2024b_fitness,fitness,koma_04626_069_2024b_fitness__kurip__page0020
4692,900,1,0.8658,1244.5,124.0,1860.6,758.6,train,020_2018_china2,china2,koma_01943_020_2018_china2__china2__page0005
4693,5313,1,0.8294,327.6,92.6,822.9,604.3,train,018_2018_ako6,ako_2018-19,koma_01794_018_2018_ako6__done2__ako6-14
4694,648,1,0.6409,1280.1,85.4,2231.8,924.8,test_panel,regions_ako5ver2_koma_panels_20260729,ako_2017,koma_0147_page0054
4695,91,1,0.8602,279.1,836.9,1102.2,1510.7,test_series,014_2017_kacho,kacho,koma_01372_014_2017_kacho__kacho__page0013
4696,5074,1,0.5288,-9.6,81.1,591.0,985.0,train,013_2017_gakusai1-3DL,gakusai,koma_01321_013_2017_gakusai1-3DL__3__page0020
4697,1941,2,0.4911,1.2,1474.4,216.5,1724.1,test_panel,043_2021_hero,hero,koma_03543_043_2021_hero__hero__page0071
4698,454,1,0.847,489.2,389.1,1225.1,1173.7,test_series,073_2024c_mayer,mayer,koma_04975_073_2024c_mayer__mayer__page0024
4699,4908,1,0.8402,276.3,347.0,571.1,725.9,train,015_2017_pink,pink,koma_01420_015_2017_pink__done1__pink10
4700,3396,1,0.8704,759.0,306.4,1202.4,760.9,test_series,014_2017_kacho,kacho,koma_01358_014_2017_kacho__done2__kacho06
4701,1651,2,0.8614,3531.5,723.6,3968.9,1205.8,train,030_2019_succor,succor,koma_02859_030_2019_succor__succor__page0079
4702,1249,2,0.8074,1114.9,547.8,1839.0,1188.6,test_series,regions_hamlabi_koma_panels_20260729,hamlabi,koma_0015_page0009
4703,4013,1,0.7804,442.3,500.3,1219.0,1327.9,train,regions_4th_koma_panels_20260801,4th,koma_0010_page0003
4704,862,2,0.8565,1287.8,558.3,1850.9,1052.3,train,041_2021_akogoods,ako_2020-22,koma_03205_041_2021_akogoods__akogoods__page0019
4705,5004,1,0.3776,539.0,984.0,728.9,1111.1,train,015_2017_pink,pink,koma_01486_015_2017_pink__pink__page0030
4706,4292,1,0.8266,574.7,274.2,1124.5,863.1,train,041_2021_akogoods,ako_2020-22,koma_03277_041_2021_akogoods__akogoods__page0051
4707,869,2,0.809,267.9,428.0,1329.4,1405.6,test_series,005_2016_ng,ng,koma_00373_005_2016_ng__新しいフォルダー_n__page0014
4708,4747,1,0.8091,494.5,277.9,905.5,801.2,train,019_2018_ako7,ako_2018-19,koma_01916_019_2018_ako7__ako7__page0070
4709,3491,1,0.3612,517.4,186.4,1271.2,1112.5,test_panel,067_2024b_ako3B,ako_2023-24,koma_04474_067_2024b_ako3B__ako3B__page0019
4710,1653,1,0.7727,620.5,415.8,1621.2,1692.2,test_series,073_2024c_mayer,mayer,koma_04959_073_2024c_mayer__mayer__page0020
4711,1645,1,0.8394,1186.1,1089.3,1526.4,1398.2,test_panel,061_2023b_akocultB,ako_2023-24,koma_04114_061_2023b_akocultB__akocultB__page0028
4712,1163,2,0.7002,3.6,656.1,780.2,1673.2,train,017_2017_stoptime,stoptime,koma_01654_017_2017_stoptime__stp__page0012
4713,1423,6,0.5393,2366.2,326.7,2646.9,632.6,test_panel,030_2019_succor,succor,koma_02645_030_2019_succor__succor__page0011
4714,419,4,0.8502,1553.0,709.0,2114.0,1338.8,train,021_2018_comics4,comics4,koma_02026_021_2018_comics4__china_v2_china__page0005
4715,5068,1,0.8056,4.3,416.7,490.0,776.0,train,045_2021_nurse,nurse+nanami,koma_03575_045_2021_nurse__pumpkin__page0006
4716,587,1,0.8323,39.3,716.9,833.6,1586.8,train,013_2017_gakusai1-3DL,gakusai,koma_01338_013_2017_gakusai1-3DL__3__page0029
4717,2737,1,0.7866,928.9,677.2,1621.9,1319.2,test_series,007_2016_phantom,phantom,koma_00534_007_2016_phantom__tmp__PhantomThief
4718,2467,3,0.6098,734.8,272.4,1106.4,744.5,test_panel,regions_ako5ver2_koma_panels_20260729,ako_2017,koma_0055_page0024
4719,3716,1,0.8178,469.6,417.5,1156.1,1054.6,test_panel,008_2016_poolsideIdle,poolsideidle,koma_00587_008_2016_poolsideIdle__poolside__page0013
4720,2964,1,0.8016,1022.2,360.2,1590.8,998.4,train,051_2022b_4th,4th,koma_03682_051_2022b_4th__4th__page0009
4721,4534,1,0.824,92.8,268.3,649.3,829.6,test_panel,011_2017_ako5,ako_2017,koma_00833_011_2017_ako5__done2__ako5-5 (1)
4722,4301,1,0.8032,977.0,887.2,1199.2,1125.9,test_series,006_2016_pc,pc,koma_00441_006_2016_pc__works__page0021
4723,558,1,0.864,1132.0,498.9,1662.2,1068.5,train,067_2024b_ako3B,ako_2023-24,koma_04477_067_2024b_ako3B__ako3B__page0026
4724,2096,1,0.8396,653.2,527.7,1399.7,1363.7,test_panel,018_2018_ako6,ako_2018-19,koma_01889_018_2018_ako6__done8__ako6-40
4725,2039,1,0.8256,1004.7,226.8,1824.2,983.7,test_panel,019_2018_ako7,ako_2018-19,koma_01914_019_2018_ako7__ako7__page0070
4726,2552,1,0.5339,1911.3,791.9,2680.3,1539.8,test_panel,028_2019_fringe,fringe,koma_02467_028_2019_fringe__fringe_01__page0020
4727,171,1,0.8431,1072.4,296.3,2083.5,1151.8,train,028_2019_fringe,fringe,koma_02453_028_2019_fringe__fringe_01__page0017
4728,891,2,0.4485,0.0,635.5,169.8,1517.1,test_panel,013_2017_gakusai1-3DL,gakusai,koma_01068_013_2017_gakusai1-3DL__1__page0025
4729,792,2,0.7799,0.1,317.3,1149.3,1545.2,test_series,regions_hamlabi_koma_panels_20260729,hamlabi,koma_0037_page0014
4730,1967,1,0.8262,507.4,548.0,1669.0,1676.1,train,020_2018_china2,china2,koma_01989_020_2018_china2__china2__page0024
4731,4887,1,0.3099,274.0,178.8,1098.7,1055.3,train,072_2024c_ako,ako_2023-24,koma_04794_072_2024c_ako__ako4__page0018
4732,3791,1,0.5582,571.1,139.4,1581.9,1220.3,train,regions_fitness_koma_panels_20260729,fitness,koma_0013_page0005
4733,511,1,0.8775,2716.0,524.4,3326.4,1082.6,test_panel,041_2021_akogoods,ako_2020-22,koma_03323_041_2021_akogoods__akogoods__page0077
4734,1321,1,0.8643,2298.1,284.6,2808.2,816.3,test_panel,056_2022b_hyoui_color,hyoui_color,koma_03933_056_2022b_hyoui_color__hyoui__page0027
4735,3793,1,0.7313,1407.5,1570.3,1607.9,1994.9,train,065_2024_ako3B,ako_2023-24,koma_04328_065_2024_ako3B__ako3B__page0009
4736,2399,1,0.88,1836.6,314.6,2208.4,645.1,train,002_2016_aljanne2,aljanne2,koma_00040_002_2016_aljanne2__aljanne2__page0005
4737,3457,2,0.8232,1208.6,270.0,1812.7,945.7,train,030_2019_succor,succor,koma_02787_030_2019_succor__succor__page0048
4738,1462,1,0.878,817.9,426.4,1338.6,898.7,test_series,010_2016_suc,suc,koma_00642_010_2016_suc__subbcubussBK__page0002
4739,6,1,0.8751,2682.1,581.0,3759.5,1573.9,train,regions_gakuen_koma_panels_20260729,gakuen,koma_0044_page0016
4740,370,1,0.8386,3001.5,1113.8,3684.2,1841.2,train,regions_fitness_koma_panels_20260729,fitness,koma_0100_page0034
4741,897,2,0.7903,-6.1,481.3,545.1,1385.4,train,021_2018_comics4,comics4,koma_02036_021_2018_comics4__china_v2_china__page0012
4742,2970,1,0.8459,853.8,805.2,1060.0,1049.2,test_panel,042_2021_akokate,ako_2020-22,koma_03337_042_2021_akokate__akokatei__page0008
4743,1736,1,0.8645,312.0,427.1,1146.5,1237.0,train,045_2021_nurse,nurse+nanami,koma_03571_045_2021_nurse__pumpkin__page0006
4744,5,3,0.7315,881.7,914.2,1158.5,1177.0,train,013_2017_gakusai1-3DL,gakusai,koma_01180_013_2017_gakusai1-3DL__2__page0024
4745,502,2,0.8168,1685.3,288.6,2295.5,1071.9,test_series,036_2020_UNI,uni,koma_02923_036_2020_UNI__UNI_works__page0002
4746,3103,2,0.7072,6.2,581.9,301.5,1068.1,train,004_2016_gal,gal,koma_00181_004_2016_gal__root__page0011
4747,1542,1,0.857,612.4,651.8,1321.2,1569.1,test_panel,056_2022b_hyoui_color,hyoui_color,koma_03932_056_2022b_hyoui_color__hyoui__page0027
4748,41,1,0.874,2112.5,2163.0,3122.1,2954.1,test_panel,049_2022_akogoods,ako_2020-22,koma_03646_049_2022_akogoods__akogoods__page0075
4749,639,1,0.8651,2290.0,551.9,2876.9,1173.3,test_panel,017_2017_stoptime,stoptime,koma_01653_017_2017_stoptime__stp__page0012
4750,87,1,0.877,320.4,333.7,986.1,969.2,test_panel,037_2020_ako9,ako_2020-22,koma_02940_037_2020_ako9__ako9__page0003
4751,776,1,0.8702,2946.2,161.4,3627.2,784.8,test_panel,042_2021_akokate,ako_2020-22,koma_03373_042_2021_akokate__akokatei__page0019
4752,1617,1,0.8242,665.1,681.9,1643.5,1665.4,train,008_2016_poolsideIdle,poolsideidle,koma_00537_008_2016_poolsideIdle__poolside__page0001
4753,1601,2,0.8571,453.7,1419.3,852.7,1890.2,train,041_2021_akogoods,ako_2020-22,koma_03154_041_2021_akogoods__akogoods__page0006
4754,153,2,0.8391,508.0,407.7,1507.8,1540.9,train,regions_fitness_koma_panels_20260729,fitness,koma_0048_page0015
4755,1314,2,0.7396,1384.0,511.9,2159.7,1597.4,train,016_2017_running,running,koma_01539_016_2017_running__done__running10
4756,4061,1,0.8807,618.0,596.8,889.4,857.1,train,017_2017_stoptime,stoptime,koma_01634_017_2017_stoptime__stp__page0007
4757,2853,1,0.8575,-0.4,579.1,488.1,1088.3,train,018_2018_ako6,ako_2018-19,koma_01706_018_2018_ako6__ako6__page0058
4758,857,1,0.847,74.0,396.0,730.8,1037.2,test_panel,030_2019_succor,succor,koma_02744_030_2019_succor__succor__page0038
4759,4374,1,0.8172,435.5,63.6,1124.4,724.0,train,regions_ako5ver2_koma_panels_20260729,ako_2017,koma_0063_page0026
4760,3275,1,0.8374,216.0,300.4,774.1,796.0,test_panel,026_2019_ako7,ako_2018-19,koma_02284_026_2019_ako7__done__ako7-29
4761,4307,1,0.8394,330.2,87.5,689.9,526.3,test_series,027_2019_ben,ben,koma_02398_027_2019_ben__ben__page0015
4762,2836,1,0.7959,-4.0,729.4,745.5,2100.1,train,013_2017_gakusai1-3DL,gakusai,koma_01025_013_2017_gakusai1-3DL__1__page0014
4763,392,2,0.8292,3110.8,162.1,4154.4,1284.1,train,002_2016_aljanne2,aljanne2,koma_00058_002_2016_aljanne2__aljanne2__page0009
4764,3419,1,0.8374,2420.3,895.2,2714.4,1164.3,train,011_2017_ako5,ako_2017,koma_00748_011_2017_ako5__ako5__page0052
4765,3851,1,0.799,5.9,1270.9,917.1,2740.5,train,018_2018_ako6,ako_2018-19,koma_01727_018_2018_ako6__ako6__page0110
4766,1027,2,0.5788,268.1,1288.3,772.1,1852.3,train,regions_ako5ver2_koma_panels_20260729,ako_2017,koma_0099_page0040
4767,4284,1,0.792,163.0,328.8,601.3,879.6,train,regions_4th_koma_panels_20260801,4th,koma_0142_page0034
4768,4,1,0.8719,3334.7,508.0,4324.5,1489.0,train,013_2017_gakusai1-3DL,gakusai,koma_01159_013_2017_gakusai1-3DL__2__page0020
4769,1759,1,0.873,37.9,390.0,602.9,917.4,test_series,027_2019_ben,ben,koma_02340_027_2019_ben__ben__page0003
4770,805,1,0.7542,449.9,355.5,2307.7,2015.0,train,regions_fitness_koma_panels_20260729,fitness,koma_0083_page0027
4771,6,2,0.8698,295.9,1887.9,1166.7,2615.9,train,regions_gakuen_koma_panels_20260729,gakuen,koma_0044_page0016
4772,2492,2,0.8559,726.1,491.8,1017.5,778.8,test_panel,regions_ako5ver2_koma_panels_20260729,ako_2017,koma_0060_page0025
4773,2501,1,0.8424,725.4,1062.4,1235.6,1631.2,train,011_2017_ako5,ako_2017,koma_00871_011_2017_ako5__done4__ako5-24
4774,831,2,0.8258,871.1,-14.8,1592.5,773.5,train,004_2016_gal,gal,koma_00173_004_2016_gal__root__page0010
4775,284,2,0.8514,358.4,999.5,1190.4,2015.2,test_series,009_2016_riko,riko,koma_00639_009_2016_riko__lozx__page0028
4776,422,1,0.8515,457.8,240.8,1334.5,1247.3,train,002_2016_aljanne2,aljanne2,koma_00043_002_2016_aljanne2__aljanne2__page0006
4777,1028,1,0.8258,343.3,850.4,1056.0,1535.2,test_series,063_2023b_hamlabi,hamlabi,koma_04179_063_2023b_hamlabi__works__page0007
4778,1095,2,0.7491,6.4,687.9,580.4,1577.6,train,069_2024b_fitness,fitness,koma_04634_069_2024b_fitness__kurip__page0022
4779,3145,1,0.882,754.4,253.0,1150.0,639.8,train,013_2017_gakusai1-3DL,gakusai,koma_01295_013_2017_gakusai1-3DL__3__page0016
4780,4093,2,0.8447,86.7,325.1,446.8,785.2,train,012_2017_copy,copy,koma_00912_012_2017_copy__copy__page0016
4781,622,1,0.8219,728.7,323.8,1888.3,1323.4,test_series,010_2016_suc,suc,koma_00643_010_2016_suc__subbcubussBK__page0002
4782,535,2,0.8694,422.8,552.5,1086.1,1168.9,train,003_2016_avbu,avbu,koma_00100_003_2016_avbu__avb__page0002
4783,1847,2,0.4096,289.9,31.1,1040.1,514.1,train,041_2021_akogoods,ako_2020-22,koma_03159_041_2021_akogoods__akogoods__page0007
4784,991,1,0.8801,700.4,1012.8,1487.6,1751.2,train,020_2018_china2,china2,koma_01998_020_2018_china2__china2__page0026
4785,3927,1,0.8159,987.2,247.9,1263.4,591.2,train,regions_ako5ver2_koma_panels_20260729,ako_2017,koma_0008_page0002
4786,1592,1,0.8252,330.8,1169.1,1778.0,2696.0,train,037_2020_ako9,ako_2020-22,koma_02983_037_2020_ako9__ako9__page0025
4787,3382,1,0.8428,343.1,107.8,911.6,696.2,train,042_2021_akokate,ako_2020-22,koma_03382_042_2021_akokate__akokatei__page0020
4788,1372,1,0.8753,332.6,799.9,1212.0,1648.7,train,056_2022b_hyoui_color,hyoui_color,koma_03888_056_2022b_hyoui_color__hyoui__page0017
4789,3302,1,0.8821,678.4,415.7,1133.4,877.0,test_panel,041_2021_akogoods,ako_2020-22,koma_03316_041_2021_akogoods__akogoods__page0076
4790,4495,1,0.8664,906.2,101.6,1139.5,332.9,train,018_2018_ako6,ako_2018-19,koma_01712_018_2018_ako6__ako6__page0058
4791,3249,2,0.8337,246.4,198.3,577.2,508.1,test_series,regions_hamlabi_koma_panels_20260729,hamlabi,koma_0045_page0020
4792,691,1,0.8007,1490.0,957.4,2151.5,1776.1,train,043_2021_hero,hero,koma_03525_043_2021_hero__hero__page0063
4793,540,1,0.8485,993.7,1797.4,2056.3,2713.6,train,032_2019b_ako8,ako_2018-19,koma_02908_032_2019b_ako8__ako8__page0048
4794,1804,1,0.865,102.0,220.2,785.0,869.8,train,051_2022b_4th,4th,koma_03676_051_2022b_4th__4th__page0008
4795,2228,2,0.7428,380.8,454.2,908.0,1173.6,train,013_2017_gakusai1-3DL,gakusai,koma_01031_013_2017_gakusai1-3DL__1__page0015
4796,2128,1,0.8572,1294.6,289.4,1880.3,830.1,train,013_2017_gakusai1-3DL,gakusai,koma_01149_013_2017_gakusai1-3DL__2__page0018
4797,1798,2,0.5825,1456.8,3505.0,2403.2,4042.4,train,056_2022b_hyoui_color,hyoui_color,koma_03852_056_2022b_hyoui_color__hyoui__page0008
4798,1715,2,0.8625,103.7,191.1,518.7,608.3,train,003_2016_avbu,avbu,koma_00133_003_2016_avbu__avb__page0020
4799,3178,1,0.876,615.3,554.8,1155.9,1030.1,train,041_2021_akogoods,ako_2020-22,koma_03318_041_2021_akogoods__akogoods__page0076
4800,584,1,0.8636,346.0,193.5,1215.3,909.0,train,041_2021_akogoods,ako_2020-22,koma_03247_041_2021_akogoods__akogoods__page0029
4801,404,3,0.7506,978.8,2.3,1924.0,599.6,train,013_2017_gakusai1-3DL,gakusai,koma_01271_013_2017_gakusai1-3DL__3__page0010
4802,336,2,0.6309,2512.7,5.9,3300.5,323.2,train,016_2017_running,running,koma_01602_016_2017_running__running__page0038
4803,3162,1,0.6485,6.7,26.9,380.1,1287.3,train,029_2019_fringe3,fringe,koma_02551_029_2019_fringe3__fringe3__page0013
4804,4730,1,0.7412,282.5,240.0,979.4,963.3,train,029_2019_fringe3,fringe,koma_02574_029_2019_fringe3__fringe3__page0017
4805,120,1,0.8401,1019.5,521.3,1917.9,1458.4,train,013_2017_gakusai1-3DL,gakusai,koma_01261_013_2017_gakusai1-3DL__3__page0008
4806,1165,1,0.863,613.1,911.1,1834.7,2081.9,train,039_2020b_ako10,ako_2020-22,koma_03101_039_2020b_ako10__aco10__page0028
4807,532,1,0.8716,1892.2,347.0,2538.6,925.4,train,regions_4th_koma_panels_20260801,4th,koma_0031_page0007
4808,2659,1,0.3595,556.1,1478.1,1518.4,2439.5,train,030_2019_succor,succor,koma_02663_030_2019_succor__succor__page0017
4809,759,1,0.8649,543.8,-4.5,1469.4,819.4,train,061_2023b_akocultB,ako_2023-24,koma_04094_061_2023b_akocultB__akocultB__page0021
4810,2318,1,0.7952,139.2,669.3,1035.5,1900.8,train,021_2018_comics4,comics4,koma_02018_021_2018_comics4__china_v2_china__page0004
4811,2248,1,0.8573,836.5,488.6,1241.0,970.0,train,029_2019_fringe3,fringe,koma_02523_029_2019_fringe3__fringe3__page0007
4812,1960,2,0.6049,813.6,1604.5,1045.7,1803.7,train,029_2019_fringe3,fringe,koma_02600_029_2019_fringe3__fringe3__page0022
4813,2773,1,0.4525,1514.0,-2.2,1920.7,484.9,train,026_2019_ako7,ako_2018-19,koma_02175_026_2019_ako7__ako7__page0067
4814,2471,1,0.803,1247.7,356.3,1962.9,1210.8,train,011_2017_ako5,ako_2017,koma_00776_011_2017_ako5__ako5__page0069
4815,3229,1,0.5758,184.2,9.0,999.2,686.7,train,002_2016_aljanne2,aljanne2,koma_00038_002_2016_aljanne2__aljanne2__page0005
4816,3051,2,0.5947,-0.0,66.8,389.7,897.7,test_series,006_2016_pc,pc,koma_00438_006_2016_pc__works__page0020
4817,4237,1,0.7678,891.0,13.0,2163.1,1044.2,train,056_2022b_hyoui_color,hyoui_color,koma_03861_056_2022b_hyoui_color__hyoui__page0009
4818,2696,2,0.8039,1432.9,493.6,1781.8,898.1,train,004_2016_gal,gal,koma_00210_004_2016_gal__gal__page0005
4819,5216,1,0.7222,511.9,994.6,726.1,1256.1,train,013_2017_gakusai1-3DL,gakusai,koma_01212_013_2017_gakusai1-3DL__2__page0032
4820,4804,2,0.824,609.6,136.5,1063.6,638.1,train,015_2017_pink,pink,koma_01505_015_2017_pink__pink__page0038
4821,4032,1,0.8135,809.8,798.3,1417.8,1293.2,train,026_2019_ako7,ako_2018-19,koma_02315_026_2019_ako7__done__road14
4822,2611,1,0.8701,200.6,1064.5,516.0,1404.4,train,061_2023b_akocultB,ako_2023-24,koma_04081_061_2023b_akocultB__akocultB__page0007
4823,2389,2,0.8154,891.3,331.0,1517.5,984.9,train,regions_ako5ver2_koma_panels_20260729,ako_2017,koma_0016_page0008
4824,2439,3,0.801,3419.4,209.6,3679.3,549.2,test_panel,042_2021_akokate,ako_2020-22,koma_03332_042_2021_akokate__akokatei__page0007
4825,501,1,0.8702,2604.1,694.5,3652.2,1665.7,train,032_2019b_ako8,ako_2018-19,koma_02883_032_2019b_ako8__ako8__page0003
4826,2497,1,0.8064,101.8,346.7,826.8,1059.8,test_series,007_2016_phantom,phantom,koma_00502_007_2016_phantom__PhantomThief__page0020
4827,2557,2,0.841,425.9,455.3,913.5,918.5,train,016_2017_running,running,koma_01590_016_2017_running__running__page0033
4828,1775,1,0.8332,1118.4,259.2,1546.1,815.1,train,030_2019_succor,succor,koma_02779_030_2019_succor__succor__page0046
4829,1824,1,0.6757,1426.8,309.0,1713.0,785.9,train,regions_ako5ver2_koma_panels_20260729,ako_2017,koma_0026_page0013
4830,3527,1,0.3204,28.1,74.3,1078.7,886.3,train,041_2021_akogoods,ako_2020-22,koma_03244_041_2021_akogoods__akogoods__page0029
4831,4947,2,0.8197,49.5,343.6,492.8,790.4,train,015_2017_pink,pink,koma_01504_015_2017_pink__pink__page0038
4832,2395,1,0.8625,504.5,548.2,843.0,847.0,test_series,007_2016_phantom,phantom,koma_00517_007_2016_phantom__PhantomThief__page0029
4833,374,2,0.8731,1461.2,731.6,2396.4,1574.1,test_panel,049_2022_akogoods,ako_2020-22,koma_03639_049_2022_akogoods__akogoods__page0053
4834,2956,2,0.8168,1279.4,34.9,1721.5,663.1,test_panel,008_2016_poolsideIdle,poolsideidle,koma_00539_008_2016_poolsideIdle__poolside__page0001
4835,3315,2,0.7453,854.7,450.2,1391.2,1191.5,test_series,010_2016_suc,suc,koma_00666_010_2016_suc__subbcubussBK__page0011
4836,3494,3,0.4147,1922.9,383.1,2339.7,841.4,train,030_2019_succor,succor,koma_02829_030_2019_succor__succor__page0057
4837,4389,1,0.8433,285.6,445.1,848.2,937.0,train,043_2021_hero,hero,koma_03479_043_2021_hero__hero__page0015
4838,3502,2,0.8749,501.8,734.6,760.2,957.6,test_panel,013_2017_gakusai1-3DL,gakusai,koma_00980_013_2017_gakusai1-3DL__1__page0004
4839,3073,1,0.8584,583.8,248.8,948.1,622.3,test_series,027_2019_ben,ben,koma_02344_027_2019_ben__ben__page0004
4840,2688,2,0.3537,424.1,1822.6,725.4,2077.2,train,019_2018_ako7,ako_2018-19,koma_01929_019_2018_ako7__ako7__page0089
4841,1723,4,0.4547,1872.6,199.7,2710.2,955.8,train,013_2017_gakusai1-3DL,gakusai,koma_01207_013_2017_gakusai1-3DL__2__page0031
4842,967,1,0.8425,628.7,607.2,1510.8,1623.6,train,069_2024b_fitness,fitness,koma_04569_069_2024b_fitness__kurip__page0004
4843,4058,1,0.744,1436.2,12.5,3422.5,804.7,train,051_2022b_4th,4th,koma_03670_051_2022b_4th__4th__page0007
4844,3897,1,0.823,609.0,899.6,1613.4,1923.8,test_series,027_2019_ben,ben,koma_02369_027_2019_ben__ben__page0009
4845,2582,2,0.4723,257.5,813.9,677.4,1235.3,train,071_2024b_kids,kids,koma_04765_071_2024b_kids__unmerged__page0011
4846,2934,1,0.4761,1194.3,2.8,2280.2,849.7,train,013_2017_gakusai1-3DL,gakusai,koma_01107_013_2017_gakusai1-3DL__2__page0004
4847,247,1,0.8614,1466.4,149.3,2718.7,1348.7,train,regions_fitness_koma_panels_20260729,fitness,koma_0025_page0008
4848,2505,1,0.3359,522.8,1034.8,2156.4,2447.0,train,020_2018_china2,china2,koma_01974_020_2018_china2__china2__page0013
4849,863,3,0.7798,619.0,775.9,1354.4,1839.3,test_series,007_2016_phantom,phantom,koma_00466_007_2016_phantom__PhantomThief__page0006
4850,801,1,0.8523,771.4,1047.3,1895.3,2206.6,train,056_2022b_hyoui_color,hyoui_color,koma_04001_056_2022b_hyoui_color__hyoui__page0044
4851,2041,4,0.3377,361.9,516.6,602.2,758.6,train,008_2016_poolsideIdle,poolsideidle,koma_00612_008_2016_poolsideIdle__poolside__page0020
4852,3310,1,0.7823,349.9,437.8,1186.4,1321.2,train,068_2024b_ako4,ako_2023-24,koma_04494_068_2024b_ako4__ako4__page0004
4853,4250,1,0.8396,1207.9,630.2,1655.8,1122.6,train,029_2019_fringe3,fringe,koma_02491_029_2019_fringe3__fringe3__page0001
4854,1426,3,0.8737,2553.9,625.7,2968.5,1059.8,test_panel,061_2023b_akocultB,ako_2023-24,koma_04108_061_2023b_akocultB__akocultB__page0027
4855,5180,1,0.7944,286.2,0.4,1060.0,588.6,train,026_2019_ako7,ako_2018-19,koma_02229_026_2019_ako7__ako7__page0154
4856,2524,1,0.8479,1159.1,345.3,1773.4,885.5,train,013_2017_gakusai1-3DL,gakusai,koma_01029_013_2017_gakusai1-3DL__1__page0015
4857,2694,1,0.8109,794.9,265.6,1574.6,1094.5,test_panel,048_2022_akocult,ako_2020-22,koma_03626_048_2022_akocult__akocult__page0019
4858,3563,1,0.8684,1804.2,230.4,2261.1,696.2,train,051_2022b_4th,4th,koma_03712_051_2022b_4th__4th__page0022
4859,1472,2,0.8458,1264.0,393.1,1762.3,895.6,train,regions_ako5ver2_koma_panels_20260729,ako_2017,koma_0123_page0048
4860,2591,1,0.7777,-15.4,248.0,1315.8,1623.8,train,003_2016_avbu,avbu,koma_00134_003_2016_avbu__avb__page0027
4861,2909,2,0.6702,2545.1,6.3,2914.4,389.8,train,008_2016_poolsideIdle,poolsideidle,koma_00580_008_2016_poolsideIdle__poolside__page0012
4862,1796,1,0.8645,312.1,427.1,1146.5,1236.9,train,044_2021_nanami,nurse+nanami,koma_03558_044_2021_nanami__root__a
4863,206,1,0.4697,2126.6,617.1,2635.3,1051.9,test_panel,regions_4th_koma_panels_20260801,4th,koma_0068_page0017
4864,411,1,0.8776,991.7,1130.5,1773.0,1915.3,train,064_2024_ako3,ako_2023-24,koma_04263_064_2024_ako3__ako3__page0031
4865,1,4,0.6846,1741.9,4909.4,2634.4,6179.6,train,013_2017_gakusai1-3DL,gakusai,koma_01236_013_2017_gakusai1-3DL__3__page0003
4866,1248,1,0.8645,1408.8,346.9,1921.5,779.1,test_series,007_2016_phantom,phantom,koma_00530_007_2016_phantom__PhantomThief__page0032
4867,946,1,0.8129,584.6,160.9,1219.0,811.1,train,021_2018_comics4,comics4,koma_02053_021_2018_comics4__china_v2_china__page0020
4868,3390,1,0.8637,634.1,845.5,1007.8,1241.1,train,020_2018_china2,china2,koma_01950_020_2018_china2__china2__page0007
4869,1232,2,0.8368,68.5,522.9,429.2,889.6,train,030_2019_succor,succor,koma_02635_030_2019_succor__succor__page0008
4870,5,1,0.8795,1874.3,642.7,2962.1,1647.2,train,013_2017_gakusai1-3DL,gakusai,koma_01180_013_2017_gakusai1-3DL__2__page0024
4871,3163,1,0.8388,339.7,609.6,1009.6,1273.2,train,013_2017_gakusai1-3DL,gakusai,koma_01038_013_2017_gakusai1-3DL__1__page0018
4872,1368,1,0.7983,1262.9,-20.0,2463.7,1132.5,test_panel,018_2018_ako6,ako_2018-19,koma_01856_018_2018_ako6__done6__ako6-54
4873,4473,1,0.8166,890.5,35.2,1194.2,357.9,train,072_2024c_ako,ako_2023-24,koma_04854_072_2024c_ako__ako4__page0047
4874,3353,1,0.8418,633.9,574.1,1303.4,1207.9,train,013_2017_gakusai1-3DL,gakusai,koma_00996_013_2017_gakusai1-3DL__1__page0008
4875,2782,1,0.8704,695.7,660.2,1103.3,1103.4,train,029_2019_fringe3,fringe,koma_02496_029_2019_fringe3__fringe3__page0002
4876,115,1,0.8431,980.7,1571.1,1970.9,2593.2,test_series,014_2017_kacho,kacho,koma_01410_014_2017_kacho__kacho__page0043
4877,1211,1,0.8145,1158.0,105.6,1507.5,724.1,train,013_2017_gakusai1-3DL,gakusai,koma_01108_013_2017_gakusai1-3DL__2__page0004
4878,3522,1,0.7852,-2.2,264.2,619.4,1091.4,test_panel,004_2016_gal,gal,koma_00159_004_2016_gal__root__page0006
4879,4795,1,0.7193,1422.3,4.9,3101.0,1169.2,test_panel,030_2019_succor,succor,koma_02860_030_2019_succor__succor__page0079
4880,5106,1,0.8632,121.3,1425.5,569.2,1875.3,train,026_2019_ako7,ako_2018-19,koma_02186_026_2019_ako7__ako7__page0070
4881,295,1,0.8598,1125.9,184.9,1947.9,1139.9,test_panel,regions_fitness_koma_panels_20260729,fitness,koma_0073_page0022
4882,4149,1,0.5489,1216.1,139.5,1903.4,737.9,test_series,007_2016_phantom,phantom,koma_00513_007_2016_phantom__PhantomThief__page0027
4883,2043,3,0.6044,645.3,1723.6,894.9,1949.8,train,030_2019_succor,succor,koma_02765_030_2019_succor__succor__page0042
4884,294,1,0.8633,170.1,825.7,1237.2,1895.4,test_panel,018_2018_ako6,ako_2018-19,koma_01699_018_2018_ako6__ako6__page0055
4885,335,1,0.8428,2643.0,502.6,4103.5,1750.2,train,013_2017_gakusai1-3DL,gakusai,koma_01214_013_2017_gakusai1-3DL__2__page0033
4886,322,1,0.7927,1724.6,-31.0,3911.9,2125.2,test_panel,072_2024c_ako,ako_2023-24,koma_04824_072_2024c_ako__ako4__page0033
4887,4630,1,0.8735,665.4,589.9,1038.4,936.6,train,013_2017_gakusai1-3DL,gakusai,koma_01248_013_2017_gakusai1-3DL__3__page0006
4888,4787,1,0.8123,731.1,547.3,850.5,688.1,test_series,007_2016_phantom,phantom,koma_00448_007_2016_phantom__PhantomThief__page0003
4889,167,1,0.8646,2832.7,60.8,3385.6,560.3,train,032_2019b_ako8,ako_2018-19,koma_02900_032_2019b_ako8__ako8__page0018
4890,1570,1,0.6428,364.0,92.9,1244.8,1087.7,test_series,regions_hamlabi_koma_panels_20260729,hamlabi,koma_0028_page0011
4891,466,1,0.8216,2874.0,152.2,3262.8,560.4,train,003_2016_avbu,avbu,koma_00130_003_2016_avbu__avb__page0018
4892,5159,1,0.8216,512.7,304.3,915.3,761.4,test_panel,041_2021_akogoods,ako_2020-22,koma_03315_041_2021_akogoods__akogoods__page0076
4893,4066,1,0.8115,373.4,645.2,1060.4,1200.0,train,013_2017_gakusai1-3DL,gakusai,koma_01028_013_2017_gakusai1-3DL__1__page0015
4894,541,3,0.7612,2362.9,339.5,2911.7,760.5,train,regions_ako5ver2_koma_panels_20260729,ako_2017,koma_0009_page0003
4895,3209,2,0.8241,914.9,282.3,1436.7,766.9,train,013_2017_gakusai1-3DL,gakusai,koma_01288_013_2017_gakusai1-3DL__3__page0015
4896,155,1,0.8351,527.1,160.4,1211.8,944.5,train,regions_gakuen_koma_panels_20260729,gakuen,koma_0014_page0004
4897,1079,1,0.8487,936.4,-6.3,1616.2,478.3,test_series,009_2016_riko,riko,koma_00625_009_2016_riko__lozx__page0005
4898,1005,2,0.8251,871.3,-14.9,1592.7,775.1,train,004_2016_gal,gal,koma_00227_004_2016_gal__gal__page0010
4899,2427,1,0.821,2279.2,110.1,2846.3,943.7,test_series,027_2019_ben,ben,koma_02375_027_2019_ben__ben__page0010
4900,2729,2,0.8385,1924.9,274.7,2387.3,764.4,test_series,014_2017_kacho,kacho,koma_01361_014_2017_kacho__done2__kacho09
4901,883,1,0.8352,3393.2,1.5,4595.2,547.1,test_panel,056_2022b_hyoui_color,hyoui_color,koma_03953_056_2022b_hyoui_color__hyoui__page0030
4902,4551,1,0.6121,302.9,375.5,853.9,1022.5,train,regions_4th_koma_panels_20260801,4th,koma_0085_page0021
4903,2142,1,0.8581,683.4,324.2,1359.3,919.8,train,030_2019_succor,succor,koma_02682_030_2019_succor__succor__page0024
4904,1862,2,0.4772,1112.4,2.1,1664.7,382.0,train,015_2017_pink,pink,koma_01438_015_2017_pink__done1__pink19
4905,1987,1,0.8405,106.3,584.9,651.6,1107.9,train,002_2016_aljanne2,aljanne2,koma_00056_002_2016_aljanne2__aljanne2__page0009
4906,3535,2,0.7724,941.5,570.0,1641.3,1337.7,train,017_2017_stoptime,stoptime,koma_01621_017_2017_stoptime__stp__page0004
4907,4636,1,0.7667,-0.9,269.8,647.6,930.5,train,008_2016_poolsideIdle,poolsideidle,koma_00606_008_2016_poolsideIdle__poolside__page0019
4908,1374,1,0.8237,1361.5,1132.8,1795.9,1665.6,train,041_2021_akogoods,ako_2020-22,koma_03228_041_2021_akogoods__akogoods__page0025
4909,687,1,0.8666,629.6,17.5,1631.6,922.2,train,056_2022b_hyoui_color,hyoui_color,koma_03891_056_2022b_hyoui_color__hyoui__page0018
4910,1334,2,0.8208,2460.8,177.7,3238.5,1060.0,train,016_2017_running,running,koma_01601_016_2017_running__running__page0038
4911,3383,1,0.8115,533.6,419.6,1513.4,1367.5,train,regions_4th_koma_panels_20260801,4th,koma_0153_page0036
4912,1454,1,0.8407,654.1,527.9,1399.3,1365.3,test_panel,018_2018_ako6,ako_2018-19,koma_01681_018_2018_ako6__ako6__page0032
4913,531,1,0.8137,767.7,186.0,1949.6,1441.9,train,021_2018_comics4,comics4,koma_02002_021_2018_comics4__china_v2_china__page0001
4914,3586,1,0.7798,135.7,687.3,267.7,888.2,test_panel,068_2024b_ako4,ako_2023-24,koma_04499_068_2024b_ako4__ako4__page0004
4915,1881,1,0.5103,406.5,2.9,853.1,462.8,test_panel,061_2023b_akocultB,ako_2023-24,koma_04090_061_2023b_akocultB__akocultB__page0017
4916,1719,1,0.5712,1169.7,51.5,1541.3,915.7,test_series,005_2016_ng,ng,koma_00266_005_2016_ng__ng__page0003
4917,1175,1,0.8577,1211.7,178.1,1755.7,733.2,train,regions_ako5ver2_koma_panels_20260729,ako_2017,koma_0046_page0021
4918,877,1,0.8551,3664.8,525.9,4053.6,891.5,train,017_2017_stoptime,stoptime,koma_01645_017_2017_stoptime__stp__page0010
4919,1093,1,0.8345,15.4,653.5,937.7,1570.0,train,030_2019_succor,succor,koma_02745_030_2019_succor__succor__page0038
4920,404,2,0.8141,3064.2,-2.5,3980.4,528.3,train,013_2017_gakusai1-3DL,gakusai,koma_01271_013_2017_gakusai1-3DL__3__page0010
4921,280,2,0.8445,1258.5,159.2,2427.6,1281.7,train,041_2021_akogoods,ako_2020-22,koma_03160_041_2021_akogoods__akogoods__page0007
4922,3672,1,0.7845,895.4,148.8,2003.1,1138.5,train,017_2017_stoptime,stoptime,koma_01638_017_2017_stoptime__stp__page0008
4923,4161,1,0.865,412.2,324.5,904.0,836.0,train,029_2019_fringe3,fringe,koma_02497_029_2019_fringe3__fringe3__page0002
4924,209,1,0.4697,2126.6,617.1,2635.3,1051.9,test_panel,051_2022b_4th,4th,koma_03699_051_2022b_4th__4th__page0017
4925,2988,1,0.7947,657.9,289.3,1373.5,1116.4,train,regions_4th_koma_panels_20260801,4th,koma_0080_page0020
4926,1618,1,0.8266,317.6,317.9,1194.4,1172.2,train,037_2020_ako9,ako_2020-22,koma_03025_037_2020_ako9__ako9__page0036
4927,4588,1,0.635,69.1,655.2,785.7,1291.9,train,043_2021_hero,hero,koma_03495_043_2021_hero__hero__page0050
4928,1989,4,0.771,1319.8,879.8,1557.5,1276.3,test_panel,021_2018_comics4,comics4,koma_02168_021_2018_comics4__underworld_underworld__page0010
4929,2562,1,0.8417,551.6,644.9,1153.0,1186.0,train,043_2021_hero,hero,koma_03526_043_2021_hero__hero__page0063
4930,467,1,0.8573,2230.6,911.9,3549.7,2100.7,train,013_2017_gakusai1-3DL,gakusai,koma_00991_013_2017_gakusai1-3DL__1__page0007
4931,2447,1,0.8637,527.9,374.2,1222.3,1074.5,train,041_2021_akogoods,ako_2020-22,koma_03321_041_2021_akogoods__akogoods__page0077
4932,1912,1,0.8149,700.6,718.8,943.6,987.9,test_panel,072_2024c_ako,ako_2023-24,koma_04841_072_2024c_ako__ako4__page0042
4933,1966,1,0.8626,3066.7,3.6,3572.6,457.1,test_panel,017_2017_stoptime,stoptime,koma_01637_017_2017_stoptime__stp__page0008
4934,3837,1,0.8461,743.4,1068.3,1046.5,1395.9,train,011_2017_ako5,ako_2017,koma_00742_011_2017_ako5__ako5__page0050
4935,2772,1,0.8183,463.3,493.4,931.4,1056.1,train,043_2021_hero,hero,koma_03528_043_2021_hero__hero__page0063
4936,4468,1,0.8071,500.1,307.1,1255.1,1061.0,test_panel,013_2017_gakusai1-3DL,gakusai,koma_01170_013_2017_gakusai1-3DL__2__page0022
4937,1117,1,0.8163,688.2,771.3,1987.8,2077.6,train,011_2017_ako5,ako_2017,koma_00790_011_2017_ako5__ako5__page0074
4938,791,2,0.6028,1878.0,348.9,2490.5,1598.0,train,053_2022b_akocult,ako_2020-22,koma_03772_053_2022b_akocult__akocult__page0034
4939,2775,1,0.7957,-4.2,856.0,911.7,2259.4,train,032_2019b_ako8,ako_2018-19,koma_02905_032_2019b_ako8__ako8__page0047
4940,157,1,0.8706,3276.8,111.4,4014.9,701.8,train,regions_4th_koma_panels_20260801,4th,koma_0103_page0024
4941,3287,1,0.8325,420.9,238.9,980.4,802.1,train,041_2021_akogoods,ako_2020-22,koma_03279_041_2021_akogoods__akogoods__page0051
4942,2161,1,0.8327,954.5,159.4,1656.4,901.3,test_panel,042_2021_akokate,ako_2020-22,koma_03381_042_2021_akokate__akokatei__page0020
4943,524,2,0.6932,2708.2,1130.6,2941.2,1276.0,train,regions_ako5ver2_koma_panels_20260729,ako_2017,koma_0011_page0003
4944,1102,1,0.8164,243.7,664.9,1486.2,1859.3,train,026_2019_ako7,ako_2018-19,koma_02233_026_2019_ako7__ako7__page0156
4945,1399,1,0.8648,752.9,258.0,1484.5,1021.7,train,069_2024b_fitness,fitness,koma_04568_069_2024b_fitness__kurip__page0003
4946,4604,1,0.7819,-0.3,128.8,189.9,533.6,train,008_2016_poolsideIdle,poolsideidle,koma_00595_008_2016_poolsideIdle__poolside__page0016
4947,754,1,0.8573,521.1,406.2,1375.8,1171.8,train,011_2017_ako5,ako_2017,koma_00809_011_2017_ako5__ako5__page0084
4948,524,3,0.6626,2075.9,204.9,2307.1,453.3,train,regions_ako5ver2_koma_panels_20260729,ako_2017,koma_0011_page0003
4949,3214,2,0.3568,1082.3,202.2,1172.9,301.9,train,021_2018_comics4,comics4,koma_02169_021_2018_comics4__underworld_underworld__page0010
4950,3629,1,0.386,364.4,288.9,1831.9,1825.1,test_panel,026_2019_ako7,ako_2018-19,koma_02266_026_2019_ako7__ako7__page0179
4951,5114,1,0.7554,1262.8,10.7,2416.0,493.6,train,019_2018_ako7,ako_2018-19,koma_01903_019_2018_ako7__ako7__page0067
4952,2347,2,0.8366,1428.2,269.8,2054.0,967.3,train,041_2021_akogoods,ako_2020-22,koma_03322_041_2021_akogoods__akogoods__page0077
4953,3025,1,0.8338,782.2,81.2,1234.4,591.6,train,030_2019_succor,succor,koma_02676_030_2019_succor__succor__page0021
4954,1561,1,0.8008,549.6,655.4,758.9,938.7,train,026_2019_ako7,ako_2018-19,koma_02272_026_2019_ako7__ako7__page0180
4955,4925,1,0.7668,415.3,6.5,1722.7,627.8,test_panel,019_2018_ako7,ako_2018-19,koma_01900_019_2018_ako7__ako7__page0018
4956,2372,2,0.746,1944.6,259.4,2201.4,610.8,train,072_2024c_ako,ako_2023-24,koma_04815_072_2024c_ako__ako4__page0030
4957,938,1,0.7817,28.2,552.8,1121.0,1298.8,train,051_2022b_4th,4th,koma_03742_051_2022b_4th__4th__page0031
4958,3917,1,0.8304,685.3,464.9,1207.1,983.4,train,013_2017_gakusai1-3DL,gakusai,koma_00981_013_2017_gakusai1-3DL__1__page0004
4959,1144,1,0.82,239.5,528.2,1480.7,1705.8,train,040_2020b_nurse,nurse+nanami,koma_03124_040_2020b_nurse__pumpkin__page0004
4960,1543,2,0.4847,1795.8,868.8,2305.9,1524.7,train,004_2016_gal,gal,koma_00203_004_2016_gal__root__page0020
4961,587,2,0.7938,470.2,367.3,1055.7,1182.7,train,013_2017_gakusai1-3DL,gakusai,koma_01338_013_2017_gakusai1-3DL__3__page0029
4962,5141,1,0.8416,654.7,49.3,1182.4,598.3,test_panel,028_2019_fringe,fringe,koma_02462_028_2019_fringe__fringe_01__page0019
4963,2405,1,0.3365,71.7,129.3,1536.6,1492.7,train,069_2024b_fitness,fitness,koma_04643_069_2024b_fitness__kurip__page0026
4964,3201,3,0.856,1783.7,284.4,2095.5,661.0,test_panel,030_2019_succor,succor,koma_02783_030_2019_succor__succor__page0047
4965,1425,1,0.7922,532.1,527.7,906.8,1045.4,test_panel,026_2019_ako7,ako_2018-19,koma_02311_026_2019_ako7__done__road13
4966,1228,1,0.8124,208.4,351.8,525.0,692.6,test_panel,regions_4th_koma_panels_20260801,4th,koma_0055_page0014
4967,2706,3,0.858,13.7,309.1,448.9,738.8,test_series,027_2019_ben,ben,koma_02367_027_2019_ben__ben__page0008
4968,634,2,0.8654,2058.4,76.1,2787.5,822.6,train,001_2015_gakusai3,gakusai,koma_00001_001_2015_gakusai3__tmp3_gakusai3__page0033
4969,2808,1,0.5142,139.7,285.1,1442.9,1603.7,train,008_2016_poolsideIdle,poolsideidle,koma_00599_008_2016_poolsideIdle__poolside__page0017
4970,3074,1,0.8393,274.2,985.8,958.4,1735.9,train,011_2017_ako5,ako_2017,koma_00869_011_2017_ako5__done4__ako5-23
4971,1264,1,0.6791,1697.9,487.4,2486.1,1576.2,train,042_2021_akokate,ako_2020-22,koma_03396_042_2021_akokate__akokatei__page0028
4972,592,1,0.7932,-0.4,34.1,1095.0,1416.8,train,013_2017_gakusai1-3DL,gakusai,koma_01079_013_2017_gakusai1-3DL__1__page0027
4973,3613,1,0.8633,2562.9,596.8,3270.9,1322.3,test_series,014_2017_kacho,kacho,koma_01356_014_2017_kacho__done2__kacho06
4974,2277,1,0.8543,1719.2,329.7,2018.9,642.8,train,068_2024b_ako4,ako_2023-24,koma_04500_068_2024b_ako4__ako4__page0004
4975,1574,1,0.8242,1574.8,489.4,1870.2,828.4,train,015_2017_pink,pink,koma_01521_015_2017_pink__pink__page0044
4976,712,1,0.6618,1661.4,998.7,2060.7,1512.9,train,043_2021_hero,hero,koma_03471_043_2021_hero__hero__page0006
4977,1294,2,0.8204,0.3,3.8,1256.2,1273.9,train,049_2022_akogoods,ako_2020-22,koma_03640_049_2022_akogoods__akogoods__page0053
4978,1562,1,0.8207,94.7,243.6,1181.1,1310.3,train,013_2017_gakusai1-3DL,gakusai,koma_01016_013_2017_gakusai1-3DL__1__page0012
4979,4432,1,0.8269,519.8,101.0,1279.3,922.0,train,018_2018_ako6,ako_2018-19,koma_01789_018_2018_ako6__done2__ako6-12
4980,2587,2,0.8147,2095.5,169.5,2386.5,426.1,train,013_2017_gakusai1-3DL,gakusai,koma_01097_013_2017_gakusai1-3DL__1__page0031
4981,501,2,0.8197,630.3,624.1,1486.6,1848.1,train,032_2019b_ako8,ako_2018-19,koma_02883_032_2019b_ako8__ako8__page0003
4982,4483,1,0.8661,110.9,482.0,425.8,811.5,train,015_2017_pink,pink,koma_01421_015_2017_pink__done1__pink11
4983,4419,1,0.6785,171.6,289.3,670.1,621.1,test_panel,regions_4th_koma_panels_20260801,4th,koma_0058_page0014
4984,75,1,0.8695,1501.2,486.9,2367.1,1355.5,train,021_2018_comics4,comics4,koma_02044_021_2018_comics4__china_v2_china__page0013
4985,3720,1,0.7672,97.2,460.4,855.0,1281.7,train,043_2021_hero,hero,koma_03506_043_2021_hero__hero__page0055
4986,1549,1,0.8783,327.2,568.1,950.9,1144.8,test_series,010_2016_suc,suc,koma_00664_010_2016_suc__subbcubussBK__page0010
4987,1076,6,0.7434,2072.3,506.3,2375.4,782.2,train,030_2019_succor,succor,koma_02609_030_2019_succor__succor__page0004
4988,1697,1,0.6468,953.5,-6.4,2037.7,1076.5,train,021_2018_comics4,comics4,koma_02087_021_2018_comics4__mars_v2_mars_manuscript__page0008
4989,1989,3,0.8224,1345.2,242.4,1618.9,688.2,test_panel,021_2018_comics4,comics4,koma_02168_021_2018_comics4__underworld_underworld__page0010
4990,1533,2,0.783,283.6,252.1,699.2,673.3,train,019_2018_ako7,ako_2018-19,koma_01931_019_2018_ako7__ako7__page0089
4991,5216,2,0.5259,-13.2,1079.0,61.4,1226.4,train,013_2017_gakusai1-3DL,gakusai,koma_01212_013_2017_gakusai1-3DL__2__page0032
4992,1073,3,0.7939,2475.8,31.0,2855.7,571.2,test_series,006_2016_pc,pc,koma_00425_006_2016_pc__works__page0012
4993,3920,3,0.779,728.2,449.2,972.3,775.5,test_panel,029_2019_fringe3,fringe,koma_02503_029_2019_fringe3__fringe3__page0003
4994,2130,2,0.6007,2114.9,6.1,2821.6,746.9,test_series,005_2016_ng,ng,koma_00333_005_2016_ng__新しいフォルダー_n__page0001
4995,3247,2,0.484,723.3,25.9,1539.5,1224.6,train,016_2017_running,running,koma_01544_016_2017_running__done__running11
4996,604,1,0.8586,925.8,540.2,1663.2,1318.4,test_panel,018_2018_ako6,ako_2018-19,koma_01758_018_2018_ako6__ako6__page0120
4997,992,4,0.6556,2204.9,866.4,2344.6,1005.7,test_panel,021_2018_comics4,comics4,koma_02008_021_2018_comics4__china_v2_china__page0002
4998,2614,2,0.4134,2350.1,645.1,2889.4,1182.2,train,030_2019_succor,succor,koma_02692_030_2019_succor__succor__page0026
4999,1492,3,0.8644,885.0,150.4,1427.9,685.4,test_panel,013_2017_gakusai1-3DL,gakusai,koma_01222_013_2017_gakusai1-3DL__2__page0034
5000,594,1,0.8796,353.3,952.3,1203.6,1751.0,train,013_2017_gakusai1-3DL,gakusai,koma_01211_013_2017_gakusai1-3DL__2__page0032
5001,539,1,0.8056,1220.0,202.6,1877.8,813.6,train,051_2022b_4th,4th,koma_03757_051_2022b_4th__4th__page0036
5002,3848,1,0.834,88.7,281.6,700.8,872.7,train,030_2019_succor,succor,koma_02771_030_2019_succor__succor__page0044
5003,4057,1,0.79,211.3,63.6,933.9,803.8,test_series,009_2016_riko,riko,koma_00621_009_2016_riko__lozx__page0004
5004,2845,1,0.8212,480.6,357.1,1417.6,1266.0,train,020_2018_china2,china2,koma_01938_020_2018_china2__china2__page0004
5005,3849,1,0.478,850.7,261.2,1619.2,1309.5,test_panel,026_2019_ako7,ako_2018-19,koma_02292_026_2019_ako7__done__ako7-35
5006,1496,2,0.8655,520.1,884.9,1042.5,1543.9,train,019_2018_ako7,ako_2018-19,koma_01917_019_2018_ako7__ako7__page0071
5007,1744,3,0.6343,491.8,993.4,745.3,1289.7,train,047_2022_4th,4th,koma_03594_047_2022_4th__4th__page0013
5008,1637,1,0.8637,459.5,472.6,1350.6,1366.2,test_series,006_2016_pc,pc,koma_00398_006_2016_pc__works__page0004
5009,666,1,0.7248,606.8,241.1,839.5,454.3,test_series,036_2020_UNI,uni,koma_02937_036_2020_UNI__UNI_works__page0008
5010,3210,1,0.8762,1015.7,2.8,1708.9,616.5,test_panel,028_2019_fringe,fringe,koma_02447_028_2019_fringe__fringe_01__page0015
5011,3405,1,0.7998,8.4,367.1,660.8,1211.9,train,029_2019_fringe3,fringe,koma_02552_029_2019_fringe3__fringe3__page0013
5012,2480,1,0.7453,2018.7,250.2,2213.9,428.6,train,regions_ako5ver2_koma_panels_20260729,ako_2017,koma_0018_page0008
5013,812,1,0.8149,1129.7,535.5,2050.1,1577.3,train,regions_fitness_koma_panels_20260729,fitness,koma_0012_page0005
5014,3961,1,0.6314,2536.2,1220.9,3324.8,1459.6,test_panel,041_2021_akogoods,ako_2020-22,koma_03310_041_2021_akogoods__akogoods__page0074
5015,2428,1,0.7824,258.6,866.5,733.3,1675.6,test_series,006_2016_pc,pc,koma_00430_006_2016_pc__works__page0014
5016,95,1,0.838,462.5,457.8,1505.6,1573.0,test_series,regions_hamlabi_koma_panels_20260729,hamlabi,koma_0016_page0009
5017,3958,1,0.7989,290.3,316.3,1050.2,1228.7,train,013_2017_gakusai1-3DL,gakusai,koma_01334_013_2017_gakusai1-3DL__3__page0027
5018,3019,2,0.8283,54.0,1063.7,572.3,1592.6,train,042_2021_akokate,ako_2020-22,koma_03415_042_2021_akokate__akokatei__page0039
5019,624,1,0.8356,1015.9,1916.0,1900.3,2911.8,train,029_2019_fringe3,fringe,koma_02555_029_2019_fringe3__fringe3__page0014
5020,1995,1,0.8484,285.0,802.5,650.0,1151.3,train,regions_fitness_koma_panels_20260729,fitness,koma_0010_page0004
5021,4833,1,0.5767,681.4,1366.6,1090.9,1922.3,train,030_2019_succor,succor,koma_02727_030_2019_succor__succor__page0035
5022,1517,2,0.7863,-4.6,304.2,699.6,1481.4,train,065_2024_ako3B,ako_2023-24,koma_04343_065_2024_ako3B__ako3B__page0015
5023,4552,1,0.7347,3103.7,142.9,3298.2,390.4,train,029_2019_fringe3,fringe,koma_02572_029_2019_fringe3__fringe3__page0017
5024,3818,1,0.7792,630.9,330.5,1272.6,1332.1,train,042_2021_akokate,ako_2020-22,koma_03422_042_2021_akokate__akokatei__page0047
5025,612,1,0.8471,1428.2,1231.3,2479.4,2266.0,test_panel,011_2017_ako5,ako_2017,koma_00726_011_2017_ako5__ako5__page0039
5026,720,3,0.3619,494.5,999.6,726.4,1278.7,train,regions_4th_koma_panels_20260801,4th,koma_0051_page0013
5027,1495,2,0.8076,2035.1,135.3,2664.9,723.3,train,019_2018_ako7,ako_2018-19,koma_01910_019_2018_ako7__ako7__page0069
5028,503,1,0.8231,478.8,428.7,1923.0,1799.9,test_panel,069_2024b_fitness,fitness,koma_04619_069_2024b_fitness__kurip__page0018
5029,2021,1,0.7962,1095.6,1039.2,1412.7,1523.7,train,051_2022b_4th,4th,koma_03680_051_2022b_4th__4th__page0009
5030,2792,1,0.8701,1430.8,335.4,1725.9,636.6,test_series,027_2019_ben,ben,koma_02415_027_2019_ben__ben__page0017
5031,1486,1,0.8683,1257.0,649.7,1876.1,1227.0,test_panel,039_2020b_ako10,ako_2020-22,koma_03063_039_2020b_ako10__aco10__page0014
5032,1052,1,0.8609,774.9,182.1,1748.8,956.2,train,020_2018_china2,china2,koma_01983_020_2018_china2__china2__page0015
5033,3283,1,0.8521,467.5,439.5,892.4,856.9,train,064_2024_ako3,ako_2023-24,koma_04218_064_2024_ako3__ako3__page0009
5034,3572,1,0.8206,1267.3,124.3,1642.4,640.9,train,071_2024b_kids,kids,koma_04717_071_2024b_kids__milking__page0013
5035,4934,1,0.444,1557.8,13.5,2260.8,589.7,test_panel,018_2018_ako6,ako_2018-19,koma_01701_018_2018_ako6__ako6__page0056
5036,1559,1,0.8091,906.0,39.1,2052.2,1196.9,train,026_2019_ako7,ako_2018-19,koma_02189_026_2019_ako7__ako7__page0070
5037,593,1,0.7982,477.9,1530.5,1354.5,2431.2,train,026_2019_ako7,ako_2018-19,koma_02225_026_2019_ako7__ako7__page0152
5038,624,2,0.372,1560.6,422.9,2364.2,1197.4,train,029_2019_fringe3,fringe,koma_02555_029_2019_fringe3__fringe3__page0014
5039,4750,1,0.8212,876.9,160.2,1503.6,805.2,test_panel,013_2017_gakusai1-3DL,gakusai,koma_01273_013_2017_gakusai1-3DL__3__page0011
5040,1849,6,0.8221,584.5,402.3,838.8,655.5,train,030_2019_succor,succor,koma_02608_030_2019_succor__succor__page0002
5041,4400,1,0.8515,706.8,657.8,992.3,969.4,train,056_2022b_hyoui_color,hyoui_color,koma_03865_056_2022b_hyoui_color__hyoui__page0010
5042,811,1,0.8178,1334.3,748.9,2015.4,1460.4,test_panel,021_2018_comics4,comics4,koma_02123_021_2018_comics4__underworld_underworld__page0001
5043,776,2,0.8511,2413.5,638.5,2844.4,1125.6,test_panel,042_2021_akokate,ako_2020-22,koma_03373_042_2021_akokate__akokatei__page0019
5044,3184,1,0.856,354.8,388.9,595.0,684.9,train,regions_ako5ver2_koma_panels_20260729,ako_2017,koma_0165_page0064
5045,3549,2,0.8532,253.8,427.6,579.9,757.0,test_panel,021_2018_comics4,comics4,koma_02054_021_2018_comics4__china_v2_china__page0020
5046,1171,1,0.8047,1115.1,78.8,2593.0,1377.0,train,066_2024_housei,housei,koma_04463_066_2024_housei__kazenagare__page0012
5047,1320,1,0.8207,516.0,175.1,1398.7,1090.6,train,069_2024b_fitness,fitness,koma_04582_069_2024b_fitness__kurip__page0006
5048,5320,1,0.7222,288.7,176.5,591.2,438.0,train,011_2017_ako5,ako_2017,koma_00830_011_2017_ako5__done__ako5-37
5049,1069,1,0.8583,525.3,743.6,1278.1,1408.6,train,012_2017_copy,copy,koma_00965_012_2017_copy__copy__page0036
5050,2370,2,0.6363,863.8,938.8,1325.6,1448.6,train,068_2024b_ako4,ako_2023-24,koma_04501_068_2024b_ako4__ako4__page0006
5051,2826,2,0.8292,226.2,1.4,1414.4,855.8,train,056_2022b_hyoui_color,hyoui_color,koma_04004_056_2022b_hyoui_color__hyoui__page0044
5052,1661,1,0.8154,791.0,381.7,2030.7,1459.8,train,021_2018_comics4,comics4,koma_02058_021_2018_comics4__mars_v2_mars_manuscript__page0001
5053,207,2,0.8453,2093.5,602.4,2623.4,1294.2,train,069_2024b_fitness,fitness,koma_04561_069_2024b_fitness__kurip__page0002
5054,580,1,0.7922,1429.4,896.1,2442.7,1883.2,train,064_2024_ako3,ako_2023-24,koma_04258_064_2024_ako3__ako3__page0023
5055,2627,1,0.8653,998.2,1337.7,1437.4,1758.1,train,026_2019_ako7,ako_2018-19,koma_02313_026_2019_ako7__done__road14
5056,1858,1,0.8651,101.7,219.9,785.2,870.2,train,regions_4th_koma_panels_20260801,4th,koma_0036_page0008
5057,3461,1,0.8158,310.4,905.2,1207.3,1890.5,train,015_2017_pink,pink,koma_01520_015_2017_pink__pink__page0044
5058,934,4,0.8253,312.1,965.7,630.8,1312.3,test_panel,011_2017_ako5,ako_2017,koma_00867_011_2017_ako5__done4__ako5-23
5059,2437,1,0.4841,2073.8,58.1,2951.1,761.4,train,065_2024_ako3B,ako_2023-24,koma_04295_065_2024_ako3B__ako3B__page0003
5060,1406,1,0.854,2580.0,21.0,3786.9,1156.2,test_panel,regions_fitness_koma_panels_20260729,fitness,koma_0095_page0032
5061,993,1,0.8481,497.7,413.1,1347.9,1203.2,test_panel,051_2022b_4th,4th,koma_03731_051_2022b_4th__4th__page0027
5062,4774,1,0.5102,1615.6,122.2,2434.5,862.6,test_panel,026_2019_ako7,ako_2018-19,koma_02217_026_2019_ako7__ako7__page0140
5063,3247,1,0.641,366.9,43.3,1618.0,1182.6,train,016_2017_running,running,koma_01544_016_2017_running__done__running11
5064,1953,2,0.8429,634.2,388.5,836.0,658.0,train,039_2020b_ako10,ako_2020-22,koma_03096_039_2020b_ako10__aco10__page0026
5065,3301,1,0.8725,499.2,472.8,1061.2,1043.2,train,030_2019_succor,succor,koma_02840_030_2019_succor__succor__page0075
5066,4245,1,0.7692,519.1,525.0,1249.1,1256.9,train,071_2024b_kids,kids,koma_04714_071_2024b_kids__milking__page0013
5067,625,3,0.6758,-0.5,521.5,1399.4,2492.6,train,056_2022b_hyoui_color,hyoui_color,koma_03924_056_2022b_hyoui_color__hyoui__page0025
5068,129,1,0.8187,2489.6,2055.9,3460.4,3220.0,train,regions_ako5ver2_koma_panels_20260729,ako_2017,koma_0102_page0041
5069,3222,1,0.5447,275.4,0.5,1003.3,303.4,train,013_2017_gakusai1-3DL,gakusai,koma_01156_013_2017_gakusai1-3DL__2__page0019
5070,3469,1,0.7772,1042.0,212.6,1668.5,904.3,train,043_2021_hero,hero,koma_03465_043_2021_hero__hero__page0002
5071,555,2,0.8321,456.7,524.8,1595.5,1749.0,train,069_2024b_fitness,fitness,koma_04623_069_2024b_fitness__kurip__page0019
5072,4594,1,0.7541,-4.3,345.4,839.7,1261.2,test_panel,018_2018_ako6,ako_2018-19,koma_01808_018_2018_ako6__done3__ako6-22
5073,2432,2,0.6785,508.8,51.7,886.1,535.6,train,013_2017_gakusai1-3DL,gakusai,koma_01057_013_2017_gakusai1-3DL__1__page0022
5074,822,1,0.8712,1164.3,261.1,2183.5,1222.4,test_series,014_2017_kacho,kacho,koma_01350_014_2017_kacho__done__kacho07
5075,4670,1,0.7759,817.3,209.7,1436.7,831.4,test_panel,008_2016_poolsideIdle,poolsideidle,koma_00563_008_2016_poolsideIdle__poolside__page0008
5076,1846,1,0.8293,597.7,336.2,1197.2,984.5,train,021_2018_comics4,comics4,koma_02120_021_2018_comics4__mars_v2_mars_manuscript__page0020
5077,4024,1,0.8145,693.4,300.4,1534.8,1173.1,train,012_2017_copy,copy,koma_00911_012_2017_copy__copy__page0016
5078,693,2,0.6752,2672.4,569.7,2927.7,809.9,train,regions_gakuen_koma_panels_20260729,gakuen,koma_0026_page0008
5079,1089,1,0.8435,469.4,244.9,1323.5,1319.1,train,016_2017_running,running,koma_01550_016_2017_running__done__running20
5080,3016,2,0.7578,975.6,93.0,1782.1,1131.6,test_panel,013_2017_gakusai1-3DL,gakusai,koma_01092_013_2017_gakusai1-3DL__1__page0030
5081,357,1,0.87,922.5,875.1,1474.0,1452.9,train,069_2024b_fitness,fitness,koma_04620_069_2024b_fitness__kurip__page0018
5082,2616,1,0.8193,1423.4,29.3,2230.0,836.8,train,013_2017_gakusai1-3DL,gakusai,koma_01074_013_2017_gakusai1-3DL__1__page0026
5083,4815,1,0.7838,778.1,1521.9,956.2,1725.4,train,043_2021_hero,hero,koma_03538_043_2021_hero__hero__page0070
5084,518,1,0.6873,229.2,187.7,1332.6,1425.7,train,053_2022b_akocult,ako_2020-22,koma_03779_053_2022b_akocult__akocult__page0038
5085,435,1,0.8488,1692.1,129.9,2435.5,929.1,test_panel,042_2021_akokate,ako_2020-22,koma_03355_042_2021_akokate__akokatei__page0014
5086,1703,3,0.3264,-0.5,785.8,132.9,1338.3,train,013_2017_gakusai1-3DL,gakusai,koma_01325_013_2017_gakusai1-3DL__3__page0022
5087,1330,1,0.8305,612.4,1030.2,1106.7,1586.1,train,071_2024b_kids,kids,koma_04735_071_2024b_kids__milking__page0018
5088,3871,1,0.7923,160.7,568.9,918.5,1450.9,train,043_2021_hero,hero,koma_03513_043_2021_hero__hero__page0057
5089,772,2,0.8223,170.0,2220.0,943.8,3029.0,train,029_2019_fringe3,fringe,koma_02540_029_2019_fringe3__fringe3__page0011
5090,1002,1,0.7696,918.9,68.2,1790.1,884.6,train,015_2017_pink,pink,koma_01487_015_2017_pink__pink__page0031
5091,2222,1,0.8192,14.4,711.1,518.0,1276.0,train,018_2018_ako6,ako_2018-19,koma_01779_018_2018_ako6__done__ako6-4
5092,42,2,0.8168,1530.3,226.2,2593.7,1372.5,train,013_2017_gakusai1-3DL,gakusai,koma_01225_013_2017_gakusai1-3DL__2__page0036
5093,4604,2,0.7187,964.2,121.3,1257.7,474.7,train,008_2016_poolsideIdle,poolsideidle,koma_00595_008_2016_poolsideIdle__poolside__page0016
5094,1529,1,0.8589,1334.3,608.8,1786.0,1147.5,train,042_2021_akokate,ako_2020-22,koma_03338_042_2021_akokate__akokatei__page0009
5095,3759,2,0.8596,276.1,246.0,902.0,827.0,test_series,027_2019_ben,ben,koma_02353_027_2019_ben__ben__page0006
5096,356,1,0.8583,413.5,711.9,1470.3,1737.9,test_panel,018_2018_ako6,ako_2018-19,koma_01871_018_2018_ako6__done6__ako6-60
5097,229,1,0.8654,1662.4,257.2,2644.3,1274.0,train,regions_fitness_koma_panels_20260729,fitness,koma_0104_page0037
5098,2885,2,0.8676,1114.9,857.5,1507.8,1235.0,test_series,007_2016_phantom,phantom,koma_00468_007_2016_phantom__PhantomThief__page0007
5099,4416,1,0.8101,345.0,-1.4,868.6,515.3,test_series,014_2017_kacho,kacho,koma_01395_014_2017_kacho__kacho__page0034
5100,1695,2,0.8444,87.7,1358.9,697.6,1903.1,train,041_2021_akogoods,ako_2020-22,koma_03208_041_2021_akogoods__akogoods__page0020
5101,485,1,0.7508,1297.4,357.2,2751.9,1798.8,train,003_2016_avbu,avbu,koma_00119_003_2016_avbu__avb__page0008
5102,1554,2,0.7842,674.3,293.9,1333.8,898.1,train,030_2019_succor,succor,koma_02636_030_2019_succor__succor__page0009
5103,555,1,0.856,233.9,2011.3,1369.3,3166.0,train,069_2024b_fitness,fitness,koma_04623_069_2024b_fitness__kurip__page0019
5104,4300,1,0.7836,608.6,100.7,1302.8,797.8,test_panel,021_2018_comics4,comics4,koma_02108_021_2018_comics4__mars_v2_mars_manuscript__page0012
5105,564,2,0.8043,0.3,505.2,391.2,1348.8,test_series,005_2016_ng,ng,koma_00301_005_2016_ng__ng__page0013
5106,3945,1,0.7764,-2.3,571.5,1108.4,2214.6,test_panel,029_2019_fringe3,fringe,koma_02511_029_2019_fringe3__fringe3__page0005
5107,308,1,0.8015,3279.0,81.5,3920.7,1076.6,train,016_2017_running,running,koma_01592_016_2017_running__running__page0033
5108,3187,1,0.7583,2274.1,547.6,2503.7,839.8,train,030_2019_succor,succor,koma_02867_030_2019_succor__succor__page0080
5109,4209,1,0.8657,1581.5,170.3,1898.5,507.8,test_panel,018_2018_ako6,ako_2018-19,koma_01723_018_2018_ako6__ako6__page0087
5110,685,1,0.879,2029.8,738.9,2803.5,1410.8,train,041_2021_akogoods,ako_2020-22,koma_03195_041_2021_akogoods__akogoods__page0016
5111,4262,1,0.817,81.7,970.8,924.3,1803.2,train,regions_4th_koma_panels_20260801,4th,koma_0018_page0005
5112,964,3,0.8201,2011.5,96.5,2560.9,593.0,train,regions_ako5ver2_koma_panels_20260729,ako_2017,koma_0010_page0003
5113,1899,1,0.847,700.7,304.0,1363.9,1073.4,train,041_2021_akogoods,ako_2020-22,koma_03251_041_2021_akogoods__akogoods__page0035
5114,921,1,0.8548,2557.2,672.0,3508.8,1617.8,train,041_2021_akogoods,ako_2020-22,koma_03188_041_2021_akogoods__akogoods__page0013
5115,4330,1,0.7873,86.3,554.6,929.4,1481.1,test_panel,056_2022b_hyoui_color,hyoui_color,koma_03951_056_2022b_hyoui_color__hyoui__page0030
5116,1100,2,0.7122,1106.5,703.3,1297.1,907.3,train,regions_ako5ver2_koma_panels_20260729,ako_2017,koma_0062_page0026
5117,3574,1,0.7245,1359.9,934.5,1506.5,1114.9,test_series,regions_hamlabi_koma_panels_20260729,hamlabi,koma_0051_page0023
5118,4755,1,0.8082,274.2,524.1,1027.6,1284.6,test_series,063_2023b_hamlabi,hamlabi,koma_04208_063_2023b_hamlabi__works__page0026
5119,4710,1,0.4413,356.2,-1.6,1176.3,656.5,train,021_2018_comics4,comics4,koma_02155_021_2018_comics4__underworld_underworld__page0008
5120,71,1,0.8614,1814.0,346.9,2958.8,1453.8,train,regions_fitness_koma_panels_20260729,fitness,koma_0044_page0014
5121,4837,1,0.6276,657.9,306.0,1496.5,992.9,train,072_2024c_ako,ako_2023-24,koma_04807_072_2024c_ako__ako4__page0024
5122,1636,2,0.7659,1102.6,971.6,1676.9,1626.8,train,030_2019_succor,succor,koma_02798_030_2019_succor__succor__page0050
5123,3255,1,0.8665,1574.1,475.8,2456.4,1325.3,train,026_2019_ako7,ako_2018-19,koma_02304_026_2019_ako7__done__road03
5124,1807,1,0.865,102.0,220.2,785.0,869.8,train,059_2023b_4th,4th,koma_04019_059_2023b_4th__4th__page0008
5125,1016,1,0.8692,1255.8,978.5,2262.1,1855.9,train,030_2019_succor,succor,koma_02708_030_2019_succor__succor__page0029
5126,5183,1,0.8523,1058.1,-4.5,1907.9,699.2,train,018_2018_ako6,ako_2018-19,koma_01792_018_2018_ako6__done2__ako6-13
5127,2,3,0.8391,706.4,899.8,1521.7,1878.9,train,013_2017_gakusai1-3DL,gakusai,koma_01231_013_2017_gakusai1-3DL__3__page0002
5128,2685,1,0.7413,1972.1,1007.6,2098.4,1142.2,train,018_2018_ako6,ako_2018-19,koma_01686_018_2018_ako6__ako6__page0051
5129,1256,1,0.8318,1529.5,383.2,1921.0,775.5,test_panel,008_2016_poolsideIdle,poolsideidle,koma_00540_008_2016_poolsideIdle__poolside__page0001
5130,191,1,0.8234,632.2,31.5,1358.7,688.6,train,004_2016_gal,gal,koma_00195_004_2016_gal__root__page0016
5131,3830,1,0.5473,336.2,336.4,1592.6,1926.9,train,029_2019_fringe3,fringe,koma_02590_029_2019_fringe3__fringe3__page0021
5132,5281,1,0.8068,1133.2,336.1,1271.7,567.1,train,018_2018_ako6,ako_2018-19,koma_01793_018_2018_ako6__done2__ako6-13
5133,940,1,0.7818,2059.1,17.4,3804.9,1686.4,train,069_2024b_fitness,fitness,koma_04670_069_2024b_fitness__kurip__page0038
5134,1412,1,0.8504,57.6,340.4,486.4,766.1,test_series,005_2016_ng,ng,koma_00300_005_2016_ng__ng__page0012
5135,2675,2,0.6341,914.5,-4.8,1543.3,341.6,test_panel,021_2018_comics4,comics4,koma_02010_021_2018_comics4__china_v2_china__page0003
5136,2869,1,0.8487,81.2,391.0,535.5,864.2,train,021_2018_comics4,comics4,koma_02006_021_2018_comics4__china_v2_china__page0002
5137,923,1,0.8178,1030.5,613.5,1855.4,1479.2,test_panel,071_2024b_kids,kids,koma_04754_071_2024b_kids__unmerged__page0009
5138,4811,1,0.7734,9.9,721.9,620.4,2004.6,test_panel,026_2019_ako7,ako_2018-19,koma_02204_026_2019_ako7__ako7__page0133
5139,1373,1,0.8593,217.8,514.3,679.3,935.0,train,028_2019_fringe,fringe,koma_02454_028_2019_fringe__fringe_01__page0017
5140,88,3,0.8244,2663.5,3754.1,3484.4,4146.0,train,003_2016_avbu,avbu,koma_00106_003_2016_avbu__avb__page0004
5141,2448,1,0.7721,657.6,255.5,1231.9,860.0,train,021_2018_comics4,comics4,koma_02107_021_2018_comics4__mars_v2_mars_manuscript__page0012
5142,676,2,0.8005,3626.0,962.3,4073.8,1279.7,train,013_2017_gakusai1-3DL,gakusai,koma_01299_013_2017_gakusai1-3DL__3__page0017
5143,2196,1,0.3397,1146.4,2163.9,1268.3,2367.1,train,017_2017_stoptime,stoptime,koma_01661_017_2017_stoptime__stp__page0016
5144,1000,1,0.5607,1658.8,50.5,3252.7,1246.2,train,regions_gakuen_koma_panels_20260729,gakuen,koma_0043_page0015
5145,999,2,0.4872,767.4,253.7,1086.6,681.9,train,056_2022b_hyoui_color,hyoui_color,koma_03905_056_2022b_hyoui_color__hyoui__page0021
5146,1884,1,0.8627,749.1,1032.9,1189.2,1466.5,train,003_2016_avbu,avbu,koma_00103_003_2016_avbu__avb__page0003
5147,2809,1,0.8315,863.4,575.0,988.6,761.6,test_panel,041_2021_akogoods,ako_2020-22,koma_03161_041_2021_akogoods__akogoods__page0007
5148,745,2,0.8051,30.3,975.9,472.7,1786.5,test_panel,regions_4th_koma_panels_20260801,4th,koma_0124_page0030
5149,4662,1,0.3936,155.3,0.3,1143.8,429.4,train,028_2019_fringe,fringe,koma_02477_028_2019_fringe__fringe_01__page0025
5150,1572,1,0.821,-12.8,1104.6,1067.0,2192.3,train,regions_fitness_koma_panels_20260729,fitness,koma_0072_page0022
5151,3315,1,0.8244,6.7,979.6,696.3,1537.6,test_series,010_2016_suc,suc,koma_00666_010_2016_suc__subbcubussBK__page0011
5152,2848,1,0.7702,-15.2,391.0,1090.7,1664.8,test_panel,003_2016_avbu,avbu,koma_00104_003_2016_avbu__avb__page0003
5153,3147,1,0.819,1033.1,554.9,1657.6,1223.2,train,056_2022b_hyoui_color,hyoui_color,koma_03869_056_2022b_hyoui_color__hyoui__page0011
5154,785,2,0.7722,3.1,2558.4,417.4,3154.2,test_panel,069_2024b_fitness,fitness,koma_04585_069_2024b_fitness__kurip__page0007
5155,3268,1,0.8546,509.2,573.8,991.4,1054.1,train,042_2021_akokate,ako_2020-22,koma_03362_042_2021_akokate__akokatei__page0016
5156,2781,3,0.7747,499.7,933.1,1135.4,1426.0,train,013_2017_gakusai1-3DL,gakusai,koma_01205_013_2017_gakusai1-3DL__2__page0031
5157,724,1,0.7138,502.0,20.7,1470.4,892.7,train,013_2017_gakusai1-3DL,gakusai,koma_01048_013_2017_gakusai1-3DL__1__page0020
5158,3251,1,0.869,602.4,833.2,813.0,1057.0,train,041_2021_akogoods,ako_2020-22,koma_03271_041_2021_akogoods__akogoods__page0049
5159,3797,1,0.6998,159.3,-0.8,596.0,284.3,test_series,014_2017_kacho,kacho,koma_01407_014_2017_kacho__kacho__page0041
5160,1436,2,0.8109,2034.9,133.4,2665.0,724.1,train,026_2019_ako7,ako_2018-19,koma_02182_026_2019_ako7__ako7__page0069
5161,755,2,0.621,15.2,664.1,656.8,1369.9,test_panel,069_2024b_fitness,fitness,koma_04615_069_2024b_fitness__kurip__page0016
5162,932,1,0.8113,1162.2,668.2,2526.3,1811.6,train,016_2017_running,running,koma_01585_016_2017_running__running__page0031
5163,2761,1,0.4588,75.1,285.4,1349.6,1539.6,train,013_2017_gakusai1-3DL,gakusai,koma_01105_013_2017_gakusai1-3DL__2__page0003
5164,732,4,0.8419,737.5,73.2,1490.0,671.7,test_series,014_2017_kacho,kacho,koma_01409_014_2017_kacho__kacho__page0041
5165,1411,1,0.57,441.3,314.0,1942.4,1938.0,test_series,005_2016_ng,ng,koma_00296_005_2016_ng__ng__page0011
5166,245,4,0.7635,304.5,1372.5,498.5,1571.9,train,regions_ako5ver2_koma_panels_20260729,ako_2017,koma_0067_page0027
5167,1049,1,0.8555,2254.0,600.1,2863.8,1468.0,train,018_2018_ako6,ako_2018-19,koma_01735_018_2018_ako6__ako6__page0112
5168,706,2,0.8424,1456.8,205.1,1946.3,772.1,train,016_2017_running,running,koma_01558_016_2017_running__running__page0004
5169,8,4,0.7767,1195.2,887.7,1627.9,1326.0,train,013_2017_gakusai1-3DL,gakusai,koma_01176_013_2017_gakusai1-3DL__2__page0023
5170,816,1,0.8149,1129.7,535.5,2050.1,1577.3,train,069_2024b_fitness,fitness,koma_04575_069_2024b_fitness__kurip__page0005
5171,4845,1,0.8338,709.3,135.7,1061.2,508.4,train,008_2016_poolsideIdle,poolsideidle,koma_00562_008_2016_poolsideIdle__poolside__page0008
5172,4251,1,0.7816,129.0,842.3,354.9,1078.8,train,002_2016_aljanne2,aljanne2,koma_00030_002_2016_aljanne2__aljanne2__page0003
5173,2214,1,0.859,1096.1,575.9,1717.7,1198.6,test_series,014_2017_kacho,kacho,koma_01346_014_2017_kacho__done__kacho03
5174,1576,1,0.8691,273.1,964.3,995.6,1643.1,train,020_2018_china2,china2,koma_01952_020_2018_china2__china2__page0008
5175,2735,2,0.8336,246.0,198.6,578.1,507.8,test_series,063_2023b_hamlabi,hamlabi,koma_04203_063_2023b_hamlabi__works__page0020
5176,279,2,0.8662,2122.1,241.6,2824.6,1082.6,train,042_2021_akokate,ako_2020-22,koma_03331_042_2021_akokate__akokatei__page0007
5177,1812,1,0.8025,-1.5,1211.7,1192.9,2717.5,test_series,014_2017_kacho,kacho,koma_01375_014_2017_kacho__kacho__page0016
5178,4006,1,0.8303,652.5,323.3,785.1,467.8,train,015_2017_pink,pink,koma_01443_015_2017_pink__pink__page0002
5179,2524,2,0.8108,744.0,396.6,1080.4,899.6,train,013_2017_gakusai1-3DL,gakusai,koma_01029_013_2017_gakusai1-3DL__1__page0015
5180,3994,1,0.713,293.1,303.6,502.2,643.1,test_panel,072_2024c_ako,ako_2023-24,koma_04842_072_2024c_ako__ako4__page0042
5181,2327,1,0.7401,359.7,387.5,989.4,1288.9,train,016_2017_running,running,koma_01584_016_2017_running__running__page0030
5182,4998,1,0.7385,295.9,86.3,1107.2,772.2,train,011_2017_ako5,ako_2017,koma_00778_011_2017_ako5__ako5__page0069
5183,2549,2,0.8646,210.8,215.2,634.2,621.6,train,008_2016_poolsideIdle,poolsideidle,koma_00543_008_2016_poolsideIdle__poolside__page0002
5184,590,3,0.7762,832.5,591.5,1575.3,1320.5,test_panel,056_2022b_hyoui_color,hyoui_color,koma_03942_056_2022b_hyoui_color__hyoui__page0028
5185,2041,3,0.5466,-2.3,270.2,177.7,725.0,train,008_2016_poolsideIdle,poolsideidle,koma_00612_008_2016_poolsideIdle__poolside__page0020
5186,729,1,0.4256,193.6,1518.0,1885.4,3072.4,test_panel,053_2022b_akocult,ako_2020-22,koma_03806_053_2022b_akocult__akocult__page0048
5187,1053,1,0.812,706.8,173.7,1552.6,1256.5,test_panel,041_2021_akogoods,ako_2020-22,koma_03149_041_2021_akogoods__akogoods__page0005
5188,590,1,0.7982,3786.8,5.2,4658.1,614.7,test_panel,056_2022b_hyoui_color,hyoui_color,koma_03942_056_2022b_hyoui_color__hyoui__page0028
5189,2806,1,0.8574,507.5,623.3,1018.1,1099.1,train,008_2016_poolsideIdle,poolsideidle,koma_00538_008_2016_poolsideIdle__poolside__page0001
5190,3454,2,0.8178,681.9,123.9,1407.9,1007.6,train,029_2019_fringe3,fringe,koma_02562_029_2019_fringe3__fringe3__page0016
5191,2799,2,0.8624,134.6,829.0,519.5,1190.6,train,012_2017_copy,copy,koma_00970_012_2017_copy__done2__copy07
5192,2667,2,0.8076,1017.3,500.7,1565.0,1245.1,test_series,014_2017_kacho,kacho,koma_01344_014_2017_kacho__done__kacho03
5193,2717,1,0.8183,133.1,253.1,996.1,1007.3,train,021_2018_comics4,comics4,koma_02076_021_2018_comics4__mars_v2_mars_manuscript__page0005
5194,2288,1,0.8435,812.3,1656.7,1094.8,1955.5,train,051_2022b_4th,4th,koma_03661_051_2022b_4th__4th__page0005
5195,658,1,0.8458,1407.2,724.6,2245.0,1520.5,test_panel,013_2017_gakusai1-3DL,gakusai,koma_00979_013_2017_gakusai1-3DL__1__page0004
5196,1477,2,0.8146,1716.1,613.5,3064.5,1949.6,train,032_2019b_ako8,ako_2018-19,koma_02910_032_2019b_ako8__ako8__page0053
5197,958,2,0.8305,1108.7,87.2,1602.9,728.6,train,056_2022b_hyoui_color,hyoui_color,koma_03981_056_2022b_hyoui_color__hyoui__page0037
5198,1465,1,0.8254,413.2,69.3,1510.4,1164.1,train,013_2017_gakusai1-3DL,gakusai,koma_01157_013_2017_gakusai1-3DL__2__page0019
5199,1568,2,0.6794,1022.1,1306.9,1273.0,1588.5,train,037_2020_ako9,ako_2020-22,koma_02956_037_2020_ako9__ako9__page0014
5200,1291,1,0.8384,751.1,202.4,1338.5,1020.1,train,030_2019_succor,succor,koma_02839_030_2019_succor__succor__page0060
5201,1294,1,0.8293,1594.5,4.8,3062.9,1315.4,train,049_2022_akogoods,ako_2020-22,koma_03640_049_2022_akogoods__akogoods__page0053
5202,245,3,0.7822,-0.4,1322.0,153.4,1533.4,train,regions_ako5ver2_koma_panels_20260729,ako_2017,koma_0067_page0027
5203,809,1,0.8526,948.1,160.8,1701.3,960.4,train,regions_ako5ver2_koma_panels_20260729,ako_2017,koma_0115_page0046
5204,1925,1,0.7223,244.3,341.0,1627.8,1737.8,test_series,027_2019_ben,ben,koma_02399_027_2019_ben__ben__page0015
5205,918,2,0.8419,1478.9,357.5,1889.8,1006.7,test_series,005_2016_ng,ng,koma_00343_005_2016_ng__新しいフォルダー_n__page0004
5206,2131,2,0.4631,1214.0,152.0,2285.0,1240.1,train,026_2019_ako7,ako_2018-19,koma_02308_026_2019_ako7__done__road12
5207,4188,1,0.6558,1026.1,457.4,1344.8,745.3,test_series,073_2024c_mayer,mayer,koma_04939_073_2024c_mayer__mayer__page0010
5208,1556,2,0.8405,130.1,1286.4,526.4,1811.9,train,011_2017_ako5,ako_2017,koma_00860_011_2017_ako5__done4__ako5-12
5209,751,1,0.8039,34.2,276.6,1044.0,1486.2,train,016_2017_running,running,koma_01559_016_2017_running__running__page0004
5210,717,1,0.7868,3621.3,318.4,3914.5,655.6,train,071_2024b_kids,kids,koma_04686_071_2024b_kids__milking__page0007
5211,1270,1,0.8494,2569.4,1123.4,3028.1,1528.6,train,004_2016_gal,gal,koma_00242_004_2016_gal__gal__page0013
5212,4230,1,0.7959,401.7,362.0,1259.8,1257.0,train,018_2018_ako6,ako_2018-19,koma_01827_018_2018_ako6__done4__ako6-17
5213,2502,1,0.8029,67.0,1036.5,727.7,1642.2,train,015_2017_pink,pink,koma_01489_015_2017_pink__pink__page0032
5214,5007,1,0.8202,997.3,344.7,1600.4,965.4,train,029_2019_fringe3,fringe,koma_02494_029_2019_fringe3__fringe3__page0002
5215,763,1,0.839,791.5,872.9,1539.0,1615.9,train,041_2021_akogoods,ako_2020-22,koma_03270_041_2021_akogoods__akogoods__page0049
5216,3388,1,0.7412,-0.6,370.9,624.6,1394.6,train,013_2017_gakusai1-3DL,gakusai,koma_01093_013_2017_gakusai1-3DL__1__page0030
5217,3136,1,0.6362,592.2,926.4,775.6,1107.4,test_panel,071_2024b_kids,kids,koma_04756_071_2024b_kids__unmerged__page0010
5218,1012,1,0.835,1812.3,0.3,2657.5,413.6,train,052_2022b_ako10,ako_2020-22,koma_03763_052_2022b_ako10__aco10__page0039
5219,3068,1,0.843,607.5,41.2,1069.3,525.9,test_series,006_2016_pc,pc,koma_00400_006_2016_pc__works__page0004
5220,2411,1,0.8038,757.1,822.8,1521.7,1699.1,train,041_2021_akogoods,ako_2020-22,koma_03223_041_2021_akogoods__akogoods__page0023
5221,1106,2,0.6767,736.0,328.1,1793.8,1142.1,train,029_2019_fringe3,fringe,koma_02584_029_2019_fringe3__fringe3__page0019
5222,4080,2,0.8076,0.0,222.3,438.0,950.2,train,018_2018_ako6,ako_2018-19,koma_01733_018_2018_ako6__ako6__page0111
5223,2078,2,0.8245,315.6,338.3,1223.0,1320.7,test_panel,029_2019_fringe3,fringe,koma_02533_029_2019_fringe3__fringe3__page0010
5224,3187,2,0.7308,1085.0,953.0,1342.5,1250.9,train,030_2019_succor,succor,koma_02867_030_2019_succor__succor__page0080
5225,2005,2,0.6815,716.0,301.2,1864.8,1346.6,train,065_2024_ako3B,ako_2023-24,koma_04362_065_2024_ako3B__ako3B__page0019
5226,1168,2,0.8563,1747.0,257.8,2511.0,1045.3,train,029_2019_fringe3,fringe,koma_02606_029_2019_fringe3__fringe3__page0024
5227,3036,1,0.8167,203.2,952.7,1087.2,1855.5,test_panel,020_2018_china2,china2,koma_01949_020_2018_china2__china2__page0007
5228,2886,1,0.3759,454.1,756.7,734.4,1027.1,test_series,005_2016_ng,ng,koma_00377_005_2016_ng__新しいフォルダー_n__page0015
5229,5201,1,0.7813,436.3,455.1,1089.8,1031.4,train,011_2017_ako5,ako_2017,koma_00725_011_2017_ako5__ako5__page0019
5230,1713,1,0.8341,505.1,260.0,1245.4,989.2,test_panel,071_2024b_kids,kids,koma_04729_071_2024b_kids__milking__page0017
5231,2758,1,0.8233,240.7,553.9,921.8,1272.8,test_panel,017_2017_stoptime,stoptime,koma_01635_017_2017_stoptime__stp__page0008
5232,2055,2,0.8546,3017.5,224.8,3444.9,960.0,train,013_2017_gakusai1-3DL,gakusai,koma_01213_013_2017_gakusai1-3DL__2__page0032
5233,1247,1,0.8421,2501.8,204.1,3726.7,1280.7,train,002_2016_aljanne2,aljanne2,koma_00060_002_2016_aljanne2__aljanne2__page0011
5234,27,2,0.8415,291.9,562.2,1554.9,1801.0,train,061_2023b_akocultB,ako_2023-24,koma_04146_061_2023b_akocultB__akocultB__page0039
5235,577,3,0.813,0.5,2202.6,648.4,3231.2,test_series,027_2019_ben,ben,koma_02349_027_2019_ben__ben__page0005
5236,1665,1,0.8733,2256.5,512.7,2802.0,1063.2,train,regions_ako5ver2_koma_panels_20260729,ako_2017,koma_0129_page0049
5237,4632,1,0.7498,595.6,111.4,1300.1,918.1,train,013_2017_gakusai1-3DL,gakusai,koma_01245_013_2017_gakusai1-3DL__3__page0005
5238,2284,1,0.8121,1337.6,492.0,1671.0,1053.2,train,013_2017_gakusai1-3DL,gakusai,koma_01036_013_2017_gakusai1-3DL__1__page0018
5239,4090,1,0.7934,494.4,460.9,1484.4,1382.9,train,013_2017_gakusai1-3DL,gakusai,koma_01278_013_2017_gakusai1-3DL__3__page0013
5240,644,1,0.4791,2604.4,769.1,2939.0,1001.5,test_series,073_2024c_mayer,mayer,koma_04998_073_2024c_mayer__mayer__page0031
5241,968,1,0.8039,762.7,242.2,1792.3,1337.1,train,002_2016_aljanne2,aljanne2,koma_00021_002_2016_aljanne2__aljanne2__page0002
5242,710,1,0.8183,960.8,412.9,1867.6,1393.2,test_panel,032_2019b_ako8,ako_2018-19,koma_02892_032_2019b_ako8__ako8__page0006
5243,1680,1,0.8681,2028.0,1000.4,2703.9,1752.0,train,018_2018_ako6,ako_2018-19,koma_01836_018_2018_ako6__done4__ako6-27
5244,4981,1,0.6652,1188.3,-1.8,1984.0,392.5,train,002_2016_aljanne2,aljanne2,koma_00046_002_2016_aljanne2__aljanne2__page0007
5245,2622,2,0.8043,804.7,380.2,1429.2,988.0,train,regions_ako5ver2_koma_panels_20260729,ako_2017,koma_0073_page0030
5246,3298,1,0.7888,120.2,460.4,909.0,1404.8,test_panel,regions_ako5ver2_koma_panels_20260729,ako_2017,koma_0091_page0037
5247,4456,2,0.8344,320.4,714.5,586.1,944.1,train,013_2017_gakusai1-3DL,gakusai,koma_01011_013_2017_gakusai1-3DL__1__page0012
5248,2185,2,0.8579,1178.7,451.5,1733.6,982.7,train,041_2021_akogoods,ako_2020-22,koma_03280_041_2021_akogoods__akogoods__page0052
5249,118,1,0.8267,956.8,297.8,1469.1,896.6,test_panel,regions_4th_koma_panels_20260801,4th,koma_0075_page0019
5250,3784,1,0.7522,899.8,61.0,1033.1,191.0,train,061_2023b_akocultB,ako_2023-24,koma_04169_061_2023b_akocultB__akocultB__page0045
5251,3884,1,0.8139,600.2,685.4,1017.1,1167.3,train,030_2019_succor,succor,koma_02877_030_2019_succor__succor__page0082
5252,802,1,0.8248,596.7,446.6,1441.8,1192.9,train,013_2017_gakusai1-3DL,gakusai,koma_01035_013_2017_gakusai1-3DL__1__page0017
5253,2320,1,0.7902,398.9,701.0,1283.2,1825.0,train,065_2024_ako3B,ako_2023-24,koma_04404_065_2024_ako3B__ako3B__page0046
5254,1026,1,0.8414,531.3,425.3,1312.3,1290.4,train,042_2021_akokate,ako_2020-22,koma_03450_042_2021_akokate__akokatei__page0065
5255,304,1,0.8536,2321.4,485.4,3689.2,1600.9,train,069_2024b_fitness,fitness,koma_04594_069_2024b_fitness__kurip__page0010
5256,611,1,0.6598,3315.7,90.6,3538.7,386.6,test_series,regions_hamlabi_koma_panels_20260729,hamlabi,koma_0008_page0007
5257,57,1,0.8663,760.7,1427.1,1383.7,2036.6,train,regions_fitness_koma_panels_20260729,fitness,koma_0037_page0012
5258,2702,2,0.5431,1862.4,-0.4,2205.0,270.3,train,056_2022b_hyoui_color,hyoui_color,koma_03870_056_2022b_hyoui_color__hyoui__page0011
5259,37,1,0.8667,743.7,241.6,1401.3,922.2,train,069_2024b_fitness,fitness,koma_04600_069_2024b_fitness__kurip__page0012
5260,2053,1,0.8571,387.0,146.2,878.4,646.0,train,021_2018_comics4,comics4,koma_02034_021_2018_comics4__china_v2_china__page0010
5261,3156,2,0.6939,207.0,602.5,647.8,1543.5,train,015_2017_pink,pink,koma_01501_015_2017_pink__pink__page0037
5262,126,1,0.4708,638.0,716.8,1299.6,1329.6,train,048_2022_akocult,ako_2020-22,koma_03622_048_2022_akocult__akocult__page0018
5263,1376,1,0.8162,460.0,333.2,1247.7,1248.4,test_panel,029_2019_fringe3,fringe,koma_02583_029_2019_fringe3__fringe3__page0019
5264,340,3,0.8159,156.6,30.2,659.3,935.6,train,004_2016_gal,gal,koma_00229_004_2016_gal__gal__page0011
5265,1235,2,0.8325,2526.1,261.9,2808.5,571.4,train,065_2024_ako3B,ako_2023-24,koma_04353_065_2024_ako3B__ako3B__page0017
5266,469,2,0.7611,1873.4,2500.2,2129.3,2792.2,train,regions_ako5ver2_koma_panels_20260729,ako_2017,koma_0004_page0002
5267,4327,1,0.7831,399.0,247.8,1080.6,994.9,train,026_2019_ako7,ako_2018-19,koma_02216_026_2019_ako7__ako7__page0140
5268,1839,1,0.5828,156.2,273.1,1358.2,1884.9,test_panel,021_2018_comics4,comics4,koma_02149_021_2018_comics4__underworld_underworld__page0006
5269,4381,1,0.8334,288.6,416.8,960.4,1023.1,train,018_2018_ako6,ako_2018-19,koma_01732_018_2018_ako6__ako6__page0111
5270,4727,1,0.852,287.8,587.1,827.3,1151.5,train,030_2019_succor,succor,koma_02776_030_2019_succor__succor__page0046
5271,1278,1,0.8673,1218.2,797.4,1760.1,1355.0,train,regions_ako5ver2_koma_panels_20260729,ako_2017,koma_0057_page0025
5272,1210,1,0.7513,1102.6,1072.9,1460.1,1446.1,train,051_2022b_4th,4th,koma_03705_051_2022b_4th__4th__page0019
5273,3049,2,0.8186,2131.8,21.9,2579.3,486.7,train,026_2019_ako7,ako_2018-19,koma_02239_026_2019_ako7__ako7__page0163
5274,2202,1,0.8164,587.9,625.8,1698.3,1689.3,train,059_2023b_4th,4th,koma_04005_059_2023b_4th__4th__page0004
5275,257,1,0.8096,186.9,165.7,1720.1,1518.8,test_panel,021_2018_comics4,comics4,koma_02111_021_2018_comics4__mars_v2_mars_manuscript__page0013
5276,324,2,0.7286,2075.0,74.1,3075.1,1193.4,train,018_2018_ako6,ako_2018-19,koma_01742_018_2018_ako6__ako6__page0114
5277,41,2,0.8251,310.8,4.3,1547.3,1012.3,test_panel,049_2022_akogoods,ako_2020-22,koma_03646_049_2022_akogoods__akogoods__page0075
5278,332,1,0.7903,654.6,1248.7,1372.8,1947.7,train,regions_ako5ver2_koma_panels_20260729,ako_2017,koma_0148_page0054
5279,2212,1,0.8822,1107.2,688.1,1542.6,1088.9,train,018_2018_ako6,ako_2018-19,koma_01728_018_2018_ako6__ako6__page0110
5280,1094,1,0.8895,0.1,844.1,506.1,1307.7,train,021_2018_comics4,comics4,koma_02071_021_2018_comics4__mars_v2_mars_manuscript__page0005
5281,1004,1,0.8126,74.0,240.8,1506.0,1580.2,test_panel,056_2022b_hyoui_color,hyoui_color,koma_03983_056_2022b_hyoui_color__hyoui__page0038
5282,1008,1,0.7761,1811.2,-2.0,2278.0,151.1,train,041_2021_akogoods,ako_2020-22,koma_03169_041_2021_akogoods__akogoods__page0008
5283,4538,1,0.8564,261.0,749.8,815.0,1298.5,train,061_2023b_akocultB,ako_2023-24,koma_04174_061_2023b_akocultB__akocultB__page0050
5284,2853,2,0.8285,1834.9,471.2,2203.3,1026.8,train,018_2018_ako6,ako_2018-19,koma_01706_018_2018_ako6__ako6__page0058
5285,500,2,0.8778,1860.7,94.4,2506.3,737.2,train,015_2017_pink,pink,koma_01516_015_2017_pink__pink__page0042
5286,4687,1,0.5562,432.7,258.5,1236.2,1131.6,train,028_2019_fringe,fringe,koma_02450_028_2019_fringe__fringe_01__page0016
5287,3372,1,0.8556,886.9,324.1,1396.3,845.2,train,072_2024c_ako,ako_2023-24,koma_04897_072_2024c_ako__ako4__page0061
5288,1990,1,0.8277,571.0,709.0,1649.5,1735.0,test_panel,056_2022b_hyoui_color,hyoui_color,koma_03847_056_2022b_hyoui_color__hyoui__page0007
5289,4089,1,0.7798,350.8,240.7,873.7,895.1,train,047_2022_4th,4th,koma_03591_047_2022_4th__4th__page0008
5290,2815,2,0.8473,926.1,1026.4,1342.8,1446.7,train,018_2018_ako6,ako_2018-19,koma_01790_018_2018_ako6__done2__ako6-12
5291,4226,2,0.8217,1260.6,126.7,1514.6,393.9,test_panel,012_2017_copy,copy,koma_00916_012_2017_copy__copy__page0017
5292,3426,1,0.7355,507.0,449.2,902.3,957.7,train,028_2019_fringe,fringe,koma_02434_028_2019_fringe__fringe_01__page0006
5293,4349,1,0.8002,67.1,299.1,571.4,836.2,test_series,073_2024c_mayer,mayer,koma_04968_073_2024c_mayer__mayer__page0022
5294,3915,2,0.6687,876.5,1904.2,1140.3,2318.1,test_panel,030_2019_succor,succor,koma_02720_030_2019_succor__succor__page0033
5295,323,2,0.8502,1536.0,603.8,1972.5,978.6,test_series,063_2023b_hamlabi,hamlabi,koma_04191_063_2023b_hamlabi__works__page0011
5296,3858,1,0.8687,1230.9,84.3,1719.7,506.1,test_series,027_2019_ben,ben,koma_02364_027_2019_ben__ben__page0008
5297,204,1,0.4466,1858.7,2424.2,2351.0,2941.2,test_panel,059_2023b_4th,4th,koma_04046_059_2023b_4th__4th__page0031
5298,753,6,0.7922,1966.8,12.1,2405.8,400.1,train,029_2019_fringe3,fringe,koma_02516_029_2019_fringe3__fringe3__page0006
5299,4838,1,0.8375,622.5,361.4,809.4,546.0,train,029_2019_fringe3,fringe,koma_02537_029_2019_fringe3__fringe3__page0011
5300,3324,1,0.7823,349.9,437.8,1186.4,1321.2,test_panel,072_2024c_ako,ako_2023-24,koma_04770_072_2024c_ako__ako4__page0004
5301,2391,1,0.7487,371.0,415.5,1419.9,1528.2,test_series,073_2024c_mayer,mayer,koma_04911_073_2024c_mayer__mayer__page0004
5302,4526,1,0.81,611.2,348.6,1224.7,936.1,train,008_2016_poolsideIdle,poolsideidle,koma_00591_008_2016_poolsideIdle__poolside__page0014
5303,2516,2,0.6252,510.1,292.9,831.3,683.5,test_series,027_2019_ben,ben,koma_02409_027_2019_ben__ben__page0016
5304,732,3,0.8601,3034.3,629.5,3370.5,954.6,test_series,014_2017_kacho,kacho,koma_01409_014_2017_kacho__kacho__page0041
5305,2245,1,0.8,636.2,422.6,842.9,617.9,train,043_2021_hero,hero,koma_03468_043_2021_hero__hero__page0002
5306,3843,1,0.5561,85.1,448.8,1070.0,1352.1,test_panel,043_2021_hero,hero,koma_03533_043_2021_hero__hero__page0069
5307,11,4,0.4862,3673.2,2745.9,3887.4,2972.8,test_panel,013_2017_gakusai1-3DL,gakusai,koma_01184_013_2017_gakusai1-3DL__2__page0025
5308,1993,1,0.8594,1104.2,599.7,1594.9,1121.9,train,065_2024_ako3B,ako_2023-24,koma_04314_065_2024_ako3B__ako3B__page0007
5309,2382,1,0.8821,590.7,1167.2,1380.1,1996.5,train,056_2022b_hyoui_color,hyoui_color,koma_03816_056_2022b_hyoui_color__hyoui__page0001
5310,727,1,0.8507,228.0,837.9,926.3,1523.6,test_panel,013_2017_gakusai1-3DL,gakusai,koma_01341_013_2017_gakusai1-3DL__3__page0030
5311,495,2,0.8413,6.4,159.8,494.7,986.0,train,regions_fitness_koma_panels_20260729,fitness,koma_0078_page0026
5312,1381,1,0.8322,434.5,1086.0,1000.2,1808.3,test_series,027_2019_ben,ben,koma_02414_027_2019_ben__ben__page0017
5313,3161,1,0.858,553.7,524.2,944.2,935.1,train,071_2024b_kids,kids,koma_04703_071_2024b_kids__milking__page0011
5314,3348,1,0.7799,-26.1,206.5,1161.5,1440.5,train,056_2022b_hyoui_color,hyoui_color,koma_03857_056_2022b_hyoui_color__hyoui__page0008
5315,3586,2,0.7736,813.3,505.6,1007.0,731.8,test_panel,068_2024b_ako4,ako_2023-24,koma_04499_068_2024b_ako4__ako4__page0004
5316,3481,1,0.8207,659.3,869.9,1666.6,1883.9,test_series,027_2019_ben,ben,koma_02368_027_2019_ben__ben__page0009
5317,2617,1,0.8366,580.2,113.1,1898.0,1321.9,test_series,027_2019_ben,ben,koma_02381_027_2019_ben__ben__page0011
5318,2755,2,0.8502,483.8,626.5,1011.2,1174.9,train,008_2016_poolsideIdle,poolsideidle,koma_00590_008_2016_poolsideIdle__poolside__page0014
5319,773,1,0.8488,567.2,1375.9,1615.5,2229.1,train,026_2019_ako7,ako_2018-19,koma_02231_026_2019_ako7__ako7__page0156
5320,2109,1,0.7839,371.6,180.9,1086.6,1111.9,test_series,005_2016_ng,ng,koma_00259_005_2016_ng__ng__page0001
5321,1510,1,0.6488,457.5,582.4,942.3,1232.9,train,029_2019_fringe3,fringe,koma_02564_029_2019_fringe3__fringe3__page0016
5322,4485,1,0.8167,178.1,250.6,729.1,783.4,train,regions_ako5ver2_koma_panels_20260729,ako_2017,koma_0006_page0002
5323,2475,1,0.7679,364.1,411.6,1438.0,1589.5,train,011_2017_ako5,ako_2017,koma_00882_011_2017_ako5__done4__ako5-29
5324,763,2,0.8131,1581.4,64.6,2264.7,740.2,train,041_2021_akogoods,ako_2020-22,koma_03270_041_2021_akogoods__akogoods__page0049
5325,2424,1,0.7704,330.5,299.9,1381.6,1639.4,train,041_2021_akogoods,ako_2020-22,koma_03200_041_2021_akogoods__akogoods__page0017
5326,2116,1,0.4094,1007.6,627.8,1441.7,1451.9,train,072_2024c_ako,ako_2023-24,koma_04797_072_2024c_ako__ako4__page0021
5327,3342,2,0.6219,1.6,279.8,777.0,1299.2,test_series,027_2019_ben,ben,koma_02355_027_2019_ben__ben__page0006
5328,2702,1,0.6633,1016.2,8.8,1374.0,274.0,train,056_2022b_hyoui_color,hyoui_color,koma_03870_056_2022b_hyoui_color__hyoui__page0011
5329,853,1,0.799,959.4,383.8,2028.8,1412.5,train,065_2024_ako3B,ako_2023-24,koma_04415_065_2024_ako3B__ako3B__page0050
5330,642,2,0.699,1254.7,517.1,1374.4,669.1,train,regions_ako5ver2_koma_panels_20260729,ako_2017,koma_0133_page0050
5331,4897,1,0.8402,276.3,347.0,571.1,725.9,train,015_2017_pink,pink,koma_01479_015_2017_pink__pink__page0028
5332,2291,2,0.8193,523.2,1629.7,959.7,2004.5,test_panel,042_2021_akokate,ako_2020-22,koma_03324_042_2021_akokate__akokatei__page0001
5333,3749,1,0.8484,911.7,617.8,1321.9,1075.9,train,040_2020b_nurse,nurse+nanami,koma_03127_040_2020b_nurse__pumpkin__page0004
5334,3211,1,0.8256,597.9,161.5,1495.8,1065.0,train,012_2017_copy,copy,koma_00947_012_2017_copy__copy__page0029
5335,2125,1,0.6727,427.7,386.8,1080.9,1328.8,train,047_2022_4th,4th,koma_03578_047_2022_4th__4th__page0006
5336,1274,1,0.833,633.5,671.0,1542.5,1525.3,test_series,036_2020_UNI,uni,koma_02919_036_2020_UNI__UNI_works__page0001
5337,408,1,0.8419,560.5,538.7,1613.2,1414.6,train,021_2018_comics4,comics4,koma_02159_021_2018_comics4__underworld_underworld__page0009
5338,2314,1,0.8407,2740.6,0.2,3409.1,357.2,test_panel,056_2022b_hyoui_color,hyoui_color,koma_03879_056_2022b_hyoui_color__hyoui__page0014
5339,3414,1,0.8519,660.2,210.3,922.3,505.8,train,002_2016_aljanne2,aljanne2,koma_00095_002_2016_aljanne2__aljanne2__page0021
5340,1013,1,0.8105,1537.7,25.1,2893.6,1399.5,test_panel,regions_ako5ver2_koma_panels_20260729,ako_2017,koma_0097_page0040
5341,5080,1,0.8496,484.1,1286.7,965.2,1802.3,train,029_2019_fringe3,fringe,koma_02532_029_2019_fringe3__fringe3__page0010
5342,4761,1,0.7767,224.6,333.1,839.1,1425.3,train,011_2017_ako5,ako_2017,koma_00822_011_2017_ako5__done__ako5-34
5343,3618,1,0.8667,1783.9,394.4,2461.3,1058.9,train,042_2021_akokate,ako_2020-22,koma_03463_042_2021_akokate__akokatei__page0067
5344,3092,1,0.8112,2187.0,0.2,2771.0,345.7,train,021_2018_comics4,comics4,koma_02078_021_2018_comics4__mars_v2_mars_manuscript__page0006
5345,1001,1,0.8539,588.1,237.3,1360.7,1038.2,train,013_2017_gakusai1-3DL,gakusai,koma_01302_013_2017_gakusai1-3DL__3__page0018
5346,4884,1,0.7051,200.9,572.4,813.0,1378.3,train,regions_4th_koma_panels_20260801,4th,koma_0107_page0025
5347,237,2,0.8459,1534.3,1.5,2435.5,738.6,train,069_2024b_fitness,fitness,koma_04598_069_2024b_fitness__kurip__page0011
5348,4290,1,0.7549,8.3,2.2,354.4,270.2,train,030_2019_succor,succor,koma_02695_030_2019_succor__succor__page0027
5349,1168,1,0.8691,535.9,332.1,1258.3,1100.2,train,029_2019_fringe3,fringe,koma_02606_029_2019_fringe3__fringe3__page0024
5350,1696,1,0.7914,570.3,288.1,1199.3,1033.4,test_series,073_2024c_mayer,mayer,koma_04942_073_2024c_mayer__mayer__page0011
5351,4270,2,0.8184,624.3,125.0,1024.7,524.0,test_series,007_2016_phantom,phantom,koma_00459_007_2016_phantom__PhantomThief__page0005
5352,1194,1,0.858,517.0,44.4,1155.2,760.4,test_series,027_2019_ben,ben,koma_02404_027_2019_ben__ben__page0015
5353,517,2,0.8591,1494.6,743.2,2178.1,1475.6,train,015_2017_pink,pink,koma_01432_015_2017_pink__done1__pink17
5354,2369,1,0.7401,643.6,1097.0,1664.8,1975.6,train,059_2023b_4th,4th,koma_04016_059_2023b_4th__4th__page0008
5355,1494,1,0.8176,596.6,124.8,1451.0,899.9,train,064_2024_ako3,ako_2023-24,koma_04224_064_2024_ako3__ako3__page0011
5356,1024,1,0.8451,422.8,999.4,1273.1,1829.3,train,008_2016_poolsideIdle,poolsideidle,koma_00596_008_2016_poolsideIdle__poolside__page0016
5357,465,2,0.3424,1072.1,829.9,2226.6,1972.0,train,020_2018_china2,china2,koma_01955_020_2018_china2__china2__page0009
5358,4556,2,0.7438,734.0,485.2,852.8,637.5,train,041_2021_akogoods,ako_2020-22,koma_03275_041_2021_akogoods__akogoods__page0051
5359,2212,2,0.7912,102.8,742.5,545.5,1226.2,train,018_2018_ako6,ako_2018-19,koma_01728_018_2018_ako6__ako6__page0110
5360,918,3,0.8312,2379.8,578.9,2853.9,1175.1,test_series,005_2016_ng,ng,koma_00343_005_2016_ng__新しいフォルダー_n__page0004
5361,1691,4,0.8412,243.4,536.4,780.4,1101.4,train,013_2017_gakusai1-3DL,gakusai,koma_00993_013_2017_gakusai1-3DL__1__page0007
5362,3425,2,0.6873,1117.3,297.5,1369.4,592.4,train,018_2018_ako6,ako_2018-19,koma_01895_018_2018_ako6__done8__ako6-41
5363,609,1,0.7997,1267.7,-18.9,2452.9,1132.9,test_panel,018_2018_ako6,ako_2018-19,koma_01759_018_2018_ako6__ako6__page0120
5364,1516,1,0.8494,1338.5,1174.0,1707.7,1532.7,train,030_2019_succor,succor,koma_02763_030_2019_succor__succor__page0042
5365,4848,1,0.8206,0.5,536.0,601.5,1252.3,train,043_2021_hero,hero,koma_03477_043_2021_hero__hero__page0014
5366,2301,1,0.8435,812.3,1656.7,1094.8,1955.5,train,regions_4th_koma_panels_20260801,4th,koma_0020_page0005
5367,5,2,0.8398,457.8,2692.6,1500.2,3660.1,train,013_2017_gakusai1-3DL,gakusai,koma_01180_013_2017_gakusai1-3DL__2__page0024
5368,4073,2,0.7552,30.3,746.3,118.5,835.6,train,013_2017_gakusai1-3DL,gakusai,koma_01185_013_2017_gakusai1-3DL__2__page0025
5369,2939,3,0.8193,3.1,94.2,376.5,604.5,train,018_2018_ako6,ako_2018-19,koma_01673_018_2018_ako6__ako6__page0028
5370,5142,1,0.8001,30.0,456.9,606.5,1209.0,train,018_2018_ako6,ako_2018-19,koma_01809_018_2018_ako6__done3__ako6-22
5371,3689,1,0.5207,379.7,1.1,1700.7,775.6,train,056_2022b_hyoui_color,hyoui_color,koma_03896_056_2022b_hyoui_color__hyoui__page0020
5372,4187,1,0.8519,445.9,348.1,898.9,760.1,train,017_2017_stoptime,stoptime,koma_01632_017_2017_stoptime__stp__page0007
5373,210,1,0.8233,3333.9,524.5,4025.2,1367.0,train,regions_fitness_koma_panels_20260729,fitness,koma_0101_page0036
5374,2666,1,0.6127,363.0,311.5,1371.6,1290.9,test_panel,043_2021_hero,hero,koma_03490_043_2021_hero__hero__page0047
5375,4476,1,0.8308,198.2,415.0,766.3,850.0,train,018_2018_ako6,ako_2018-19,koma_01880_018_2018_ako6__done7__ako6-06
5376,881,2,0.8438,183.8,301.4,693.6,890.2,test_panel,065_2024_ako3B,ako_2023-24,koma_04393_065_2024_ako3B__ako3B__page0031
5377,2634,1,0.7809,1315.4,728.9,1451.2,881.8,train,030_2019_succor,succor,koma_02625_030_2019_succor__succor__page0006
5378,1849,5,0.8246,1016.4,1411.9,1290.0,1680.2,train,030_2019_succor,succor,koma_02608_030_2019_succor__succor__page0002
5379,2023,1,0.8565,1093.1,577.1,1719.6,1196.7,test_series,014_2017_kacho,kacho,koma_01383_014_2017_kacho__kacho__page0030
5380,3605,1,0.8281,560.0,245.7,1239.0,893.4,test_series,027_2019_ben,ben,koma_02330_027_2019_ben__ben__page0001
5381,1806,2,0.8206,1327.8,375.6,1556.4,698.4,train,regions_fitness_koma_panels_20260729,fitness,koma_0069_page0021
5382,2865,2,0.6527,596.6,638.4,706.5,767.2,train,regions_ako5ver2_koma_panels_20260729,ako_2017,koma_0166_page0064
5383,4635,1,0.7204,479.8,490.8,1194.5,1505.3,train,013_2017_gakusai1-3DL,gakusai,koma_01210_013_2017_gakusai1-3DL__2__page0031
5384,4503,1,0.8794,571.7,247.7,831.0,495.3,test_panel,013_2017_gakusai1-3DL,gakusai,koma_00998_013_2017_gakusai1-3DL__1__page0008
5385,3521,1,0.8167,182.0,356.9,839.8,1015.7,train,047_2022_4th,4th,koma_03590_047_2022_4th__4th__page0008
5386,3603,2,0.6477,436.5,228.8,1395.5,1265.6,train,061_2023b_akocultB,ako_2023-24,koma_04113_061_2023b_akocultB__akocultB__page0027
5387,3910,1,0.8686,671.7,1061.7,1020.8,1414.4,train,028_2019_fringe,fringe,koma_02431_028_2019_fringe__fringe_01__page0006
5388,2648,1,0.8739,1814.4,255.7,2426.7,803.4,test_series,027_2019_ben,ben,koma_02402_027_2019_ben__ben__page0015
5389,918,1,0.8741,236.2,598.6,838.6,1155.1,test_series,005_2016_ng,ng,koma_00343_005_2016_ng__新しいフォルダー_n__page0004
5390,2211,2,0.8172,368.3,142.8,1200.3,1030.3,test_series,005_2016_ng,ng,koma_00340_005_2016_ng__新しいフォルダー_n__page0004
5391,665,2,0.4148,726.1,695.2,1219.8,1299.0,test_panel,018_2018_ako6,ako_2018-19,koma_01688_018_2018_ako6__ako6__page0051
5392,3862,1,0.7824,46.8,530.2,805.4,1391.3,train,043_2021_hero,hero,koma_03505_043_2021_hero__hero__page0055
5393,2749,1,0.8696,239.5,723.5,781.2,1275.4,train,018_2018_ako6,ako_2018-19,koma_01703_018_2018_ako6__ako6__page0058
5394,4635,2,0.6827,-2.6,418.8,592.5,1229.7,train,013_2017_gakusai1-3DL,gakusai,koma_01210_013_2017_gakusai1-3DL__2__page0031
5395,4056,1,0.7789,612.5,595.6,840.5,810.3,test_series,010_2016_suc,suc,koma_00692_010_2016_suc__subbcubussBK__page0020
5396,4964,1,0.8356,1123.1,441.0,1305.6,700.9,test_series,027_2019_ben,ben,koma_02377_027_2019_ben__ben__page0011
5397,5131,2,0.8567,609.6,333.4,819.8,535.4,train,018_2018_ako6,ako_2018-19,koma_01799_018_2018_ako6__done2__ako6-15
5398,984,1,0.8214,2690.4,20.6,3373.1,902.9,train,030_2019_succor,succor,koma_02726_030_2019_succor__succor__page0034
5399,252,1,0.8431,987.8,1568.3,1976.8,2594.4,test_series,014_2017_kacho,kacho,koma_01364_014_2017_kacho__done2__kacho13
5400,1213,4,0.8189,1997.3,96.2,2236.8,326.7,train,041_2021_akogoods,ako_2020-22,koma_03162_041_2021_akogoods__akogoods__page0007
5401,3103,1,0.8175,206.3,1.3,786.8,602.4,train,004_2016_gal,gal,koma_00181_004_2016_gal__root__page0011
5402,104,1,0.8517,247.4,110.5,1321.8,1341.8,test_panel,regions_gakuen_koma_panels_20260729,gakuen,koma_0023_page0007
5403,2098,2,0.4755,982.3,781.3,1510.7,1229.8,train,056_2022b_hyoui_color,hyoui_color,koma_03822_056_2022b_hyoui_color__hyoui__page0002
5404,898,1,0.8632,1296.2,878.4,1844.4,1443.9,train,026_2019_ako7,ako_2018-19,koma_02253_026_2019_ako7__ako7__page0171
5405,56,1,0.8444,2898.6,258.1,4106.2,1569.1,test_series,010_2016_suc,suc,koma_00679_010_2016_suc__subbcubussBK__page0013
5406,22,7,0.3977,2450.3,1731.5,2740.0,2132.8,train,018_2018_ako6,ako_2018-19,koma_01676_018_2018_ako6__ako6__page0030
5407,1809,1,0.8726,311.2,329.5,941.2,917.2,test_panel,020_2018_china2,china2,koma_01965_020_2018_china2__china2__page0012
5408,801,2,0.8487,1736.8,795.5,3075.5,2102.0,train,056_2022b_hyoui_color,hyoui_color,koma_04001_056_2022b_hyoui_color__hyoui__page0044
5409,5211,1,0.8072,1133.2,336.5,1271.3,567.1,test_panel,018_2018_ako6,ako_2018-19,koma_01714_018_2018_ako6__ako6__page0064
5410,46,1,0.8494,490.2,60.6,1873.5,1226.9,train,069_2024b_fitness,fitness,koma_04653_069_2024b_fitness__kurip__page0029
5411,132,1,0.8667,2362.7,256.6,3371.4,1119.4,train,039_2020b_ako10,ako_2020-22,koma_03099_039_2020b_ako10__aco10__page0027
5412,2355,1,0.8234,248.6,909.4,1402.1,2082.0,test_panel,059_2023b_4th,4th,koma_04015_059_2023b_4th__4th__page0008
5413,412,1,0.8555,672.5,1005.7,1091.5,1497.4,test_panel,042_2021_akokate,ako_2020-22,koma_03342_042_2021_akokate__akokatei__page0010
5414,3534,1,0.7306,389.4,1159.0,529.3,1307.7,train,041_2021_akogoods,ako_2020-22,koma_03289_041_2021_akogoods__akogoods__page0054
5415,4264,1,0.8079,251.0,675.7,818.4,1270.1,train,042_2021_akokate,ako_2020-22,koma_03447_042_2021_akokate__akokatei__page0065
5416,1860,1,0.8338,719.1,605.6,1418.2,1278.5,train,028_2019_fringe,fringe,koma_02456_028_2019_fringe__fringe_01__page0018
5417,2840,3,0.8483,1064.7,658.2,1390.0,1006.4,test_series,010_2016_suc,suc,koma_00660_010_2016_suc__subbcubussBK__page0010
5418,3278,1,0.8675,6.0,536.6,426.8,1033.2,test_panel,030_2019_succor,succor,koma_02819_030_2019_succor__succor__page0055
5419,3595,1,0.7709,119.7,716.2,754.5,1475.0,test_panel,018_2018_ako6,ako_2018-19,koma_01886_018_2018_ako6__done8__ako6-39
5420,1651,5,0.8567,499.7,866.9,962.7,1330.7,train,030_2019_succor,succor,koma_02859_030_2019_succor__succor__page0079
5421,4699,1,0.8479,-0.8,916.7,236.7,1283.7,test_panel,021_2018_comics4,comics4,koma_02068_021_2018_comics4__mars_v2_mars_manuscript__page0004
5422,3025,2,0.7844,2107.4,277.8,2376.8,572.7,train,030_2019_succor,succor,koma_02676_030_2019_succor__succor__page0021
5423,3680,1,0.8632,479.5,1900.4,1078.4,2433.3,train,008_2016_poolsideIdle,poolsideidle,koma_00568_008_2016_poolsideIdle__poolside__page0009
5424,4337,1,0.8088,-1.7,267.2,369.5,932.9,test_series,005_2016_ng,ng,koma_00338_005_2016_ng__新しいフォルダー_n__page0002
5425,43,3,0.8144,2210.4,1019.9,2617.2,1484.9,train,018_2018_ako6,ako_2018-19,koma_01884_018_2018_ako6__done8__ako6-39
5426,617,1,0.8732,1895.0,348.4,2537.5,922.2,train,047_2022_4th,4th,koma_03585_047_2022_4th__4th__page0007
5427,3531,1,0.8753,1640.5,210.7,2009.9,582.1,train,017_2017_stoptime,stoptime,koma_01639_017_2017_stoptime__stp__page0008
5428,847,1,0.8848,421.7,996.4,977.2,1544.5,train,026_2019_ako7,ako_2018-19,koma_02261_026_2019_ako7__ako7__page0175
5429,1172,1,0.8405,2580.5,197.2,3547.1,1332.5,train,071_2024b_kids,kids,koma_04766_071_2024b_kids__unmerged__page0011
5430,945,2,0.8292,528.2,345.5,1432.8,1216.1,train,061_2023b_akocultB,ako_2023-24,koma_04079_061_2023b_akocultB__akocultB__page0006
5431,360,1,0.8374,362.8,660.9,1224.8,1525.2,train,053_2022b_akocult,ako_2020-22,koma_03811_053_2022b_akocult__akocult__page0050
5432,448,1,0.8431,771.5,972.7,1326.9,1679.6,train,regions_gakuen_koma_panels_20260729,gakuen,koma_0002_page0001
5433,1691,1,0.8607,679.2,818.5,1136.7,1226.2,train,013_2017_gakusai1-3DL,gakusai,koma_00993_013_2017_gakusai1-3DL__1__page0007
5434,3059,1,0.8026,492.1,471.2,668.6,652.1,train,021_2018_comics4,comics4,koma_02132_021_2018_comics4__underworld_underworld__page0002
5435,650,1,0.8703,628.8,754.9,1670.1,1751.4,train,061_2023b_akocultB,ako_2023-24,koma_04143_061_2023b_akocultB__akocultB__page0038
5436,3956,1,0.7835,2837.1,686.4,3563.2,1230.6,train,019_2018_ako7,ako_2018-19,koma_01921_019_2018_ako7__ako7__page0073
5437,1880,2,0.4251,3042.9,330.1,3374.4,507.3,train,068_2024b_ako4,ako_2023-24,koma_04504_068_2024b_ako4__ako4__page0006
5438,4249,1,0.7552,302.0,537.6,878.5,1224.7,train,039_2020b_ako10,ako_2020-22,koma_03037_039_2020b_ako10__aco10__page0004
5439,3988,1,0.8707,1318.4,324.3,1892.9,775.9,test_panel,011_2017_ako5,ako_2017,koma_00824_011_2017_ako5__done__ako5-35
5440,4425,2,0.7698,730.6,52.4,1039.4,350.0,train,003_2016_avbu,avbu,koma_00135_003_2016_avbu__avb__page0027
5441,43,1,0.8423,3306.1,711.6,3967.7,1476.1,train,018_2018_ako6,ako_2018-19,koma_01884_018_2018_ako6__done8__ako6-39
5442,4528,1,0.8235,370.4,394.9,880.7,878.8,test_panel,037_2020_ako9,ako_2020-22,koma_03015_037_2020_ako9__ako9__page0035
5443,1359,1,0.8128,1860.1,70.0,3029.3,1203.9,train,regions_ako5ver2_koma_panels_20260729,ako_2017,koma_0066_page0026
5444,3150,1,0.8681,50.7,989.7,463.3,1449.7,train,043_2021_hero,hero,koma_03515_043_2021_hero__hero__page0057
5445,4319,1,0.855,1055.4,783.1,1494.6,1212.4,test_series,063_2023b_hamlabi,hamlabi,koma_04202_063_2023b_hamlabi__works__page0020
5446,3196,1,0.839,247.7,463.1,923.3,1156.1,train,039_2020b_ako10,ako_2020-22,koma_03059_039_2020b_ako10__aco10__page0011
5447,1453,1,0.5901,226.2,678.8,741.8,1053.0,train,030_2019_succor,succor,koma_02617_030_2019_succor__succor__page0004
5448,399,1,0.4375,906.1,309.4,1528.9,978.2,train,041_2021_akogoods,ako_2020-22,koma_03179_041_2021_akogoods__akogoods__page0011
5449,2861,2,0.8608,969.2,271.6,1256.1,602.8,train,071_2024b_kids,kids,koma_04746_071_2024b_kids__unmerged__page0008
5450,5097,1,0.5267,-3.1,73.6,463.1,1264.2,train,013_2017_gakusai1-3DL,gakusai,koma_01064_013_2017_gakusai1-3DL__1__page0024
5451,4975,1,0.7972,130.7,1569.7,318.8,1777.6,test_panel,030_2019_succor,succor,koma_02749_030_2019_succor__succor__page0039
5452,912,3,0.8597,1939.4,206.4,2534.3,797.6,train,056_2022b_hyoui_color,hyoui_color,koma_03930_056_2022b_hyoui_color__hyoui__page0026
5453,788,1,0.8711,1826.8,19.1,2484.5,573.6,train,011_2017_ako5,ako_2017,koma_00796_011_2017_ako5__ako5__page0076
5454,4488,2,0.4947,1397.5,313.6,1642.8,617.5,train,029_2019_fringe3,fringe,koma_02515_029_2019_fringe3__fringe3__page0005
5455,75,5,0.7027,3900.1,717.9,4171.3,984.8,train,021_2018_comics4,comics4,koma_02044_021_2018_comics4__china_v2_china__page0013
5456,1076,3,0.7737,17.3,282.9,236.0,562.5,train,030_2019_succor,succor,koma_02609_030_2019_succor__succor__page0004
5457,903,1,0.8546,2446.6,661.6,3293.9,1503.8,test_series,073_2024c_mayer,mayer,koma_04924_073_2024c_mayer__mayer__page0007
5458,1626,1,0.8063,486.8,499.8,1407.8,1527.6,train,069_2024b_fitness,fitness,koma_04610_069_2024b_fitness__kurip__page0015
5459,3508,1,0.586,371.5,0.5,1238.5,581.2,train,regions_ako5ver2_koma_panels_20260729,ako_2017,koma_0119_page0047
5460,459,1,0.3394,1263.0,518.8,2151.2,1878.0,train,059_2023b_4th,4th,koma_04014_059_2023b_4th__4th__page0005
5461,78,1,0.8631,847.2,383.6,1500.1,1196.7,test_panel,041_2021_akogoods,ako_2020-22,koma_03193_041_2021_akogoods__akogoods__page0014
5462,375,1,0.8714,1193.7,613.1,1907.3,1330.7,train,regions_fitness_koma_panels_20260729,fitness,koma_0028_page0009
5463,3942,1,0.8039,444.0,418.0,1415.5,1318.8,test_panel,061_2023b_akocultB,ako_2023-24,koma_04112_061_2023b_akocultB__akocultB__page0027
5464,4508,1,0.5999,335.3,866.6,1061.0,1656.1,test_panel,030_2019_succor,succor,koma_02746_030_2019_succor__succor__page0039
5465,2055,1,0.8605,1703.8,27.9,2511.3,852.9,train,013_2017_gakusai1-3DL,gakusai,koma_01213_013_2017_gakusai1-3DL__2__page0032
5466,2710,1,0.8632,1406.9,235.4,1837.0,708.7,train,020_2018_china2,china2,koma_01963_020_2018_china2__china2__page0011
5467,1126,1,0.7948,1159.4,520.6,2391.6,1708.5,train,013_2017_gakusai1-3DL,gakusai,koma_01067_013_2017_gakusai1-3DL__1__page0025
5468,2304,1,0.8212,532.9,648.9,1117.8,1508.9,test_panel,053_2022b_akocult,ako_2020-22,koma_03800_053_2022b_akocult__akocult__page0046
5469,407,2,0.8035,41.1,1431.0,884.8,2311.5,train,013_2017_gakusai1-3DL,gakusai,koma_01034_013_2017_gakusai1-3DL__1__page0017
5470,1169,2,0.797,1312.7,689.3,1555.5,950.6,train,043_2021_hero,hero,koma_03474_043_2021_hero__hero__page0014
5471,3203,3,0.7984,1073.1,181.7,1564.2,805.5,test_panel,004_2016_gal,gal,koma_00224_004_2016_gal__gal__page0010
5472,1364,1,0.7809,553.5,-0.3,1209.6,318.5,train,regions_ako5ver2_koma_panels_20260729,ako_2017,koma_0100_page0040
5473,3519,1,0.7286,2012.5,476.5,2454.7,866.1,train,056_2022b_hyoui_color,hyoui_color,koma_03999_056_2022b_hyoui_color__hyoui__page0043
5474,1643,1,0.83,1803.9,4.1,2673.9,571.7,train,045_2021_nurse,nurse+nanami,koma_03576_045_2021_nurse__pumpkin__page0006
5475,2262,1,0.84,454.5,132.3,735.0,518.8,train,017_2017_stoptime,stoptime,koma_01619_017_2017_stoptime__stp__page0004
5476,976,2,0.8538,85.2,1007.1,470.4,1417.2,train,029_2019_fringe3,fringe,koma_02526_029_2019_fringe3__fringe3__page0009
5477,3761,1,0.8728,134.2,699.3,559.0,1140.6,train,030_2019_succor,succor,koma_02792_030_2019_succor__succor__page0049
5478,2683,1,0.8585,674.4,521.7,1005.7,932.2,train,004_2016_gal,gal,koma_00151_004_2016_gal__root__page0005
5479,3178,2,0.8209,1201.6,351.7,1516.5,895.2,train,041_2021_akogoods,ako_2020-22,koma_03318_041_2021_akogoods__akogoods__page0076
5480,271,1,0.8641,2648.8,5.7,3418.0,738.5,train,regions_ako5ver2_koma_panels_20260729,ako_2017,koma_0049_page0023
5481,1011,1,0.7825,1108.5,403.1,1859.2,1241.3,train,regions_ako5ver2_koma_panels_20260729,ako_2017,koma_0092_page0037
5482,714,1,0.6049,87.0,1004.7,652.5,1392.1,train,065_2024_ako3B,ako_2023-24,koma_04388_065_2024_ako3B__ako3B__page0030
5483,416,1,0.8217,2800.9,6.7,3709.3,642.6,test_panel,016_2017_running,running,koma_01547_016_2017_running__done__running16
5484,4180,2,0.3725,453.7,1831.6,731.6,2107.2,train,018_2018_ako6,ako_2018-19,koma_01822_018_2018_ako6__done4__ako6-14
5485,3879,1,0.7698,381.4,909.8,1057.8,1681.2,test_panel,041_2021_akogoods,ako_2020-22,koma_03264_041_2021_akogoods__akogoods__page0047
5486,2040,1,0.7345,34.2,515.9,820.4,1539.1,train,regions_ako5ver2_koma_panels_20260729,ako_2017,koma_0113_page0046
5487,107,2,0.8423,2633.0,733.1,3594.6,1692.9,test_panel,021_2018_comics4,comics4,koma_02141_021_2018_comics4__underworld_underworld__page0004
5488,3637,1,0.8132,505.6,684.6,822.0,1196.0,train,011_2017_ako5,ako_2017,koma_00859_011_2017_ako5__done4__ako5-12
5489,23,3,0.8815,2106.9,677.4,3245.4,1684.9,train,003_2016_avbu,avbu,koma_00096_003_2016_avbu__avb__page0001
5490,4580,1,0.7412,151.5,92.2,893.5,613.5,train,021_2018_comics4,comics4,koma_02156_021_2018_comics4__underworld_underworld__page0008
5491,215,2,0.8768,441.8,701.5,1443.3,1659.8,test_panel,015_2017_pink,pink,koma_01498_015_2017_pink__pink__page0036
5492,2843,1,0.862,537.3,721.0,1081.3,1346.7,test_panel,037_2020_ako9,ako_2020-22,koma_03018_037_2020_ako9__ako9__page0036
5493,3922,2,0.7517,1516.2,377.8,1744.3,637.4,train,071_2024b_kids,kids,koma_04753_071_2024b_kids__unmerged__page0009
5494,2395,2,0.7059,419.5,101.7,615.5,381.7,test_series,007_2016_phantom,phantom,koma_00517_007_2016_phantom__PhantomThief__page0029
5495,2596,2,0.71,1315.8,801.5,1422.5,940.7,test_series,014_2017_kacho,kacho,koma_01357_014_2017_kacho__done2__kacho06
5496,306,1,0.8532,24.4,2553.4,1078.5,3632.9,train,regions_gakuen_koma_panels_20260729,gakuen,koma_0022_page0007
5497,845,1,0.8756,604.4,702.0,1358.0,1496.0,train,061_2023b_akocultB,ako_2023-24,koma_04102_061_2023b_akocultB__akocultB__page0023
5498,549,2,0.8113,2817.4,1463.3,3700.9,2364.7,train,042_2021_akokate,ako_2020-22,koma_03360_042_2021_akokate__akokatei__page0015
5499,856,2,0.8058,126.7,1513.7,513.8,2159.6,train,021_2018_comics4,comics4,koma_02145_021_2018_comics4__underworld_underworld__page0005
5500,4105,1,0.8131,214.5,348.8,943.2,1072.5,train,048_2022_akocult,ako_2020-22,koma_03604_048_2022_akocult__akocult__page0007
5501,786,1,0.7187,381.1,896.7,1025.5,1685.6,train,043_2021_hero,hero,koma_03507_043_2021_hero__hero__page0055
5502,1241,1,0.4429,819.4,-0.0,1761.1,791.4,train,030_2019_succor,succor,koma_02623_030_2019_succor__succor__page0005
5503,1037,3,0.4211,2307.9,1180.6,2991.7,1686.2,train,030_2019_succor,succor,koma_02838_030_2019_succor__succor__page0060
5504,696,1,0.8555,1129.6,166.5,1634.4,721.6,train,004_2016_gal,gal,koma_00140_004_2016_gal__root__page0001
5505,4067,1,0.7711,-4.2,693.8,486.8,1333.4,train,013_2017_gakusai1-3DL,gakusai,koma_01199_013_2017_gakusai1-3DL__2__page0030
5506,2769,1,0.7866,349.7,287.1,1479.2,1330.4,train,016_2017_running,running,koma_01532_016_2017_running__done__running06
5507,3828,1,0.5394,818.2,511.4,1457.8,1115.1,train,030_2019_succor,succor,koma_02669_030_2019_succor__succor__page0019
5508,4195,1,0.7527,956.3,9.2,1814.1,917.7,test_panel,018_2018_ako6,ako_2018-19,koma_01853_018_2018_ako6__done6__ako6-51
5509,978,2,0.8574,288.4,498.6,1092.7,1348.0,train,003_2016_avbu,avbu,koma_00110_003_2016_avbu__avb__page0005
5510,509,1,0.7863,1387.0,660.3,2037.0,1152.4,train,018_2018_ako6,ako_2018-19,koma_01857_018_2018_ako6__done6__ako6-56
5511,2620,1,0.8717,2366.6,535.2,2917.9,1117.9,train,030_2019_succor,succor,koma_02864_030_2019_succor__succor__page0080
5512,1161,1,0.8096,1740.8,95.2,2618.0,1098.3,train,071_2024b_kids,kids,koma_04699_071_2024b_kids__milking__page0010
5513,1343,2,0.7709,1337.7,8.3,1931.4,655.8,test_panel,004_2016_gal,gal,koma_00205_004_2016_gal__root__page0020
5514,2522,2,0.8018,798.2,2447.2,1209.2,2781.9,train,056_2022b_hyoui_color,hyoui_color,koma_03931_056_2022b_hyoui_color__hyoui__page0027
5515,1462,2,0.798,1782.6,140.1,2267.6,868.1,test_series,010_2016_suc,suc,koma_00642_010_2016_suc__subbcubussBK__page0002
5516,2141,2,0.8179,214.9,45.8,911.4,752.6,train,026_2019_ako7,ako_2018-19,koma_02195_026_2019_ako7__ako7__page0073
5517,4739,1,0.8025,318.8,712.3,906.7,1346.3,train,043_2021_hero,hero,koma_03551_043_2021_hero__hero__page0079
5518,2285,2,0.7848,422.4,871.6,774.7,1211.3,train,072_2024c_ako,ako_2023-24,koma_04776_072_2024c_ako__ako4__page0004
5519,4618,1,0.7368,122.7,229.3,1012.1,1073.3,train,008_2016_poolsideIdle,poolsideidle,koma_00558_008_2016_poolsideIdle__poolside__page0006
5520,949,1,0.8334,3139.3,1050.7,4065.4,1935.8,train,018_2018_ako6,ako_2018-19,koma_01845_018_2018_ako6__done5__ako6-29
5521,3788,2,0.7684,161.5,1864.3,457.0,2133.6,train,regions_ako5ver2_koma_panels_20260729,ako_2017,koma_0058_page0025
5522,1177,3,0.4543,209.3,454.7,1066.4,1706.5,test_series,005_2016_ng,ng,koma_00379_005_2016_ng__新しいフォルダー_n__page0016
5523,1853,1,0.8462,434.6,575.1,1272.7,1342.4,train,011_2017_ako5,ako_2017,koma_00774_011_2017_ako5__ako5__page0068
5524,330,1,0.8142,1281.3,487.9,1978.0,1317.6,test_series,010_2016_suc,suc,koma_00684_010_2016_suc__subbcubussBK__page0018
5525,4429,1,0.8634,254.4,837.4,572.1,1113.9,test_series,014_2017_kacho,kacho,koma_01402_014_2017_kacho__kacho__page0037
5526,3427,1,0.7708,519.2,213.6,1390.7,1123.1,train,053_2022b_akocult,ako_2020-22,koma_03771_053_2022b_akocult__akocult__page0034
5527,4030,2,0.824,1165.7,565.9,1570.9,1032.5,train,061_2023b_akocultB,ako_2023-24,koma_04172_061_2023b_akocultB__akocultB__page0050
5528,103,4,0.8512,1135.4,523.2,2109.0,1365.2,test_series,007_2016_phantom,phantom,koma_00463_007_2016_phantom__PhantomThief__page0006
5529,1215,2,0.6327,165.4,456.2,1020.5,1424.7,test_series,005_2016_ng,ng,koma_00310_005_2016_ng__ng__page0016
5530,2066,1,0.87,1998.0,339.0,2873.2,1135.8,train,061_2023b_akocultB,ako_2023-24,koma_04117_061_2023b_akocultB__akocultB__page0028
