rank,name,sketch_page,line_page,region_rank,region_score,tile_score,edge_f1,edge_precision,edge_recall,chamfer,orientation_entropy,rough_std,line_ink,support,rough_edges,line_edges,tile_bbox,decision,notes
1,ako5r_0040_0040_0831_1440.jpg,page0040,page0040,29,5.3144373505266715,4.773711059666464,0.8312082490918297,0.7861480075901328,0.8817480719794345,3.6291937828063965,0.6829287102369936,32.27215871722805,0.09722222222222222,1.0,5270,4668,"(831, 1440, 1311, 1920)",,
2,ako5r_0018_0018_1579_0766.jpg,page0018,page0018,72,4.945967932742508,4.69215742088143,0.8293479164985817,0.7172398291750955,0.9829948039678791,3.826350212097168,0.7109908636207223,29.299916353941402,0.030685763888888887,1.0,4449,2117,"(1579, 766, 2059, 1246)",,
3,ako5r_0008_0008_1966_1726.jpg,page0008,page0008,8,5.724889563441003,4.44420973478992,0.7598205868201936,0.6939465674670274,0.8395127118644068,4.300680160522461,0.8081367478466179,32.584054101276436,0.10892361111111111,1.0,11828,7552,"(1966, 1726, 2446, 2206)",,
4,ako5r_0040_0040_1772_1791.jpg,page0040,page0040,30,5.2987385924617305,4.429932847046396,0.7734635488072694,0.7799505969534788,0.7670835194283162,4.088481903076172,0.731875868445029,30.192124984975774,0.0487109375,1.0,4858,4478,"(1772, 1791, 2252, 2271)",,
5,ako5r_0016_0016_1726_1966.jpg,page0016,page0016,6,5.933503435514612,4.307061035353433,0.7486819483834208,0.7483031674208145,0.7490611130078525,4.389981269836426,0.689527540095527,17.000522756918357,0.01703125,1.0,3536,2929,"(1726, 1966, 2206, 2446)",,
6,ako5r_0036_0036_3176_1292.jpg,page0036,page0036,51,5.075893672438714,4.299657324476321,0.7795677439927322,0.7308072487644152,0.8353001539250898,5.034784317016602,0.8092392713127167,22.169957292539067,0.02861545138888889,1.0,3035,1949,"(3176, 1292, 3656, 1772)",,
7,ako5r_0038_0038_2446_4883.jpg,page0038,page0038,102,4.6362820260814965,4.251944654608243,0.7885308766590668,0.7031131359149583,0.8975725281231498,4.684812545776367,0.6885130956949472,19.388478489008413,0.02214409722222222,1.0,2634,1689,"(2446, 4883, 2926, 5363)",,
8,ako5r_0011_0011_0480_3351.jpg,page0011,page0011,76,4.9181950108032435,4.218447902980644,0.7770233713976044,0.7284976420390747,0.8324751115688294,4.730155944824219,0.6770412291712247,25.71180921627042,0.04855034722222222,1.0,4453,2913,"(480, 3351, 960, 3831)",,
9,ako5r_0037_0037_1772_2474.jpg,page0037,page0037,140,4.05128576966146,4.200233988099507,0.7732332399797003,0.6934604904632152,0.8737451737451738,4.563608169555664,0.7988706958286487,20.279697386754354,0.04499565972222222,1.0,4404,2590,"(1772, 2474, 2252, 2954)",,
10,ako5r_0033_0033_1006_0526.jpg,page0033,page0033,25,5.374739131042966,4.16013436470208,0.7293077423319472,0.6941431670281996,0.7682252388134742,4.473628520965576,0.7526381094737677,18.382205535791226,0.02437934027777778,1.0,2766,1989,"(1006, 526, 1486, 1006)",,
11,ako5r_0040_0040_0831_1200.jpg,page0040,page0040,29,5.3144373505266715,4.155548389838173,0.754879503781253,0.7501496110113705,0.7596694214876033,4.463427543640137,0.595838471351168,21.53430811121064,0.04299913194444444,1.0,3342,3025,"(831, 1200, 1311, 1680)",,
12,ako5r_0012_0012_1532_1772.jpg,page0012,page0012,3,6.063478878338192,4.149228894170353,0.730966955422394,0.6274213075060533,0.8754448398576512,5.286203384399414,0.8145434924228321,28.17774243576743,0.05053385416666667,1.0,6608,3653,"(1532, 1772, 2012, 2252)",,
13,ako5r_0038_0038_3819_0831.jpg,page0038,page0038,38,5.215725314749047,4.149126014763146,0.7471988022729629,0.7187982591604661,0.7779359430604982,4.6545090675354,0.7020937746163186,28.77182549613564,0.06883246527777778,1.0,7123,5620,"(3819, 831, 4299, 1311)",,
14,ako5r_0030_0030_1532_5059.jpg,page0030,page0030,105,4.609157734963118,4.148997773562083,0.7414097307622078,0.6719273075083692,0.8269195359970539,4.546530723571777,0.824852005276165,38.04131853662145,0.059973958333333334,1.0,8364,5431,"(1532, 5059, 2012, 5539)",,
15,ako5r_0018_0018_1486_2779.jpg,page0018,page0018,2,6.132773043206202,4.1284542340858525,0.732046005070139,0.7060580714541761,0.7600201240986081,4.872999668121338,0.6785301779492817,33.408116287359945,0.049578993055555555,1.0,8369,5963,"(1486, 2779, 1966, 3259)",,
16,ako5r_0013_0013_0831_0351.jpg,page0013,page0013,32,5.292288983646856,4.124568737247553,0.7530240917093759,0.6301661695781849,0.9353885135135135,4.899640083312988,0.6819161847703031,25.23609946687073,0.04938368055555555,1.0,4694,2368,"(831, 351, 1311, 831)",,
17,ako5r_0008_0008_2206_1726.jpg,page0008,page0008,8,5.724889563441003,4.123213393565839,0.7286886598599934,0.6468042909943208,0.8343110829237356,5.073670387268066,0.7947134215041693,29.835016793960705,0.10256944444444445,1.0,11093,6307,"(2206, 1726, 2686, 2206)",,
18,ako5r_0038_0038_2714_2252.jpg,page0038,page0038,4,6.006898993731954,4.097087763161644,0.7450730785058575,0.6745362563237775,0.8320848938826467,4.977242469787598,0.5839635807373448,16.967227145838244,0.01642361111111111,1.0,2372,1602,"(2714, 2252, 3194, 2732)",,
19,ako5r_0013_0013_1292_1200.jpg,page0013,page0013,85,4.827287794292282,4.093585636789958,0.7420499888438722,0.6507997440818938,0.8630620587142326,4.730753421783447,0.7567415097293049,33.177761895232365,0.053424479166666664,1.0,7815,5382,"(1292, 1200, 1772, 1680)",,
20,ako5r_0027_0027_2400_4256.jpg,page0027,page0027,10,5.6979429613541415,4.085960727293678,0.7254463638768982,0.7042418169672678,0.7479674796747967,5.19522762298584,0.803853735379042,26.429169691084446,0.09598090277777778,1.0,5988,3567,"(2400, 4256, 2880, 4736)",,
21,ako5r_0027_0027_1486_4163.jpg,page0027,page0027,58,5.008598159529844,4.080011995001274,0.7385322763902455,0.6646451033243486,0.8309018567639257,4.527288436889648,0.6768982206231244,28.997767162123726,0.04325954861111111,1.0,8904,6032,"(1486, 4163, 1966, 4643)",,
22,ako5r_0011_0011_0526_2446.jpg,page0011,page0011,5,6.001782141534989,4.0736992164640835,0.7185644653625575,0.6310736677115988,0.8342189160467588,5.131946563720703,0.7590827529942956,25.567461922127322,0.030091145833333333,1.0,5104,2823,"(526, 2446, 1006, 2926)",,
23,ako5r_0008_0008_2446_0766.jpg,page0008,page0008,8,5.724889563441003,4.072451855251778,0.7208623470060744,0.6136469492314858,0.8734743694060212,4.796835422515869,0.7109672127605366,18.40052354052238,0.03672309027777778,1.0,4294,2458,"(2446, 766, 2926, 1246)",,
24,ako5r_0033_0033_2446_0766.jpg,page0033,page0033,25,5.374739131042966,4.05402663466881,0.7266425099727716,0.7384388038942976,0.7152171732370348,5.099775314331055,0.7931978475183983,35.4098860018272,0.07680989583333334,1.0,11504,9969,"(2446, 766, 2926, 1246)",,
25,ako5r_0018_0018_1246_0480.jpg,page0018,page0018,1,6.233926313833417,4.052984552407871,0.7292854938434854,0.6268636668905305,0.8717126363053239,5.440845966339111,0.7434078455728339,35.44692289896758,0.052196180555555555,1.0,7445,4677,"(1246, 480, 1726, 960)",,
26,ako5r_0049_0049_1966_4311.jpg,page0049,page0049,130,4.355755235393404,4.034655202324336,0.7280886449025344,0.618103448275862,0.8856877323420075,4.523280143737793,0.8068809015627639,24.80241384585265,0.04279079861111111,1.0,4640,2152,"(1966, 4311, 2446, 4791)",,
27,ako5r_0011_0011_3727_1006.jpg,page0011,page0011,11,5.650327630387615,4.026701770211543,0.7170221243006344,0.6827054017249206,0.7549713515335356,4.932234287261963,0.7256110770032761,20.960365946036575,0.09450520833333333,1.0,4406,2967,"(3727, 1006, 4207, 1486)",,
28,ako5r_0011_0011_3487_1486.jpg,page0011,page0011,11,5.650327630387615,4.022197656423555,0.7422584122252806,0.78695509668961,0.7023661270236613,5.466562271118164,0.6958361312033032,18.808742956168963,0.02842013888888889,1.0,3051,2409,"(3487, 1486, 3967, 1966)",,
29,ako5r_0011_0011_2686_1006.jpg,page0011,page0011,5,6.001782141534989,4.004267391479747,0.7043065560237173,0.7274224540214109,0.6826145552560647,5.1546630859375,0.7670840356858256,18.997576292676566,0.052569444444444446,1.0,3643,2968,"(2686, 1006, 3166, 1486)",,
30,ako5r_0052_0052_1791_4579.jpg,page0052,page0052,41,5.203652635811279,3.951688095835218,0.7351896778336113,0.6637282557592854,0.8238958097395244,5.386899948120117,0.7157147511493653,38.36986952043055,0.06184027777777778,1.0,8508,5298,"(1791, 4579, 2271, 5059)",,
31,ako5r_0011_0011_0240_5280.jpg,page0011,page0011,45,5.131010415564335,3.9474550630572667,0.7168658647068228,0.6595394736842105,0.7851063829787234,5.310685157775879,0.8195140109295977,39.17626260686316,0.06595486111111111,1.0,7904,4700,"(240, 5280, 720, 5760)",,
32,ako5r_0036_0036_1532_1440.jpg,page0036,page0036,70,4.96516062592923,3.9394844874899624,0.7056986589323943,0.6576827303354328,0.7612778315585673,4.764335632324219,0.7738552817543127,37.49992363391526,0.061163194444444444,1.0,6827,5165,"(1532, 1440, 2012, 1920)",,
33,ako5r_0026_0026_2954_1754.jpg,page0026,page0026,31,5.293630352459875,3.9336440485100495,0.7061045145326466,0.6613447403301602,0.7573627844712182,5.149918556213379,0.7988257927756389,40.00526819696934,0.11526041666666667,1.0,16598,11952,"(2954, 1754, 3434, 2234)",,
34,ako5r_0018_0018_1726_2779.jpg,page0018,page0018,2,6.132773043206202,3.9205978386583737,0.7112690205451616,0.6536436007348438,0.7800373521477485,5.8550944328308105,0.7940895281234098,30.612186379606403,0.04236545138888889,1.0,8165,4819,"(1726, 2779, 2206, 3259)",,
35,ako5r_0008_0008_1920_3259.jpg,page0008,page0008,75,4.921540074673752,3.917480298779991,0.737040477380596,0.6614785992217899,0.8320918059190658,5.145977020263672,0.6540528809108535,32.610418585621076,0.04920138888888889,1.0,6425,4967,"(1920, 3259, 2400, 3739)",,
36,ako5r_0008_0008_2446_2926.jpg,page0008,page0008,8,5.724889563441003,3.911771666940241,0.6967853924636193,0.6171145416428435,0.8000771158665896,5.180328369140625,0.7564711799176493,35.67666018626394,0.063671875,1.0,10494,5187,"(2446, 2926, 2926, 3406)",,
37,ako5r_0018_0018_1819_0766.jpg,page0018,page0018,72,4.945967932742508,3.895885825492547,0.7326272118678694,0.5801393728222997,0.9938603223330775,4.8476128578186035,0.5754714347569311,24.02223083612627,0.02049045138888889,1.0,2870,1303,"(1819, 766, 2299, 1246)",,
38,ako5r_0008_0008_0766_1726.jpg,page0008,page0008,8,5.724889563441003,3.8894211457731336,0.7001270355261956,0.7072792978833248,0.6931179775280899,5.576350212097168,0.8066532200567982,15.169200608638091,0.01738715277777778,1.0,1937,1424,"(766, 1726, 1246, 2206)",,
39,ako5r_0052_0052_2206_2539.jpg,page0052,page0052,65,4.978866814082908,3.888986461411527,0.7367366736050179,0.6531912823506518,0.8447879289723066,5.1351094245910645,0.6068686952402674,41.54715445669804,0.0900390625,1.0,20556,10869,"(2206, 2539, 2686, 3019)",,
40,ako5r_0050_0050_1976_4099.jpg,page0050,page0050,48,5.100864230860513,3.8888293392291207,0.7251376249377577,0.625537139349294,0.8624622609862462,5.039864540100098,0.632480609914093,29.330470383368795,0.04970486111111111,1.0,4887,2981,"(1976, 4099, 2456, 4579)",,
41,ako5r_0026_0026_3379_2714.jpg,page0026,page0026,31,5.293630352459875,3.882077598296345,0.7014637460646135,0.6272202823743738,0.7956432783728488,5.301154136657715,0.8011814280447994,41.42199284929339,0.09069010416666666,1.0,13174,8309,"(3379, 2714, 3859, 3194)",,
42,ako5r_0008_0008_2640_1819.jpg,page0008,page0008,75,4.921540074673752,3.876975156102314,0.7082713950162597,0.5914568433428039,0.8825845713262932,5.257450580596924,0.8110966074241726,32.66395942066928,0.0339453125,1.0,10207,5587,"(2640, 1819, 3120, 2299)",,
43,ako5r_0018_0018_1246_0720.jpg,page0018,page0018,1,6.233926313833417,3.8753293809138762,0.6946608785339724,0.5811859240786922,0.8631978953522362,5.584169387817383,0.7735735822593631,33.84763237760978,0.04401909722222222,1.0,7218,3421,"(1246, 720, 1726, 1200)",,
44,ako5r_0047_0047_1292_2936.jpg,page0047,page0047,47,5.119874974141329,3.8725527402610305,0.6985468901416625,0.5633466135458167,0.9191343963553531,4.627648830413818,0.6717085118928532,27.750999925763885,0.03323784722222222,1.0,3765,1756,"(1292, 2936, 1772, 3416)",,
45,ako5r_0011_0011_3247_1486.jpg,page0011,page0011,11,5.650327630387615,3.870156198146585,0.7189532260282472,0.7552169592580324,0.6860125260960334,5.767911911010742,0.7267791320616944,19.200419052252638,0.037235243055555554,1.0,3019,2395,"(3247, 1486, 3727, 1966)",,
46,ako5r_0023_0023_0960_4099.jpg,page0023,page0023,91,4.705332270546789,3.858859460179307,0.7241234365140428,0.6507295466388744,0.8161777469189376,5.487342834472656,0.7873887549020073,27.734060971857193,0.04894097222222222,1.0,7676,5761,"(960, 4099, 1440, 4579)",,
47,ako5r_0023_0023_1200_4099.jpg,page0023,page0023,91,4.705332270546789,3.8570418232002828,0.7241149545160455,0.6333416959357752,0.8452614670712119,5.579575538635254,0.8082278972063598,28.680382678748938,0.083046875,1.0,7972,5603,"(1200, 4099, 1680, 4579)",,
48,ako5r_0012_0012_1292_1772.jpg,page0012,page0012,3,6.063478878338192,3.85488220195642,0.6925130485776011,0.600816852966466,0.817239498090562,5.514769554138184,0.744088587370064,31.647664270578588,0.06545138888888889,1.0,9304,5499,"(1292, 1772, 1772, 2252)",,
49,ako5r_0012_0012_1551_1976.jpg,page0012,page0012,35,5.228617394011868,3.853109627116703,0.7107517843326321,0.5934485079649989,0.8858527985896871,5.330305099487305,0.7263988953115291,24.79796848518119,0.03235677083333333,1.0,4457,2269,"(1551, 1976, 2031, 2456)",,
50,ako5r_0018_0018_2059_3351.jpg,page0018,page0018,16,5.532110991896032,3.846086267598545,0.6949376004623526,0.5817307692307693,0.8628515046867291,5.321187973022461,0.7572740138835863,36.19793854277479,0.05894965277777778,1.0,9776,4054,"(2059, 3351, 2539, 3831)",,
51,ako5r_0013_0013_3579_3656.jpg,page0013,page0013,93,4.67069829977236,3.839031164847963,0.7261129789315126,0.6641287796388949,0.8008583690987124,5.416084289550781,0.738847978918379,22.661987890885,0.03215711805555556,1.0,4597,2330,"(3579, 3656, 4059, 4136)",,
52,ako5r_0008_0008_1006_0526.jpg,page0008,page0008,8,5.724889563441003,3.837889691620546,0.6956951413895593,0.6263628239499553,0.7822867298578199,5.704004287719727,0.80185175962568,40.054558749855346,0.09352430555555556,1.0,11190,6752,"(1006, 526, 1486, 1006)",,
53,ako5r_0013_0013_1052_1292.jpg,page0013,page0013,98,4.663383458458164,3.819806166116,0.7071231698913979,0.6133942161339422,0.8346627991298042,5.026735782623291,0.7375374430186799,25.26432050273236,0.025264756944444446,1.0,4599,2758,"(1052, 1292, 1532, 1772)",,
54,ako5r_0008_0008_2446_1726.jpg,page0008,page0008,8,5.724889563441003,3.8188685876165738,0.690254591532046,0.5556608884073673,0.910893778864439,5.702584266662598,0.8117238109658911,25.45082659977703,0.03676649305555556,1.0,7384,3681,"(2446, 1726, 2926, 2206)",,
55,ako5r_0011_0011_2287_1486.jpg,page0011,page0011,11,5.650327630387615,3.812852284175853,0.6865189716468885,0.6797799174690509,0.6933929800412939,5.2250261306762695,0.7221418843981533,15.481452804677856,0.025151909722222223,1.0,3635,2906,"(2287, 1486, 2767, 1966)",,
56,ako5r_0012_0012_1440_1052.jpg,page0012,page0012,14,5.569205352127592,3.8119674524260203,0.6886776232192806,0.5673244341265236,0.8760736196319019,5.386877059936523,0.7632174318722283,22.45746706741922,0.023428819444444443,1.0,3446,1630,"(1440, 1052, 1920, 1532)",,
57,ako5r_0052_0052_1976_4819.jpg,page0052,page0052,41,5.203652635811279,3.8084429350069677,0.6922898904223315,0.5566780093577202,0.9152542372881356,5.275646686553955,0.7769686560430116,39.945244978880936,0.05161024305555555,1.0,9404,4012,"(1976, 4819, 2456, 5299)",,
58,ako5r_0018_0018_1966_2400.jpg,page0018,page0018,1,6.233926313833417,3.7974526868366656,0.6945174233021362,0.6265715894164008,0.7789918053141296,6.001595497131348,0.7814808371903174,21.583337441905798,0.022530381944444445,1.0,5329,4027,"(1966, 2400, 2446, 2880)",,
59,ako5r_0020_0020_1551_1994.jpg,page0020,page0020,57,5.023334701412671,3.7904353275232356,0.7054685453908965,0.6681863230921705,0.7471570287926446,4.9284467697143555,0.6191021866246541,29.25164422404307,0.02158420138888889,1.0,5045,4133,"(1551, 1994, 2031, 2474)",,
60,ako5r_0018_0018_1486_0480.jpg,page0018,page0018,1,6.233926313833417,3.7835106555552493,0.7174825704696333,0.7211846821354462,0.7138182733450793,6.633247375488281,0.7784340978809247,31.639655484974853,0.045807291666666666,1.0,5301,3973,"(1486, 480, 1966, 960)",,
61,ako5r_0008_0008_2696_3194.jpg,page0008,page0008,81,4.868517674123647,3.7822654490799534,0.7024795169457272,0.614141713608064,0.8204997450280469,5.392230987548828,0.7725455134281694,32.630952594430596,0.044691840277777777,1.0,6746,3922,"(2696, 3194, 3176, 3674)",,
62,ako5r_0013_0013_0831_1071.jpg,page0013,page0013,32,5.292288983646856,3.778498831540597,0.6937148300617869,0.575482947770093,0.87308939323761,5.333752155303955,0.7285397059317822,27.00912049827676,0.041063368055555556,1.0,4193,2159,"(831, 1071, 1311, 1551)",,
63,ako5r_0042_0042_0720_1486.jpg,page0042,page0042,139,4.063070861169683,3.7733033045245143,0.7237883377111952,0.628673835125448,0.8528138528138528,5.062412261962891,0.6967292989820791,24.662562213135775,0.02473090277777778,1.0,2790,1386,"(720, 1486, 1200, 1966)",,
64,ako5r_0057_0057_2954_4560.jpg,page0057,page0057,134,4.255204705955209,3.772648818868883,0.7137042582262658,0.617770767613039,0.8449101796407186,5.068493843078613,0.7244319880749942,35.29335863842433,0.044596354166666664,1.0,5706,3340,"(2954, 4560, 3434, 5040)",,
65,ako5r_0020_0020_1440_2252.jpg,page0020,page0020,12,5.641062621287496,3.756816313464009,0.6893434215466611,0.6723098330241187,0.7072625698324022,5.588024616241455,0.7269309197323383,25.08832764156533,0.03208767361111111,1.0,4312,3580,"(1440, 2252, 1920, 2732)",,
66,ako5r_0036_0036_2252_2677.jpg,page0036,page0036,43,5.185747009210942,3.7548671578015176,0.6969864688099756,0.6058091286307054,0.8204715969989282,5.147132873535156,0.6518741713462867,21.667961982173715,0.07661458333333333,1.0,2651,1866,"(2252, 2677, 2732, 3157)",,
67,ako5r_0008_0008_2926_3203.jpg,page0008,page0008,8,5.724889563441003,3.752154400280026,0.6805130418094935,0.5933263816475496,0.7977369165487977,5.54046106338501,0.7486849617417629,23.099185224832933,0.027825520833333332,1.0,3836,2121,"(2926, 3203, 3406, 3683)",,
68,ako5r_0016_0016_2446_0526.jpg,page0016,page0016,6,5.933503435514612,3.744495190281894,0.6726046647323074,0.5725795622398281,0.814974182444062,5.604755401611328,0.7654967895192891,25.026707669768008,0.051983506944444445,1.0,7447,3486,"(2446, 526, 2926, 1006)",,
69,ako5r_0052_0052_1994_4579.jpg,page0052,page0052,79,4.882377994135488,3.7371058252605085,0.7030800261759549,0.6018345355775225,0.845279866332498,5.6424455642700195,0.7722976351430187,43.793124723258856,0.0795095486111111,1.0,11229,5985,"(1994, 4579, 2474, 5059)",,
70,ako5r_0060_0060_1071_2714.jpg,page0060,page0060,17,5.500081813833473,3.7362786843519444,0.6937516282089095,0.5771557469496565,0.869382612347753,5.332452774047852,0.6362485325524329,43.68353614829563,0.07396701388888889,1.0,9753,4762,"(1071, 2714, 1551, 3194)",,
71,ako5r_0036_0036_1551_1791.jpg,page0036,page0036,9,5.713012714112921,3.722700488202162,0.6822847511419213,0.634150436534587,0.7383263985205732,5.438531875610352,0.6775390006221098,35.26736741311419,0.05004340277777778,1.0,5956,4326,"(1551, 1791, 2031, 2271)",,
72,ako5r_0036_0036_3416_1292.jpg,page0036,page0036,51,5.075893672438714,3.7207573368581857,0.7069609198984529,0.5683494044242768,0.9349904397705545,6.017813682556152,0.7851642787641807,23.54867819420002,0.0251953125,1.0,3526,1569,"(3416, 1292, 3896, 1772)",,
73,ako5r_0030_0030_1292_2936.jpg,page0030,page0030,34,5.2633040739776655,3.7196417394251706,0.6870343823726579,0.6264536463427888,0.760586319218241,5.594694137573242,0.7673913049748502,37.09256014981415,0.12164930555555556,1.0,9201,6754,"(1292, 2936, 1772, 3416)",,
74,ako5r_0059_0059_2936_1071.jpg,page0059,page0059,114,4.513847094966868,3.719214783577696,0.7100922887989175,0.6520026894630679,0.7795451721138312,5.763063430786133,0.8053612018691308,40.826103608644644,0.09056857638888889,1.0,10411,8047,"(2936, 1071, 3416, 1551)",,
75,ako5r_0057_0057_3194_4560.jpg,page0057,page0057,134,4.255204705955209,3.7171245634181806,0.7167209714314771,0.6438123024556285,0.808251606357795,5.435680866241455,0.7279689670197564,40.97899318810316,0.0596484375,1.0,8226,5914,"(3194, 4560, 3674, 5040)",,
76,ako5r_0027_0027_2686_1246.jpg,page0027,page0027,39,5.2099254629625085,3.716185976081166,0.68673284228555,0.612718204488778,0.7810858143607706,5.723940849304199,0.8072763938373492,39.946985342951905,0.06587239583333333,1.0,16040,10278,"(2686, 1246, 3166, 1726)",,
77,ako5r_0012_0012_1052_1772.jpg,page0012,page0012,3,6.063478878338192,3.714604794856314,0.6696687888006322,0.6090364223144306,0.7437083641746854,5.56604528427124,0.7243373846342516,28.977386540700437,0.06616753472222223,1.0,8676,5404,"(1052, 1772, 1532, 2252)",,
78,ako5r_0060_0060_0591_2234.jpg,page0060,page0060,17,5.500081813833473,3.7140705086998653,0.6762829829238168,0.6082765497756357,0.7614100185528757,5.732719421386719,0.8177340078538808,37.808905649361456,0.1404079861111111,1.0,12034,8085,"(591, 2234, 1071, 2714)",,
79,ako5r_0051_0051_3019_4163.jpg,page0051,page0051,61,5.006758845385407,3.6986656206279904,0.683345292667566,0.547344885410844,0.9092757306226176,5.512129306793213,0.7916889898012397,32.96660276915012,0.04108072916666667,1.0,8945,3935,"(3019, 4163, 3499, 4643)",,
80,ako5r_0018_0018_1440_3351.jpg,page0018,page0018,7,5.853440620878745,3.684049361812971,0.6991340696765849,0.6092199961097062,0.8201840894148587,5.944903373718262,0.6241794938023595,24.535863603777724,0.031610243055555556,1.0,5141,3042,"(1440, 3351, 1920, 3831)",,
81,ako5r_0023_0023_3203_2299.jpg,page0023,page0023,71,4.964825368267264,3.675057237549606,0.6850343483343664,0.6105939004815409,0.7801456703533854,5.538402557373047,0.7660527526403672,31.730669691471242,0.07447482638888889,1.0,6230,3707,"(3203, 2299, 3683, 2779)",,
82,ako5r_0011_0011_0766_2926.jpg,page0011,page0011,5,6.001782141534989,3.6687480242565944,0.6650664255417685,0.7636792452830189,0.5890085813401497,5.7016496658325195,0.7296822871428201,16.498513702114444,0.030069444444444444,1.0,4240,5477,"(766, 2926, 1246, 3406)",,
83,ako5r_0027_0027_2400_2779.jpg,page0027,page0027,10,5.6979429613541415,3.668429190145334,0.6730762340805793,0.6127133608004709,0.7466324567030147,6.0338134765625,0.8188990885647708,36.2838579998828,0.06968315972222222,1.0,10194,6236,"(2400, 2779, 2880, 3259)",,
84,ako5r_0026_0026_1680_2446.jpg,page0026,page0026,117,4.50374240392434,3.667456573364855,0.689599065421415,0.6213485613880958,0.7746933505487411,5.090298175811768,0.7024494010393536,24.341540572242312,0.030694444444444444,1.0,4553,3098,"(1680, 2446, 2160, 2926)",,
85,ako5r_0016_0016_3203_0526.jpg,page0016,page0016,6,5.933503435514612,3.6673004439190406,0.6609513131198371,0.5314876787344083,0.8737971872686898,5.795062065124512,0.7894134700219576,27.445274829176867,0.04858940972222222,1.0,6574,2702,"(3203, 526, 3683, 1006)",,
86,ako5r_0012_0012_0480_2012.jpg,page0012,page0012,14,5.569205352127592,3.6662282961560777,0.707716332296992,0.806615776081425,0.6304202801867912,6.085705757141113,0.6367587291002512,16.21679314526303,0.036710069444444444,1.0,2751,2998,"(480, 2012, 960, 2492)",,
87,ako5r_0049_0049_3203_2631.jpg,page0049,page0049,130,4.355755235393404,3.6593850083304034,0.7135723672049437,0.6479002384008803,0.7940594059405941,5.071811676025391,0.5656527777521899,29.36023516837549,0.029908854166666665,1.0,5453,3535,"(3203, 2631, 3683, 3111)",,
88,ako5r_0012_0012_1052_1532.jpg,page0012,page0012,3,6.063478878338192,3.6585249676717564,0.6620391835956113,0.5718380062305296,0.7860262008733624,5.9111328125,0.7881945152421255,28.519239100368594,0.048828125,1.0,8025,4580,"(1052, 1532, 1532, 2012)",,
89,ako5r_0040_0040_1532_1791.jpg,page0040,page0040,30,5.2987385924617305,3.652469777503957,0.7011381491323808,0.7192203306192944,0.683942890670839,5.4849443435668945,0.5611963896077156,27.187625788563846,0.026336805555555554,1.0,4053,5113,"(1532, 1791, 2012, 2271)",,
90,ako5r_0052_0052_2059_2446.jpg,page0052,page0052,111,4.540131489396805,3.6498223920750776,0.7107510468741964,0.6236572675394427,0.826118559198837,5.521462440490723,0.6491749029908994,44.30269619915889,0.10180121527777777,1.0,23832,12382,"(2059, 2446, 2539, 2926)",,
91,ako5r_0042_0042_1200_3166.jpg,page0042,page0042,139,4.063070861169683,3.6473463781714623,0.6983631201759172,0.6757261410788382,0.7225693576605848,5.494118690490723,0.8061173577682105,27.274076182358982,0.05653211805555555,1.0,4820,4001,"(1200, 3166, 1680, 3646)",,
92,ako5r_0027_0027_1246_4163.jpg,page0027,page0027,58,5.008598159529844,3.646469000580462,0.6827198953609454,0.65599929471921,0.7117097306212204,5.414562225341797,0.7056153061432721,33.482086759963195,0.061857638888888886,1.0,11343,9095,"(1246, 4163, 1726, 4643)",,
93,ako5r_0008_0008_2640_2059.jpg,page0008,page0008,75,4.921540074673752,3.645322758896923,0.6822152670721299,0.5693196405648266,0.8509599378537344,5.349047660827637,0.7072811806259227,43.6140644875414,0.04650173611111111,1.0,15580,9011,"(2640, 2059, 3120, 2539)",,
94,ako5r_0008_0008_2446_1966.jpg,page0008,page0008,8,5.724889563441003,3.645075960319296,0.6645546619708426,0.5440341904294822,0.8536688220410458,5.745124340057373,0.7657426049505087,37.86567012170037,0.06128472222222222,1.0,14273,7114,"(2446, 1966, 2926, 2446)",,
95,ako5r_0047_0047_1532_2936.jpg,page0047,page0047,47,5.119874974141329,3.644401735124603,0.7006450511599782,0.6248210023866348,0.7974137931034483,5.700952529907227,0.6417321739811981,19.11920963287126,0.016197916666666666,1.0,2095,1160,"(1532, 2936, 2012, 3416)",,
96,ako5r_0013_0013_1071_1551.jpg,page0013,page0013,32,5.292288983646856,3.640020704698054,0.6599912645989959,0.5579636363636363,0.8076816031171723,5.469840049743652,0.8002363051309708,32.51547832439026,0.03944444444444444,1.0,6875,3593,"(1071, 1551, 1551, 2031)",,
97,ako5r_0052_0052_2206_2299.jpg,page0052,page0052,65,4.978866814082908,3.6320326382945125,0.6928512149300139,0.6064649312723428,0.8079354274044539,5.590079307556152,0.6737030038040469,45.97448877542142,0.09786458333333334,1.0,19861,10283,"(2206, 2299, 2686, 2779)",,
98,ako5r_0042_0042_0766_1819.jpg,page0042,page0042,123,4.453644122691713,3.6298646949653017,0.6971176443012074,0.6390708755211435,0.7667626491155903,5.6997833251953125,0.7702331501182127,23.575579971685734,0.031684027777777776,1.0,3358,2431,"(766, 1819, 1246, 2299)",,
99,ako5r_0008_0008_2686_0766.jpg,page0008,page0008,8,5.724889563441003,3.6282618657299097,0.6552568793979426,0.585854189336235,0.7433127572016461,5.592566013336182,0.7646965461141028,25.90107908692532,0.03532986111111111,1.0,9190,5832,"(2686, 766, 3166, 1246)",,
100,ako5r_0037_0037_0720_4357.jpg,page0037,page0037,90,4.713517083216061,3.6237466058689214,0.6875362092907324,0.690454790580622,0.6846421980725856,5.698624610900879,0.7734536488912818,28.336441967443193,0.08584201388888889,1.0,5563,4877,"(720, 4357, 1200, 4837)",,
101,ako5r_0025_0025_1071_1772.jpg,page0025,page0025,116,4.506425184322397,3.620139252771689,0.6831795663982801,0.5600082203041512,0.8758101609868284,5.6195597648620605,0.815236995130426,38.23823929749937,0.047730034722222224,1.0,9732,4783,"(1071, 1772, 1551, 2252)",,
102,ako5r_0008_0008_2446_3166.jpg,page0008,page0008,8,5.724889563441003,3.616005508220278,0.6616981104937097,0.5785600923387678,0.7727393264386104,5.939760684967041,0.7959170727862342,35.81739131403592,0.0377734375,1.0,6931,3771,"(2446, 3166, 2926, 3646)",,
103,ako5r_0040_0040_1551_4099.jpg,page0040,page0040,84,4.8289243974965865,3.615102157579955,0.6712888979928997,0.5639314946007291,0.8291336693064555,5.610527992248535,0.8205307580508447,41.64395357464872,0.07520833333333334,1.0,14539,8334,"(1551, 4099, 2031, 4579)",,
104,ako5r_0013_0013_1071_1071.jpg,page0013,page0013,32,5.292288983646856,3.6040227699024863,0.6721388924522047,0.5638071605813542,0.832002555094219,5.906316757202148,0.7884353894185802,30.105760420772427,0.044895833333333336,1.0,5642,3131,"(1071, 1071, 1551, 1551)",,
105,ako5r_0043_0043_3259_1819.jpg,page0043,page0043,63,5.0001658950413415,3.6024485906514654,0.712492940330027,0.662510626239728,0.7706323687031083,6.336597919464111,0.6965982357974397,21.24509260549934,0.02544704861111111,1.0,3529,1866,"(3259, 1819, 3739, 2299)",,
106,ako5r_0036_0036_0480_1052.jpg,page0036,page0036,13,5.5721892153299075,3.600093489128843,0.6788229241778747,0.581266261925412,0.815730892901311,5.6580705642700195,0.6272057484924839,36.87135753438656,0.05244357638888889,1.0,5765,4043,"(480, 1052, 960, 1532)",,
107,ako5r_0011_0011_0526_2206.jpg,page0011,page0011,5,6.001782141534989,3.5954764938000463,0.6561165795572904,0.5740144810941271,0.765625,5.8546552658081055,0.7322808114690191,29.541257972471318,0.03864149305555555,1.0,7458,3904,"(526, 2206, 1006, 2686)",,
108,ako5r_0011_0011_2527_0766.jpg,page0011,page0011,11,5.650327630387615,3.592698071717591,0.7009399070833139,0.6654135338345865,0.7404737384140062,6.608841896057129,0.7027722136928815,16.081298733371153,0.031584201388888886,1.0,3192,1942,"(2527, 766, 3007, 1246)",,
109,ako5r_0012_0012_1052_2012.jpg,page0012,page0012,3,6.063478878338192,3.5916788833387034,0.6568277669514507,0.6438403701561596,0.6703499079189686,5.9820356369018555,0.7549339699522765,27.492707461018213,0.14325520833333333,1.0,8645,6516,"(1052, 2012, 1532, 2492)",,
110,ako5r_0018_0018_1486_3019.jpg,page0018,page0018,2,6.132773043206202,3.5903281029903065,0.6785940324964004,0.6065010956902849,0.7701379879702795,6.091397762298584,0.6445468662100269,39.692385052101535,0.07516059027777777,1.0,13690,8479,"(1486, 3019, 1966, 3499)",,
111,ako5r_0016_0016_1726_2206.jpg,page0016,page0016,6,5.933503435514612,3.590293426332453,0.6708233976335006,0.6218130311614731,0.7282206525395224,5.5331268310546875,0.5659703613108695,21.74182770701117,0.03387586805555556,1.0,4236,2973,"(1726, 2206, 2206, 2686)",,
112,ako5r_0008_0008_2446_2686.jpg,page0008,page0008,8,5.724889563441003,3.5899916425751512,0.6681528195863852,0.5541910331384016,0.8411169956668272,5.8190412521362305,0.6928779506929018,29.348028992236713,0.058051215277777776,1.0,10260,4154,"(2446, 2686, 2926, 3166)",,
113,ako5r_0018_0018_1966_3499.jpg,page0018,page0018,2,6.132773043206202,3.589289307050273,0.6584127734184694,0.5928896017107725,0.7402179296681526,6.144868850708008,0.7827490126244101,32.62818781929999,0.045668402777777777,1.0,7482,4038,"(1966, 3499, 2446, 3979)",,
114,ako5r_0050_0050_1200_4800.jpg,page0050,page0050,88,4.772618492647125,3.587388969514727,0.6757966486142645,0.6125311433053429,0.7536362466211868,5.711901664733887,0.7936166068663912,44.50894065738822,0.11525173611111111,1.0,10837,7769,"(1200, 4800, 1680, 5280)",,
115,ako5r_0023_0023_0960_4551.jpg,page0023,page0023,86,4.778672137485191,3.587374142183745,0.6767142025196305,0.5807144472077775,0.810740257318665,5.826517105102539,0.8153821624791517,31.67047997804786,0.13802083333333334,1.0,8846,5363,"(960, 4551, 1440, 5031)",,
116,ako5r_0033_0033_2206_1006.jpg,page0033,page0033,25,5.374739131042966,3.5872645099609093,0.6733799524404042,0.6287929871881321,0.7247727272727272,5.971478462219238,0.7605619631828644,29.811127653618065,0.04248697916666667,1.0,5932,4400,"(2206, 1006, 2686, 1486)",,
117,ako5r_0016_0016_3166_0766.jpg,page0016,page0016,6,5.933503435514612,3.5856467056569765,0.6880020809175611,0.6110828673106253,0.7870739265161576,6.514011383056641,0.6980163279416343,22.6319269065487,0.02978732638888889,1.0,3934,2259,"(3166, 766, 3646, 1246)",,
118,ako5r_0049_0049_1966_4551.jpg,page0049,page0049,130,4.355755235393404,3.584948202203469,0.6738804727817547,0.5333333333333333,0.9150090415913201,5.314072608947754,0.7812463434690446,21.03483749896006,0.029309895833333332,1.0,2970,1106,"(1966, 4551, 2446, 5031)",,
119,ako5r_0033_0033_2206_0766.jpg,page0033,page0033,25,5.374739131042966,3.5822834043581055,0.6775956383890611,0.638779041028176,0.7214349775784753,6.147171974182129,0.771910921990977,31.401347646509173,0.05706163194444445,1.0,8092,5575,"(2206, 766, 2686, 1246)",,
120,ako5r_0011_0011_1006_2926.jpg,page0011,page0011,5,6.001782141534989,3.575053806541008,0.6599519342598079,0.7485230405671525,0.5901238591916558,6.119783401489258,0.7490635194247751,18.339264619856692,0.04301215277777778,1.0,5078,6136,"(1006, 2926, 1486, 3406)",,
121,ako5r_0008_0008_2206_0766.jpg,page0008,page0008,8,5.724889563441003,3.5746263988518923,0.6565060873064772,0.5022382920110193,0.9475587703435805,5.9865217208862305,0.7883335899757526,22.159121892292625,0.070625,1.0,5808,2212,"(2206, 766, 2686, 1246)",,
122,ako5r_0036_0036_1200_1532.jpg,page0036,page0036,13,5.5721892153299075,3.573937569807003,0.6529389161700605,0.5698860227954409,0.7643291706692283,5.820324897766113,0.7968494827630463,23.526621158870476,0.0390625,1.0,5001,3123,"(1200, 1532, 1680, 2012)",,
123,ako5r_0008_0008_1246_2926.jpg,page0008,page0008,8,5.724889563441003,3.571287522422044,0.6395638905833015,0.487085201793722,0.9310102899906455,5.472166538238525,0.7614599282963634,32.0122499237006,0.08386284722222222,1.0,11150,4276,"(1246, 2926, 1726, 3406)",,
124,ako5r_0057_0057_1994_4560.jpg,page0057,page0057,134,4.255204705955209,3.566256419968955,0.7002827262009211,0.5843186060983199,0.8736720554272517,5.844930171966553,0.744435146830472,44.806009611957585,0.0905078125,1.0,8035,4330,"(1994, 4560, 2474, 5040)",,
125,ako5r_0051_0051_3194_3896.jpg,page0051,page0051,82,4.843103021708361,3.564516590887177,0.6893218594428547,0.5818610129564193,0.8454666413229424,5.905689716339111,0.7157247296055897,33.158036364922125,0.13989149305555557,1.0,9339,5261,"(3194, 3896, 3674, 4376)",,
126,ako5r_0008_0008_2686_2926.jpg,page0008,page0008,8,5.724889563441003,3.564194128067445,0.6530587404501256,0.548947317357136,0.805903588872372,5.841544151306152,0.7605947769523714,34.61465677407273,0.05546006944444445,1.0,10307,4709,"(2686, 2926, 3166, 3406)",,
127,ako5r_0013_0013_1791_0831.jpg,page0013,page0013,32,5.292288983646856,3.5585614767203277,0.6613949284016124,0.5670995670995671,0.7933025404157044,5.804534912109375,0.7733130869838903,24.11015415367921,0.032209201388888886,1.0,6930,3464,"(1791, 831, 2271, 1311)",,
128,ako5r_0011_0011_1006_3203.jpg,page0011,page0011,5,6.001782141534989,3.5511035396873165,0.6647595161541305,0.7810042347247429,0.5786353890780679,6.3326416015625,0.7422928490364548,21.242969425004887,0.05615885416666667,1.0,6612,7929,"(1006, 3203, 1486, 3683)",,
129,ako5r_0030_0030_1052_2696.jpg,page0030,page0030,34,5.2633040739776655,3.546044947372302,0.6560516029757091,0.5534598973471029,0.8053312686649707,5.6553192138671875,0.7591939552131807,45.48350647638806,0.13355034722222223,1.0,16171,9041,"(1052, 2696, 1532, 3176)",,
130,ako5r_0050_0050_1071_4579.jpg,page0050,page0050,48,5.100864230860513,3.545746025535003,0.6567175601613976,0.5641173087981599,0.7856889519418336,5.6599812507629395,0.7862810503144075,42.77524735190634,0.12466145833333334,1.0,17390,11278,"(1071, 4579, 1551, 5059)",,
131,ako5r_0011_0011_0766_3166.jpg,page0011,page0011,5,6.001782141534989,3.542641682328809,0.6503415763755181,0.7684368549446425,0.5637093306578759,6.085402011871338,0.7600177535318582,18.14653681612402,0.03868923611111111,1.0,5329,6977,"(766, 3166, 1246, 3646)",,
132,ako5r_0040_0040_1071_1625.jpg,page0040,page0040,29,5.3144373505266715,3.5410259053914404,0.6632616264518921,0.5660275452335943,0.8008310249307479,5.90948486328125,0.7618114290115364,46.39641896789778,0.11421006944444445,1.0,11109,7220,"(1071, 1625, 1551, 2105)",,
133,ako5r_0018_0018_1726_3019.jpg,page0018,page0018,2,6.132773043206202,3.5400769894068858,0.6558994603087355,0.5551877870845717,0.8012464435713318,6.333076477050781,0.7839937290917062,43.05157734984907,0.07048177083333333,1.0,14804,7381,"(1726, 3019, 2206, 3499)",,
134,ako5r_0047_0047_1311_4357.jpg,page0047,page0047,83,4.832850742758144,3.535501009642269,0.6725074036271868,0.535264301230992,0.9043970686209194,5.5659894943237305,0.7015428486966999,40.30471314021694,0.04513020833333333,1.0,6905,3002,"(1311, 4357, 1791, 4837)",,
135,ako5r_0018_0018_1200_4071.jpg,page0018,page0018,7,5.853440620878745,3.5307880607191295,0.6542629209987159,0.5018848957024378,0.9395085066162571,5.738173484802246,0.661365074442735,34.85568626713331,0.03961371527777778,1.0,7958,3174,"(1200, 4071, 1680, 4551)",,
136,ako5r_0025_0025_2954_5059.jpg,page0025,page0025,62,5.000853686255382,3.529891101684307,0.6753369483932701,0.6654531142379219,0.6855188141391106,6.132234573364258,0.7869065268156257,38.80213108100468,0.06730902777777778,1.0,10163,8770,"(2954, 5059, 3434, 5539)",,
137,ako5r_0011_0011_3166_3166.jpg,page0011,page0011,5,6.001782141534989,3.5207714538917116,0.6431875344991272,0.5673646779928881,0.7424025229357798,6.25765323638916,0.8204555358423841,38.87913952451312,0.11194878472222222,1.0,10124,6976,"(3166, 3166, 3646, 3646)",,
138,ako5r_0011_0011_3487_2446.jpg,page0011,page0011,11,5.650327630387615,3.5133057592952457,0.66638082897881,0.7257559958289885,0.6159860990443093,6.343960285186768,0.7533056586005088,20.209291867182163,0.03553385416666666,1.0,3836,3453,"(3487, 2446, 3967, 2926)",,
139,ako5r_0052_0052_1976_4339.jpg,page0052,page0052,41,5.203652635811279,3.5089958714036027,0.699678769008406,0.6252158894645942,0.7942767012167643,6.371445655822754,0.6304290776930398,35.93075573121688,0.05469618055555556,1.0,6948,4438,"(1976, 4339, 2456, 4819)",,
140,ako5r_0018_0018_2059_2206.jpg,page0018,page0018,72,4.945967932742508,3.505858316412896,0.6871513621398475,0.7041420118343196,0.6709613478691774,6.171893119812012,0.7032311747058554,16.5985805442745,0.024019097222222223,1.0,2873,3027,"(2059, 2206, 2539, 2686)",,
141,ako5r_0011_0011_0000_5040.jpg,page0011,page0011,45,5.131010415564335,3.504898547640018,0.6645773343454113,0.5738768718801996,0.7893298479087453,6.068077087402344,0.7824696638234749,39.443522502324555,0.0631814236111111,1.0,12020,8416,"(0, 5040, 480, 5520)",,
142,ako5r_0040_0040_1976_1625.jpg,page0040,page0040,29,5.3144373505266715,3.502465372033991,0.6772933056790836,0.7081832218219248,0.6489855072463768,6.350324630737305,0.7361227090087916,26.56508785840297,0.03421006944444444,1.0,3886,3450,"(1976, 1625, 2456, 2105)",,
143,ako5r_0051_0051_2539_4403.jpg,page0051,page0051,61,5.006758845385407,3.5000549651798174,0.6583958971894591,0.5642046825971518,0.7903391572456321,5.862981796264648,0.7870725145970503,33.38649660237532,0.05492621527777778,1.0,8286,4865,"(2539, 4403, 3019, 4883)",,
144,ako5r_0036_0036_0591_1791.jpg,page0036,page0036,9,5.713012714112921,3.491062346506959,0.667402784977702,0.5473921765295887,0.8548123980424144,5.874222755432129,0.5899263319849215,28.604885867258037,0.026453993055555555,1.0,3988,3065,"(591, 1791, 1071, 2271)",,
145,ako5r_0011_0011_2527_1246.jpg,page0011,page0011,11,5.650327630387615,3.489321398760483,0.6737479963510424,0.7119331742243437,0.6394504924831519,6.358753204345703,0.6809786416453372,17.90931697604098,0.11052517361111111,1.0,4190,3858,"(2527, 1246, 3007, 1726)",,
146,ako5r_0059_0059_2714_1052.jpg,page0059,page0059,69,4.97520190263176,3.4885933868002623,0.6781027571147606,0.5812586980052574,0.813668898637728,6.341367721557617,0.7750910751790235,33.98477589794509,0.0658984375,1.0,6467,4331,"(2714, 1052, 3194, 1532)",,
147,ako5r_0023_0023_1200_4339.jpg,page0023,page0023,91,4.705332270546789,3.481074351501582,0.6728911889801209,0.5943277688027284,0.7753888380603843,6.008557319641113,0.7656625374339776,22.548746484595213,0.04045138888888889,1.0,5571,4372,"(1200, 4339, 1680, 4819)",,
148,ako5r_0012_0012_1772_1772.jpg,page0012,page0012,3,6.063478878338192,3.479684519201974,0.6457753397165874,0.5122688263024295,0.8733988680369378,5.950740814208984,0.6761949793260423,27.672670622965015,0.040164930555555554,1.0,8273,3357,"(1772, 1772, 2252, 2252)",,
149,ako5r_0036_0036_3176_1532.jpg,page0036,page0036,51,5.075893672438714,3.479015552839763,0.6703254265879829,0.6020590868397493,0.756052824651504,6.41446590423584,0.8111219373515113,25.48951888890638,0.040546875,1.0,4468,2726,"(3176, 1532, 3656, 2012)",,
150,ako5r_0018_0018_1920_2631.jpg,page0018,page0018,7,5.853440620878745,3.4781235280833687,0.6670115613492944,0.6024096385542169,0.7471335605825844,6.721250534057617,0.7616246687707601,17.629139251916076,0.02,1.0,4482,3227,"(1920, 2631, 2400, 3111)",,
151,ako5r_0027_0027_2640_2779.jpg,page0027,page0027,10,5.6979429613541415,3.4779746846083004,0.641169895276749,0.5975080018289894,0.6917158704598318,6.13222599029541,0.8048487026006453,33.79718497887605,0.0637890625,1.0,8748,5589,"(2640, 2779, 3120, 3259)",,
152,ako5r_0042_0042_1006_1819.jpg,page0042,page0042,123,4.453644122691713,3.476814263438942,0.667112100188336,0.6249276480802624,0.715403969807101,5.733424186706543,0.7748649767935165,27.30787931597404,0.1332986111111111,1.0,5183,3577,"(1006, 1819, 1486, 2299)",,
153,ako5r_0013_0013_3579_3896.jpg,page0013,page0013,93,4.67069829977236,3.4688150944043885,0.6739536018154889,0.5356838214387262,0.9084380610412927,5.790170669555664,0.6955955928402792,20.406803617352857,0.021684027777777778,1.0,3517,1114,"(3579, 3896, 4059, 4376)",,
154,ako5r_0036_0036_1200_1772.jpg,page0036,page0036,13,5.5721892153299075,3.4663015474149157,0.6377263412791742,0.5428280396332994,0.7728349120433018,6.022668838500977,0.8079690330246929,34.746785324087675,0.07671006944444445,1.0,10799,5912,"(1200, 1772, 1680, 2252)",,
155,ako5r_0013_0013_0831_0831.jpg,page0013,page0013,32,5.292288983646856,3.466145428225631,0.6690924204786388,0.58866930171278,0.7749672917575229,6.033186912536621,0.6668467009909165,28.222234320678524,0.05248697916666667,1.0,3795,2293,"(831, 831, 1311, 1311)",,
156,ako5r_0033_0033_2446_1006.jpg,page0033,page0033,25,5.374739131042966,3.464515916924812,0.6551980730141648,0.604221635883905,0.7155685262094511,6.233194828033447,0.786192059755291,36.3114433547495,0.09619357638888888,1.0,12507,8909,"(2446, 1006, 2926, 1486)",,
157,ako5r_0012_0012_3416_2936.jpg,page0012,page0012,121,4.481808552638635,3.464004537794718,0.6658296056032029,0.5757062146892655,0.7894065092533503,5.85006046295166,0.7907466493415505,39.16816922796718,0.05407986111111111,1.0,7080,4701,"(3416, 2936, 3896, 3416)",,
158,ako5r_0020_0020_1200_1772.jpg,page0020,page0020,12,5.641062621287496,3.4571952216070274,0.6525896422368481,0.7017167381974249,0.6098912374307408,6.4377875328063965,0.7945564047386772,23.25016962338678,0.04799045138888889,1.0,4194,4873,"(1200, 1772, 1680, 2252)",,
159,ako5r_0049_0049_1246_4551.jpg,page0049,page0049,130,4.355755235393404,3.449151807264669,0.6671427160441097,0.6449211908931699,0.6909502262443439,5.908148765563965,0.802130868559879,42.62824011644013,0.10666666666666667,1.0,11420,8840,"(1246, 4551, 1726, 5031)",,
160,ako5r_0011_0011_0240_5040.jpg,page0011,page0011,45,5.131010415564335,3.443767903911637,0.6632176886452623,0.6208673250322027,0.7117685733070348,6.2792816162109375,0.7673552769910785,31.879812366384815,0.06677951388888889,1.0,9316,7605,"(240, 5040, 720, 5520)",,
161,ako5r_0014_0014_0480_1292.jpg,page0014,page0014,92,4.6971824095472625,3.4433997784630392,0.6626091322417785,0.6398258977149075,0.6870748299319728,5.956859588623047,0.771435841933333,22.695748113554494,0.07438368055555555,1.0,5514,3822,"(480, 1292, 960, 1772)",,
162,ako5r_0021_0021_3416_4117.jpg,page0021,page0021,96,4.668504078296131,3.4405000481681256,0.661714381144277,0.6028703009531969,0.7332880895826264,5.901856422424316,0.7650297689839801,33.32124292836179,0.08081597222222223,1.0,9337,5894,"(3416, 4117, 3896, 4597)",,
163,ako5r_0040_0040_1311_4339.jpg,page0040,page0040,84,4.8289243974965865,3.439329876683596,0.667048812819798,0.6507056451612904,0.6842340830256238,6.133650302886963,0.7580965169218886,35.50996680264064,0.06826822916666667,1.0,9920,8937,"(1311, 4339, 1791, 4819)",,
164,ako5r_0043_0043_3203_4311.jpg,page0043,page0043,53,5.066938529840509,3.437063578047383,0.6492159683437082,0.5801726392885169,0.7369120382673399,6.084153175354004,0.8097169899044585,41.648420208083095,0.12862847222222223,1.0,11469,7526,"(3203, 4311, 3683, 4791)",,
165,ako5r_0011_0011_0000_5308.jpg,page0011,page0011,76,4.9181950108032435,3.4333402081677766,0.6662228059884366,0.5489449003516998,0.847226256171943,6.234621524810791,0.7642765394590816,33.881239919831465,0.049019097222222224,1.0,6824,3443,"(0, 5308, 480, 5788)",,
166,ako5r_0023_0023_0960_4339.jpg,page0023,page0023,91,4.705332270546789,3.4331682900456135,0.6716704615543859,0.6094296891085031,0.7480705622932745,6.3292341232299805,0.7935787079220775,21.990540954550564,0.04857638888888889,1.0,4857,3628,"(960, 4339, 1440, 4819)",,
167,ako5r_0018_0018_2206_2400.jpg,page0018,page0018,1,6.233926313833417,3.4327496023422532,0.6212623276703182,0.6172704985017706,0.6253061224489795,6.124680042266846,0.8142174655550396,20.215055362881188,0.016358506944444445,1.0,3671,3675,"(2206, 2400, 2686, 2880)",,
168,ako5r_0052_0052_2234_4819.jpg,page0052,page0052,79,4.882377994135488,3.4278866999367215,0.6622450116571919,0.5677003712601004,0.7945729375341468,6.311891555786133,0.8083540671095815,44.09609316850558,0.0668142361111111,1.0,9158,5491,"(2234, 4819, 2714, 5299)",,
169,ako5r_0021_0021_2492_2456.jpg,page0021,page0021,135,4.229800452721242,3.4252332610096055,0.6552176340682107,0.5593711673542201,0.7907018813314037,5.642268180847168,0.8039108236622488,35.46347371523409,0.05145399305555556,1.0,8969,5528,"(2492, 2456, 2972, 2936)",,
170,ako5r_0011_0011_2926_2686.jpg,page0011,page0011,5,6.001782141534989,3.42434626057904,0.6500137764244243,0.5901226079981666,0.7234347048300537,6.167354583740234,0.6346853690062071,29.864259414237797,0.1060373263888889,1.0,8727,5590,"(2926, 2686, 3406, 3166)",,
171,ako5r_0020_0020_2954_2954.jpg,page0020,page0020,64,4.995646176300281,3.4242673849415723,0.6504991019100087,0.5342648845686513,0.8313716070141725,6.113949298858643,0.8065185108977692,38.25070012905446,0.0428515625,1.0,8230,4163,"(2954, 2954, 3434, 3434)",,
172,ako5r_0011_0011_3487_1726.jpg,page0011,page0011,11,5.650327630387615,3.4217010970315083,0.6413696577801059,0.6268968133535661,0.6565265486725663,6.230237007141113,0.7666888312513238,21.758294769833014,0.03655815972222222,1.0,5272,3616,"(3487, 1726, 3967, 2206)",,
173,ako5r_0008_0008_2640_3499.jpg,page0008,page0008,75,4.921540074673752,3.4205396447984464,0.6630213944118692,0.6960109103307194,0.633017633017633,5.850817680358887,0.6717064970122694,40.839417620646685,0.14693576388888888,1.0,14665,12987,"(2640, 3499, 3120, 3979)",,
174,ako5r_0021_0021_3379_3859.jpg,page0021,page0021,21,5.4151400026440735,3.419419433454394,0.6483320223077864,0.5921250375713857,0.7163289630512515,6.0688371658325195,0.7240696933566938,29.904189877533003,0.07208333333333333,1.0,6654,4195,"(3379, 3859, 3859, 4339)",,
175,ako5r_0027_0027_0720_1819.jpg,page0027,page0027,10,5.6979429613541415,3.4170203068053198,0.6314642670071668,0.5516713447307987,0.7382425742574258,6.189070701599121,0.8035270848577355,40.3607864420882,0.09338107638888889,1.0,15676,9696,"(720, 1819, 1200, 2299)",,
176,ako5r_0051_0051_3019_4403.jpg,page0051,page0051,61,5.006758845385407,3.4114787171815624,0.6520764025482413,0.5133649995343206,0.8935005701254276,6.074868679046631,0.7688207668023388,34.791798366346534,0.03979166666666667,1.0,10737,4385,"(3019, 4403, 3499, 4883)",,
177,ako5r_0027_0027_0960_3979.jpg,page0027,page0027,10,5.6979429613541415,3.410927868611785,0.6373128364413475,0.6331266441187523,0.6415547548859045,6.061027526855469,0.7273471844662752,32.49285673520669,0.06452256944444444,1.0,10644,9159,"(960, 3979, 1440, 4459)",,
178,ako5r_0041_0041_2012_5760.jpg,page0041,page0041,56,5.028232568217061,3.409267797712574,0.6531911393566551,0.5696533682145193,0.7654404319946001,5.873481750488281,0.7047169572429951,24.250064974594903,0.04094184027777778,1.0,4587,2963,"(2012, 5760, 2492, 6240)",,
179,ako5r_0037_0037_1791_2696.jpg,page0037,page0037,59,5.00817502940306,3.405560507934111,0.6424250179116641,0.5372609673790776,0.798778869126626,5.942612648010254,0.7884146169592284,27.077718891446576,0.027769097222222223,1.0,7112,3767,"(1791, 2696, 2271, 3176)",,
180,ako5r_0043_0043_3203_4791.jpg,page0043,page0043,53,5.066938529840509,3.4011100526650826,0.6513514621783003,0.5857843137254902,0.733446519524618,6.228926658630371,0.7876216175294742,28.557563361693965,0.03931423611111111,1.0,4896,4123,"(3203, 4791, 3683, 5271)",,
181,ako5r_0011_0011_3487_1006.jpg,page0011,page0011,11,5.650327630387615,3.4001638562984384,0.6302045971895704,0.6180527106377168,0.6428439177930013,6.226710319519043,0.8086672371203156,25.621009543905338,0.14246961805555555,1.0,7323,5401,"(3487, 1006, 3967, 1486)",,
182,ako5r_0034_0034_2446_1726.jpg,page0034,page0034,33,5.2901031734822475,3.39739924274238,0.6402883667825111,0.5733449477351916,0.7249308688691602,5.981618881225586,0.7484571363157555,39.62623028238279,0.10413194444444444,1.0,11480,6871,"(2446, 1726, 2926, 2206)",,
183,ako5r_0033_0033_1246_2446.jpg,page0033,page0033,25,5.374739131042966,3.3970893897813452,0.6521794598491962,0.5985915492957746,0.7163055171353927,6.484790802001953,0.7836742265991373,34.38009827218046,0.06786024305555556,1.0,9514,6507,"(1246, 2446, 1726, 2926)",,
184,ako5r_0030_0030_1772_5059.jpg,page0030,page0030,105,4.609157734963118,3.3922820731810095,0.6578856960809967,0.6126330483336242,0.7103567888999008,6.169384002685547,0.8066959163358352,29.140496697007606,0.040889756944444446,1.0,5731,4036,"(1772, 5059, 2252, 5539)",,
185,ako5r_0011_0011_2677_2871.jpg,page0011,page0011,76,4.9181950108032435,3.3884408892490714,0.6597629569472995,0.5945708426911435,0.741011673151751,6.4517974853515625,0.8028204374529999,33.855032529625404,0.14727430555555557,1.0,10241,6425,"(2677, 2871, 3157, 3351)",,
186,ako5r_0033_0033_1486_2206.jpg,page0033,page0033,25,5.374739131042966,3.387480513410341,0.6326667235273685,0.5529318313113807,0.7392726815150371,6.195253372192383,0.8212333756944128,38.32242508099013,0.06274739583333333,1.0,13848,7947,"(1486, 2206, 1966, 2686)",,
187,ako5r_0041_0041_2714_5299.jpg,page0041,page0041,44,5.157107909613138,3.386320980957624,0.6518878814396343,0.5840326340326341,0.7375832540437678,6.315587043762207,0.770540995087404,28.80262802045359,0.06555121527777778,1.0,8580,5255,"(2714, 5299, 3194, 5779)",,
188,ako5r_0042_0042_3194_4579.jpg,page0042,page0042,66,4.97599695473533,3.3818318790767736,0.6448770823604469,0.5384946854352197,0.8036403750689465,5.981423377990723,0.7591644995779798,37.20733374737192,0.05393229166666667,1.0,6962,3626,"(3194, 4579, 3674, 5059)",,
189,ako5r_0042_0042_2954_4579.jpg,page0042,page0042,66,4.97599695473533,3.368537930901693,0.6431424985776227,0.5640544345377757,0.7480258435032304,6.142729759216309,0.7937148083081763,36.89355310377338,0.04227430555555556,1.0,6393,4179,"(2954, 4579, 3434, 5059)",,
190,ako5r_0008_0008_1006_0766.jpg,page0008,page0008,8,5.724889563441003,3.3666720972241206,0.62356217425839,0.48858809129526964,0.8615751789976134,6.328570365905762,0.8198023307464655,45.67494967829284,0.06742621527777778,1.0,13889,5447,"(1006, 766, 1486, 1246)",,
191,ako5r_0036_0036_1532_1200.jpg,page0036,page0036,70,4.96516062592923,3.3663292504953155,0.6384757036727515,0.6105976586568084,0.669021190716448,6.04499626159668,0.7977198632018867,37.664775635672385,0.062447916666666665,1.0,6492,4955,"(1532, 1200, 2012, 1680)",,
192,ako5r_0059_0059_3194_1292.jpg,page0059,page0059,69,4.97520190263176,3.3658451917779892,0.6489533970141035,0.5664367816091954,0.7596109839816934,6.305297374725342,0.7948217453222205,44.88746943333737,0.07543402777777777,1.0,13050,8740,"(3194, 1292, 3674, 1772)",,
193,ako5r_0018_0018_0526_1819.jpg,page0018,page0018,2,6.132773043206202,3.36565332140509,0.6300450342439546,0.5077484047402006,0.8299465240641711,6.2871551513671875,0.7160739755734428,39.56163498940608,0.059904513888888886,1.0,9873,4675,"(526, 1819, 1006, 2299)",,
194,ako5r_0049_0049_1246_4311.jpg,page0049,page0049,130,4.355755235393404,3.3631275430554544,0.65211263102832,0.5689615996364462,0.7637278189185412,6.0212273597717285,0.8168082181989869,42.6729933393855,0.10085503472222222,1.0,13203,7157,"(1246, 4311, 1726, 4791)",,
195,ako5r_0012_0012_1052_1292.jpg,page0012,page0012,3,6.063478878338192,3.3619037252849266,0.6162238136998016,0.5369419967076595,0.7229740746779716,6.343767166137695,0.8119226125168227,30.75501150079999,0.11879774305555556,1.0,10327,6133,"(1052, 1292, 1532, 1772)",,
196,ako5r_0030_0030_0831_3877.jpg,page0030,page0030,42,5.195670861480827,3.36122499110416,0.6310884631538891,0.5097516887070688,0.8282339271882262,6.036862373352051,0.7922556509787507,35.06553855115376,0.045399305555555554,1.0,10511,5164,"(831, 3877, 1311, 4357)",,
197,ako5r_0027_0027_2539_2631.jpg,page0027,page0027,122,4.4741643134966305,3.3585226488141005,0.6465944302250766,0.5776751993285775,0.7341861118920439,5.974920272827148,0.811762381537066,35.685321175252085,0.06609809027777777,1.0,11915,7114,"(2539, 2631, 3019, 3111)",,
198,ako5r_0030_0030_1976_4597.jpg,page0030,page0030,42,5.195670861480827,3.3548476167038506,0.6498945568206336,0.5614643545279383,0.7713874910136592,5.8555755615234375,0.6214241446040573,25.81990663188298,0.02651909722222222,1.0,5190,4173,"(1976, 4597, 2456, 5077)",,
199,ako5r_0043_0043_3259_2059.jpg,page0043,page0043,63,5.0001658950413415,3.3519210482067434,0.6819458080099374,0.6280969952556669,0.7458937198067633,6.927854537963867,0.722172539367035,23.17507822350194,0.029357638888888888,1.0,3794,2070,"(3259, 2059, 3739, 2539)",,
200,ako5r_0001_0001_1532_3859.jpg,page0001,page0001,15,5.535382212175649,3.3472207431933865,0.6279753561282525,0.47349075517932726,0.9320839791461181,6.299393177032471,0.7961440826653388,40.863997048417815,0.10821614583333333,1.0,17956,7097,"(1532, 3859, 2012, 4339)",,
201,ako5r_0038_0038_2677_1994.jpg,page0038,page0038,18,5.4746592007780785,3.3468832583313826,0.6597598781744467,0.5752162467092892,0.7734375,6.756980895996094,0.7228514581770702,24.798310976467295,0.03762586805555555,1.0,5318,3328,"(2677, 1994, 3157, 2474)",,
202,ako5r_0008_0008_1006_1486.jpg,page0008,page0008,8,5.724889563441003,3.3432454469499344,0.6290750294151788,0.5092273197654363,0.8226989365603227,6.449934959411621,0.7864048215502675,39.44294041301717,0.051983506944444445,1.0,11596,5454,"(1006, 1486, 1486, 1966)",,
203,ako5r_0012_0012_3176_1772.jpg,page0012,page0012,68,4.975504839152817,3.342918844542483,0.6403566871361773,0.5400320256204963,0.7864619678995115,5.854097843170166,0.7070365645283839,42.279191738321856,0.056276041666666665,1.0,7494,4299,"(3176, 1772, 3656, 2252)",,
204,ako5r_0021_0021_3176_3877.jpg,page0021,page0021,96,4.668504078296131,3.3366792504704157,0.651747022935846,0.5886482449589245,0.7299973937972374,6.227842330932617,0.7790462377916121,30.27503093245747,0.12672309027777778,1.0,6695,3837,"(3176, 3877, 3656, 4357)",,
205,ako5r_0042_0042_3194_4819.jpg,page0042,page0042,66,4.97599695473533,3.335979869054314,0.6482799520376644,0.557504873294347,0.77436503248671,6.22440767288208,0.7413276252901356,25.58663666142522,0.02322482638888889,1.0,3078,1693,"(3194, 4819, 3674, 5299)",,
206,ako5r_0023_0023_0526_3499.jpg,page0023,page0023,71,4.964825368267264,3.330468305894747,0.6500883847370291,0.560556306741356,0.7736568986568987,6.25125789642334,0.731942695317724,39.83031982104667,0.1159375,1.0,10354,6552,"(526, 3499, 1006, 3979)",,
207,ako5r_0033_0033_2696_0831.jpg,page0033,page0033,60,5.0074019453732825,3.3288108212436334,0.6498290884122727,0.5746313572073427,0.7476712651809928,6.514945030212402,0.7894301167734473,35.0934191899622,0.10189670138888889,1.0,13292,8481,"(2696, 831, 3176, 1311)",,
208,ako5r_0011_0011_2206_1726.jpg,page0011,page0011,5,6.001782141534989,3.328073668588931,0.6232912114180097,0.6230706742485784,0.6235119047619048,6.445405006408691,0.7508732659757762,17.880154284158397,0.03487413194444444,1.0,4924,4032,"(2206, 1726, 2686, 2206)",,
209,ako5r_0043_0043_3019_3019.jpg,page0043,page0043,63,5.0001658950413415,3.3268493410215108,0.6439297909029658,0.7321814254859611,0.5746641074856046,6.287696361541748,0.7683934681985384,28.73211176509035,0.07078993055555556,1.0,7871,7815,"(3019, 3019, 3499, 3499)",,
210,ako5r_0023_0023_0240_3591.jpg,page0023,page0023,86,4.778672137485191,3.3265763846278844,0.6749294209448132,0.575565251884173,0.8157602663706992,6.433900356292725,0.6523856631744803,28.17469549142659,0.02603732638888889,1.0,5042,2703,"(240, 3591, 720, 4071)",,
211,ako5r_0011_0011_3727_1726.jpg,page0011,page0011,11,5.650327630387615,3.326205641795039,0.6403218393267516,0.654468085106383,0.6267741935483871,6.063429832458496,0.6121665838685482,21.457375179798753,0.0303515625,1.0,4700,3100,"(3727, 1726, 4207, 2206)",,
212,ako5r_0049_0049_1486_4551.jpg,page0049,page0049,130,4.355755235393404,3.3206773784623405,0.6545427167918253,0.6003264544712603,0.7195238508992962,6.255204200744629,0.8070516866789118,46.50427463934414,0.12835503472222223,1.0,17154,11509,"(1486, 4551, 1966, 5031)",,
213,ako5r_0059_0059_3176_1071.jpg,page0059,page0059,114,4.513847094966868,3.318499014435467,0.65034824934585,0.5671888598781549,0.7620822793236587,6.3135833740234375,0.8154967228323431,40.06946586000467,0.06310763888888889,1.0,11490,7511,"(3176, 1071, 3656, 1551)",,
214,ako5r_0012_0012_1772_1532.jpg,page0012,page0012,3,6.063478878338192,3.3181871813431734,0.6372761513332542,0.5196261682242991,0.8237934904601572,6.443982124328613,0.6507535619282813,25.31445832173134,0.034197048611111114,1.0,5885,2673,"(1772, 1532, 2252, 2012)",,
215,ako5r_0027_0027_1440_3979.jpg,page0027,page0027,10,5.6979429613541415,3.317316558390042,0.6438889790770672,0.5636239613047253,0.7508110936682365,6.5444183349609375,0.6900798572422154,34.98021556125644,0.06552517361111111,1.0,16126,9555,"(1440, 3979, 1920, 4459)",,
216,ako5r_0034_0034_1726_0526.jpg,page0034,page0034,33,5.2901031734822475,3.317216702881539,0.6417097498118733,0.5543833737736048,0.7616912235746316,6.361825466156006,0.7343969637887946,35.92380395447032,0.037469618055555556,1.0,9479,4683,"(1726, 526, 2206, 1006)",,
217,ako5r_0051_0051_2492_4597.jpg,page0051,page0051,36,5.223523040491124,3.3122518587175187,0.6338692120890924,0.5882794891059354,0.6871186440677967,6.2691969871521,0.7665209245360098,22.891531799385714,0.02373263888888889,1.0,3993,2950,"(2492, 4597, 2972, 5077)",,
218,ako5r_0047_0047_0591_6000.jpg,page0047,page0047,138,4.076474612385962,3.309548873790516,0.6689590855710348,0.6814940577249575,0.6568769057936126,5.586136817932129,0.5881370220798414,32.75478902871859,0.07473524305555555,1.0,5890,6231,"(591, 6000, 1071, 6480)",,
219,ako5r_0018_0018_1006_3979.jpg,page0018,page0018,2,6.132773043206202,3.302242107103377,0.6299866255655281,0.5354609929078015,0.7650401724475798,6.837303638458252,0.7747121337092335,38.521108845853696,0.05545572916666667,1.0,9870,5103,"(1006, 3979, 1486, 4459)",,
220,ako5r_0027_0027_0480_4219.jpg,page0027,page0027,10,5.6979429613541415,3.300973944436575,0.6198864155146911,0.5298701298701298,0.7467464472700075,6.23452091217041,0.7421932563675999,33.393666152539176,0.05600694444444444,1.0,11165,6685,"(480, 4219, 960, 4699)",,
221,ako5r_0014_0014_1440_1292.jpg,page0014,page0014,92,4.6971824095472625,3.3002108296846098,0.6238308627943464,0.5553576728999703,0.7115635604280867,5.748586654663086,0.7827456065167566,27.29833776335658,0.07737413194444444,1.0,6738,3831,"(1440, 1292, 1920, 1772)",,
222,ako5r_0016_0016_2686_0526.jpg,page0016,page0016,6,5.933503435514612,3.2966273684681626,0.6249722190938094,0.5366703627435451,0.7480544747081712,6.451333999633789,0.7150094469983522,22.369968442878243,0.04644965277777778,1.0,6313,3084,"(2686, 526, 3166, 1006)",,
223,ako5r_0026_0026_1440_2446.jpg,page0026,page0026,117,4.50374240392434,3.2966170511542705,0.6379908945333298,0.6089007906146391,0.67,5.827990531921387,0.7458741553540599,32.399236708968964,0.048802083333333336,1.0,7842,6200,"(1440, 2446, 1920, 2926)",,
224,ako5r_0036_0036_0831_1551.jpg,page0036,page0036,9,5.713012714112921,3.2948827327828103,0.6287031657926225,0.5431774809160306,0.7461948249619482,6.380919933319092,0.7132487292082228,25.941657780457323,0.03229600694444444,1.0,4192,2628,"(831, 1551, 1311, 2031)",,
225,ako5r_0014_0014_0480_1772.jpg,page0014,page0014,92,4.6971824095472625,3.290508399740731,0.6410829012123602,0.5763721229679704,0.7221618685497012,6.14938497543335,0.7629919091668881,24.689626665815045,0.038563368055555554,1.0,6213,3682,"(480, 1772, 960, 2252)",,
226,ako5r_0037_0037_0720_4597.jpg,page0037,page0037,90,4.713517083216061,3.2895791368539156,0.6401157079792751,0.5536030513554012,0.7586754366069404,6.061441421508789,0.7428266484711115,33.15990445223229,0.06599392361111112,1.0,7341,4409,"(720, 4597, 1200, 5077)",,
227,ako5r_0013_0013_1292_1440.jpg,page0013,page0013,85,4.827287794292282,3.2890696426745425,0.6376485007402068,0.528746290801187,0.8030464045341835,6.1072893142700195,0.747739790854587,38.030450451442704,0.059236111111111114,1.0,10784,5646,"(1292, 1440, 1772, 1920)",,
228,ako5r_0011_0011_1579_2059.jpg,page0011,page0011,28,5.316043392000333,3.286497803905484,0.630507402146876,0.5282227307398932,0.7819173103134939,6.3621368408203125,0.7612270656688966,25.522485316606563,0.037821180555555556,1.0,5244,2201,"(1579, 2059, 2059, 2539)",,
229,ako5r_0012_0012_1772_2677.jpg,page0012,page0012,3,6.063478878338192,3.2856794780274567,0.6238190160316849,0.4971172325432415,0.83719829626124,6.307014465332031,0.6599841136692984,21.317742096294822,0.01888888888888889,1.0,4683,2113,"(1772, 2677, 2252, 3157)",,
230,ako5r_0057_0057_2767_4551.jpg,page0057,page0057,54,5.063860126627751,3.2852098543450836,0.6676336721185001,0.5620225536558748,0.8221204649524481,6.717954635620117,0.663816752353055,34.28336699798755,0.03717013888888889,1.0,5498,2839,"(2767, 4551, 3247, 5031)",,
231,ako5r_0011_0011_1579_2299.jpg,page0011,page0011,28,5.316043392000333,3.2843213864148773,0.6401560233270076,0.5132775554747181,0.850358422939068,6.400035381317139,0.707677296554022,24.936204354530748,0.03276041666666667,1.0,5498,2232,"(1579, 2299, 2059, 2779)",,
232,ako5r_0008_0008_2446_2206.jpg,page0008,page0008,8,5.724889563441003,3.28374306791479,0.6217469396624483,0.4988176802279755,0.8250809255484954,6.1589508056640625,0.6850813702740132,40.293475180944114,0.05960069444444444,1.0,16493,8341,"(2446, 2206, 2926, 2686)",,
233,ako5r_0040_0040_3656_1551.jpg,page0040,page0040,52,5.069478276040027,3.2825049197464513,0.6326839835425414,0.5197820421701018,0.8082424585752727,6.339199542999268,0.7831289615344921,44.78561825668857,0.07092447916666667,1.0,12663,7061,"(3656, 1551, 4136, 2031)",,
234,ako5r_0011_0011_2767_0766.jpg,page0011,page0011,11,5.650327630387615,3.280642623262147,0.6293585868033295,0.5829895894716166,0.6837410071942446,6.73030948638916,0.7904530524564872,23.375814686630626,0.12758246527777778,1.0,5091,3475,"(2767, 766, 3247, 1246)",,
235,ako5r_0026_0026_3379_2954.jpg,page0026,page0026,31,5.293630352459875,3.2804538251224615,0.6199844655429556,0.5661726693089781,0.6850996596985902,6.152461051940918,0.7712239436586068,37.061714744484014,0.07546006944444444,1.0,11606,8228,"(3379, 2954, 3859, 3434)",,
236,ako5r_0027_0027_1486_3203.jpg,page0027,page0027,39,5.2099254629625085,3.275758357485967,0.6215840383857076,0.5584774081069301,0.7007693190951889,6.32346248626709,0.813802304208089,37.320954421891805,0.14450954861111112,1.0,13766,8709,"(1486, 3203, 1966, 3683)",,
237,ako5r_0008_0008_2160_3259.jpg,page0008,page0008,75,4.921540074673752,3.274020057451757,0.6372782110648225,0.553313282235374,0.7512852577462832,6.239537239074707,0.7466317984269037,42.101129761780605,0.06748263888888889,1.0,10307,7197,"(2160, 3259, 2640, 3739)",,
238,ako5r_0057_0057_2767_2631.jpg,page0057,page0057,54,5.063860126627751,3.2739757971714263,0.6526846907594503,0.5767886981619322,0.751580426129712,6.674617767333984,0.7323710973085108,36.36076056004765,0.03420138888888889,1.0,6583,4271,"(2767, 2631, 3247, 3111)",,
239,ako5r_0018_0018_1246_1579.jpg,page0018,page0018,2,6.132773043206202,3.271729545342321,0.614675265665356,0.47366134462908654,0.8752447552447552,6.239473819732666,0.682809976202593,29.886724275133265,0.034644097222222225,1.0,9207,3575,"(1246, 1579, 1726, 2059)",,
240,ako5r_0018_0018_0766_5363.jpg,page0018,page0018,20,5.438287589887084,3.2711536096196463,0.6236801146898898,0.5316966242875931,0.7541476159372958,6.441576957702637,0.7816566115345774,47.37680982404506,0.13009114583333334,1.0,11405,7655,"(766, 5363, 1246, 5843)",,
241,ako5r_0049_0049_1726_4311.jpg,page0049,page0049,130,4.355755235393404,3.26594866354794,0.6404077105606776,0.5454483787817122,0.7754003117472014,6.227619647979736,0.8200884437893605,39.59670972130501,0.12390625,1.0,14742,7057,"(1726, 4311, 2206, 4791)",,
242,ako5r_0011_0011_0240_5520.jpg,page0011,page0011,45,5.131010415564335,3.2649254208627387,0.6384345763880545,0.5729474305965742,0.7208237986270023,6.608214378356934,0.7809298153240042,42.933562096941955,0.0876171875,1.0,10158,6118,"(240, 5520, 720, 6000)",,
243,ako5r_0008_0008_1200_0720.jpg,page0008,page0008,80,4.872708920824199,3.2638427096278755,0.6309691917259648,0.5075515214641768,0.8336921420882669,6.382575988769531,0.8182570132854102,42.956779680452904,0.07407118055555556,1.0,13441,5574,"(1200, 720, 1680, 1200)",,
244,ako5r_0057_0057_3487_4551.jpg,page0057,page0057,54,5.063860126627751,3.2636120041060654,0.6428798717629234,0.5398256915498295,0.7945643485211831,6.573459625244141,0.7554069391826422,55.121633111897495,0.13626302083333333,1.0,13195,7506,"(3487, 4551, 3967, 5031)",,
245,ako5r_0027_0027_1200_3979.jpg,page0027,page0027,10,5.6979429613541415,3.2618408308046267,0.6311561302043177,0.590676883780332,0.6775916704391127,6.516051292419434,0.6932237425797542,35.217672853862624,0.06448350694444445,1.0,15660,11045,"(1200, 3979, 1680, 4459)",,
246,ako5r_0026_0026_1440_3111.jpg,page0026,page0026,101,4.638417156927564,3.2609111160152673,0.6088380564234536,0.4384672070744289,0.9957446808510638,5.6392316818237305,0.811005745904514,16.886422220577522,0.10769965277777778,1.0,2714,705,"(1440, 3111, 1920, 3591)",,
247,ako5r_0014_0014_0240_1772.jpg,page0014,page0014,92,4.6971824095472625,3.2595786795590413,0.6577160006318118,0.5856540084388185,0.75,6.205466270446777,0.6343932113215608,22.916695190822537,0.031684027777777776,1.0,4740,2716,"(240, 1772, 720, 2252)",,
248,ako5r_0050_0050_0831_4579.jpg,page0050,page0050,48,5.100864230860513,3.258743273180163,0.6267713864084156,0.5559171412478878,0.718325314425593,6.360286712646484,0.7897675612978812,44.4471273188964,0.12682291666666667,1.0,15979,11847,"(831, 4579, 1311, 5059)",,
249,ako5r_0018_0018_2059_3111.jpg,page0018,page0018,16,5.532110991896032,3.2571031649032163,0.6198719151713433,0.5637367694431661,0.6884229178972239,6.563594818115234,0.8008073798564271,36.0074542341155,0.07669704861111111,1.0,10865,6772,"(2059, 3111, 2539, 3591)",,
250,ako5r_0051_0051_2779_4163.jpg,page0051,page0051,61,5.006758845385407,3.255485584896948,0.6364194177321327,0.5095074455899198,0.8475281448849731,6.575435161590576,0.796827127183236,31.533395943254597,0.029835069444444445,1.0,8730,4086,"(2779, 4163, 3259, 4643)",,
251,ako5r_0020_0020_1625_1772.jpg,page0020,page0020,12,5.641062621287496,3.2525197504232026,0.6267347099162951,0.5316025067144136,0.7633365664403492,6.67791748046875,0.7603378796779411,31.720772729550276,0.035629340277777775,1.0,5585,3093,"(1625, 1772, 2105, 2252)",,
252,ako5r_0012_0012_1311_1976.jpg,page0012,page0012,35,5.228617394011868,3.2515964327743654,0.6317723871088207,0.5568885959129861,0.7299239222316145,6.396592140197754,0.7347003952100406,26.348207678333374,0.055677083333333335,1.0,7585,4732,"(1311, 1976, 1791, 2456)",,
253,ako5r_0040_0040_3896_1551.jpg,page0040,page0040,52,5.069478276040027,3.2510867526832556,0.6176209074832255,0.4683893371463589,0.9064076690211907,6.22760534286499,0.8101019280426526,39.89484354709737,0.04247829861111111,1.0,9791,3964,"(3896, 1551, 4376, 2031)",,
254,ako5r_0030_0030_1052_2456.jpg,page0030,page0030,34,5.2633040739776655,3.2498391473225965,0.620879114011856,0.5302491103202847,0.7488769092542678,6.249663829803467,0.7573509151592,44.38583860282298,0.14053819444444443,1.0,16579,8904,"(1052, 2456, 1532, 2936)",,
255,ako5r_0027_0027_0240_4219.jpg,page0027,page0027,10,5.6979429613541415,3.2492356894638426,0.619076490059649,0.5209080047789725,0.7628383067314365,6.394558906555176,0.7225919703418893,32.10581714788108,0.04421875,1.0,10044,5764,"(240, 4219, 720, 4699)",,
256,ako5r_0051_0051_3019_3923.jpg,page0051,page0051,61,5.006758845385407,3.247423464672549,0.643212137286787,0.5644951140065146,0.7474402730375427,6.563374042510986,0.7412796999162502,33.64734576968794,0.14322916666666666,1.0,9210,6153,"(3019, 3923, 3499, 4403)",,
257,ako5r_0057_0057_2767_4791.jpg,page0057,page0057,54,5.063860126627751,3.2446518101137616,0.662468064319929,0.5760591413136196,0.7793742757821552,7.196928977966309,0.7651478313915194,42.790990542593384,0.052643229166666666,1.0,7034,4315,"(2767, 4791, 3247, 5271)",,
258,ako5r_0057_0057_2474_2954.jpg,page0057,page0057,23,5.382171679108005,3.24060906636808,0.6311930310454841,0.523194643711143,0.7953752181500873,6.368124961853027,0.6886789395563302,33.00094859280096,0.048012152777777775,1.0,8364,4584,"(2474, 2954, 2954, 3434)",,
259,ako5r_0012_0012_1292_1532.jpg,page0012,page0012,3,6.063478878338192,3.2393511441092318,0.6095052126582563,0.4942119323241318,0.7949588845191277,6.6533203125,0.7781114291474384,37.52048254113718,0.06647569444444444,1.0,11230,5594,"(1292, 1532, 1772, 2012)",,
260,ako5r_0043_0043_3019_2779.jpg,page0043,page0043,63,5.0001658950413415,3.2376437323712723,0.6316192742613406,0.6914728682170542,0.5813020214030915,6.568065643310547,0.8039195068380979,27.73939771920077,0.05767795138888889,1.0,7095,6728,"(3019, 2779, 3499, 3259)",,
261,ako5r_0002_0002_3166_4256.jpg,page0002,page0002,49,5.099426481790332,3.237495343785427,0.6279896969157303,0.5813668938996679,0.68274231678487,6.498317718505859,0.7903705382992472,20.432404977140628,0.019596354166666666,1.0,5721,4230,"(3166, 4256, 3646, 4736)",,
262,ako5r_0014_0014_1440_1772.jpg,page0014,page0014,92,4.6971824095472625,3.2365494103069965,0.6372761429662753,0.5365413533834587,0.7845797485109199,6.215250015258789,0.7358016713691112,24.665290362199904,0.03944010416666666,1.0,6650,3022,"(1440, 1772, 1920, 2252)",,
263,ako5r_0051_0051_1071_2012.jpg,page0051,page0051,87,4.778355099012424,3.2362458201129782,0.6331773499811459,0.525194010274347,0.7970576380491737,6.505716323852539,0.8184363376573656,33.414705925524785,0.03935329861111111,1.0,9149,4962,"(1071, 2012, 1551, 2492)",,
264,ako5r_0013_0013_0831_0591.jpg,page0013,page0013,32,5.292288983646856,3.234378655913133,0.6591269779110425,0.5594027954256671,0.8021201413427562,6.557459354400635,0.5704903621137742,21.666101955607935,0.03670138888888889,1.0,3148,1698,"(831, 591, 1311, 1071)",,
265,ako5r_0018_0018_1726_3499.jpg,page0018,page0018,2,6.132773043206202,3.2343491175299914,0.6257592335266808,0.5432569974554707,0.7378069872016604,6.87190055847168,0.724916326988654,24.746579504150354,0.03731770833333333,1.0,5502,2891,"(1726, 3499, 2206, 3979)",,
266,ako5r_0027_0027_0766_4403.jpg,page0027,page0027,58,5.008598159529844,3.2332521747881438,0.6519535562929591,0.5941759603469641,0.7221780604133545,6.626896858215332,0.6844675512961725,17.052708952825395,0.017100694444444446,1.0,3228,2516,"(766, 4403, 1246, 4883)",,
267,ako5r_0049_0049_2640_1579.jpg,page0049,page0049,132,4.32657418915674,3.232651546225073,0.6336628379519503,0.49689394224615036,0.8743163760189867,6.16815185546875,0.8112269989819506,51.583385155416885,0.1383029513888889,1.0,26561,9691,"(2640, 1579, 3120, 2059)",,
268,ako5r_0007_0007_2206_4791.jpg,page0007,page0007,124,4.452228042797991,3.2326267342433987,0.6465153540937044,0.5616883116883117,0.7615215181294477,6.387245178222656,0.7620809912496362,46.23781496398639,0.12815538194444445,1.0,22176,11804,"(2206, 4791, 2686, 5271)",,
269,ako5r_0012_0012_1052_2252.jpg,page0012,page0012,3,6.063478878338192,3.2308873114975145,0.6244054754715926,0.7139059644459212,0.5548459204853904,6.907054424285889,0.7378385237459114,25.747935201214432,0.13800347222222223,1.0,6019,6263,"(1052, 2252, 1532, 2732)",,
270,ako5r_0027_0027_1726_1966.jpg,page0027,page0027,39,5.2099254629625085,3.22734156836006,0.6226977483542292,0.521803127874885,0.77196261682243,6.181066513061523,0.7107216371960531,37.38337745178907,0.10088541666666667,1.0,10870,5350,"(1726, 1966, 2206, 2446)",,
271,ako5r_0027_0027_0960_1819.jpg,page0027,page0027,10,5.6979429613541415,3.2218566317723885,0.6163225183032427,0.5686056402538768,0.6727817636908546,6.656394004821777,0.7710392462717613,42.811220925953364,0.10947916666666667,1.0,15283,11011,"(960, 1819, 1440, 2299)",,
272,ako5r_0052_0052_1966_2299.jpg,page0052,page0052,65,4.978866814082908,3.221682708329879,0.6367295789185059,0.521412120339715,0.8175397292525015,6.49288272857666,0.7372266716753073,47.63807291659371,0.10796440972222222,1.0,27788,11893,"(1966, 2299, 2446, 2779)",,
273,ako5r_0051_0051_2779_4403.jpg,page0051,page0051,61,5.006758845385407,3.2196187156675804,0.6289965370319672,0.4917166378697022,0.8726185201595038,6.588006496429443,0.8015293787322773,33.93933039867343,0.03833333333333333,1.0,9839,4514,"(2779, 4403, 3259, 4883)",,
274,ako5r_0008_0008_2446_2446.jpg,page0008,page0008,8,5.724889563441003,3.219589651633767,0.6134412204247874,0.4790021837728876,0.8527890653860362,6.463001728057861,0.7328130757565644,31.745165562211046,0.04853732638888889,1.0,11906,5414,"(2446, 2446, 2926, 2926)",,
275,ako5r_0057_0057_3487_4311.jpg,page0057,page0057,54,5.063860126627751,3.218530061361328,0.6412235868517757,0.5523402305871573,0.7641996557659209,6.770114898681641,0.7585701098057684,50.756995514053905,0.11061197916666667,1.0,13097,8134,"(3487, 4311, 3967, 4791)",,
276,ako5r_0052_0052_1754_4339.jpg,page0052,page0052,79,4.882377994135488,3.2171722900961184,0.6587796317057125,0.5313962346283599,0.8664898320070734,6.582607269287109,0.6342986078808182,41.99668681150715,0.04953559027777778,1.0,9189,4524,"(1754, 4339, 2234, 4819)",,
277,ako5r_0027_0027_2446_1246.jpg,page0027,page0027,39,5.2099254629625085,3.2164834822398336,0.636936883813853,0.5436952660910037,0.7687795842766001,6.839204788208008,0.772689001709742,43.64271905315271,0.055711805555555556,1.0,16329,9718,"(2446, 1246, 2926, 1726)",,
278,ako5r_0052_0052_1311_5299.jpg,page0052,page0052,41,5.203652635811279,3.214651595572698,0.6274988552232252,0.5764907601447895,0.6884095634095634,6.528545379638672,0.7528981250157682,31.227974599097994,0.05356770833333333,1.0,5249,3848,"(1311, 5299, 1791, 5779)",,
279,ako5r_0030_0030_0831_3637.jpg,page0030,page0030,42,5.195670861480827,3.213942915578883,0.6159562533735786,0.4912212629741003,0.8255992962392786,6.288761615753174,0.7657041782993754,31.07543082718632,0.04360243055555556,1.0,10309,4547,"(831, 3637, 1311, 4117)",,
280,ako5r_0026_0026_1680_2206.jpg,page0026,page0026,117,4.50374240392434,3.2121710422089067,0.6449822965883809,0.551566349876804,0.7764928909952606,6.26179838180542,0.7050723437992938,31.78822179510407,0.03704861111111111,1.0,8523,5275,"(1680, 2206, 2160, 2686)",,
281,ako5r_0023_0023_2206_1819.jpg,page0023,page0023,71,4.964825368267264,3.2100852746036757,0.6426728886214871,0.6167770419426049,0.6708385481852316,6.813347339630127,0.7683331177277198,18.49884802957428,0.01595920138888889,1.0,2265,1598,"(2206, 1819, 2686, 2299)",,
282,ako5r_0013_0013_1551_0831.jpg,page0013,page0013,32,5.292288983646856,3.2100533579952146,0.616272380900466,0.5360941024814695,0.724651287553648,6.512109279632568,0.7965874523404621,34.02352804773424,0.08592881944444444,1.0,12412,7456,"(1551, 831, 2031, 1311)",,
283,ako5r_0018_0018_1819_3351.jpg,page0018,page0018,16,5.532110991896032,3.2095632391333795,0.6227143095756987,0.512756052141527,0.7927067505969178,6.71647834777832,0.7618383900326812,36.975094634200865,0.06643663194444445,1.0,10740,4607,"(1819, 3351, 2299, 3831)",,
284,ako5r_0012_0012_1754_1311.jpg,page0012,page0012,46,5.124760009405229,3.2061136447777834,0.6177202694342615,0.49954856184702695,0.8091242789722076,6.3269782066345215,0.7677424219032453,31.19534241948888,0.05403211805555556,1.0,7753,3814,"(1754, 1311, 2234, 1791)",,
285,ako5r_0018_0018_1579_2631.jpg,page0018,page0018,16,5.532110991896032,3.204819234766364,0.6313484278310328,0.5838150289017341,0.687308085977482,6.998515605926514,0.772454460015122,19.566725655016658,0.017764756944444446,1.0,3114,1954,"(1579, 2631, 2059, 3111)",,
286,ako5r_0034_0034_2677_4579.jpg,page0034,page0034,94,4.669111350594989,3.20321394553225,0.6262572277758288,0.5129881012233953,0.8037209302325582,6.297653675079346,0.7888647988496588,26.728537598978477,0.02699652777777778,1.0,5967,3225,"(2677, 4579, 3157, 5059)",,
287,ako5r_0059_0059_2954_1292.jpg,page0059,page0059,69,4.97520190263176,3.2022890886413857,0.6308753279867824,0.5396099762745211,0.7592967599410898,6.715704917907715,0.8059664336178168,48.65089422275561,0.09555989583333334,1.0,17281,10864,"(2954, 1292, 3434, 1772)",,
288,ako5r_0026_0026_2677_3591.jpg,page0026,page0026,101,4.638417156927564,3.201138353399258,0.642335311132129,0.5339112697603263,0.8060172872340425,6.59946870803833,0.7669912072589306,37.61663540917765,0.06296440972222223,1.0,9805,6016,"(2677, 3591, 3157, 4071)",,
289,ako5r_0051_0051_1579_5123.jpg,page0051,page0051,61,5.006758845385407,3.200860775274406,0.6446073991255534,0.6251093613298337,0.6653609401231113,6.491315841674805,0.6563414014672356,20.587723288618058,0.02666666666666667,1.0,2286,1787,"(1579, 5123, 2059, 5603)",,
290,ako5r_0018_0018_1966_0480.jpg,page0018,page0018,1,6.233926313833417,3.1974913379529935,0.6088375286912746,0.47587131367292224,0.8449227373068433,6.7264275550842285,0.748236506891833,33.873632355701915,0.04688368055555556,1.0,8206,3624,"(1966, 480, 2446, 960)",,
291,ako5r_0012_0012_0831_1311.jpg,page0012,page0012,35,5.228617394011868,3.1957458427423266,0.6120173585687091,0.5655188089555632,0.6668474331164136,6.528346538543701,0.821294685632176,24.532639464310176,0.14289496527777779,1.0,8799,5532,"(831, 1311, 1311, 1791)",,
292,ako5r_0052_0052_2234_4579.jpg,page0052,page0052,79,4.882377994135488,3.195078945336192,0.6329976259910022,0.5701244813278008,0.7114568599717115,6.281780242919922,0.692612706056053,42.117133893548086,0.07614583333333333,1.0,8435,5656,"(2234, 4579, 2714, 5059)",,
293,ako5r_0047_0047_1292_3176.jpg,page0047,page0047,47,5.119874974141329,3.194739568604933,0.6206967797325893,0.560814859197124,0.694895364756503,6.3640217781066895,0.7450984743026566,38.5838400118313,0.049652777777777775,1.0,6676,5113,"(1292, 3176, 1772, 3656)",,
294,ako5r_0016_0016_1579_2059.jpg,page0016,page0016,55,5.04262452853821,3.193757825967086,0.6315980944269893,0.5504676302684319,0.7407772736239889,6.530882835388184,0.7319378020363063,25.05462845254222,0.04515625,1.0,8233,5069,"(1579, 2059, 2059, 2539)",,
295,ako5r_0026_0026_2400_1246.jpg,page0026,page0026,117,4.50374240392434,3.193139777107121,0.6275943930811498,0.5088944305901912,0.8185131195335277,6.297816276550293,0.7989621330284739,26.844689019324825,0.07911024305555556,1.0,6015,2744,"(2400, 1246, 2880, 1726)",,
296,ako5r_0057_0057_2527_4791.jpg,page0057,page0057,54,5.063860126627751,3.192930590122968,0.650797614629663,0.5482365708084644,0.8005623619200642,6.9835205078125,0.7200844994287378,49.90589337025523,0.07153211805555555,1.0,9215,4979,"(2527, 4791, 3007, 5271)",,
297,ako5r_0021_0021_3656_4117.jpg,page0021,page0021,96,4.668504078296131,3.1926615337749147,0.6343251248411583,0.5513637788692654,0.7466739566247494,6.569565773010254,0.7933418155334432,33.42626879951722,0.07426215277777778,1.0,9569,5487,"(3656, 4117, 4136, 4597)",,
298,ako5r_0051_0051_1532_3877.jpg,page0051,page0051,36,5.223523040491124,3.1918061146193972,0.6181611753798636,0.5541281948347384,0.6989265070189926,6.401303291320801,0.7471655498882133,31.993887288150166,0.13266927083333332,1.0,7473,6055,"(1532, 3877, 2012, 4357)",,
299,ako5r_0034_0034_1966_0526.jpg,page0034,page0034,33,5.2901031734822475,3.1876800336055906,0.6209322820862556,0.5165215316712394,0.7782492184010719,6.561240196228027,0.7521889829969765,33.27726786026606,0.028541666666666667,1.0,8383,4478,"(1966, 526, 2446, 1006)",,
300,ako5r_0008_0008_1486_2926.jpg,page0008,page0008,8,5.724889563441003,3.1873947782375316,0.5958536821054194,0.4494925654944536,0.8835500282645562,6.31503438949585,0.7654997638668175,33.60516904757417,0.02068142361111111,1.0,8474,3538,"(1486, 2926, 1966, 3406)",,
301,ako5r_0036_0036_1311_1311.jpg,page0036,page0036,9,5.713012714112921,3.18707910439581,0.6074000806067019,0.5831519373095342,0.6337522441651705,6.752572059631348,0.8045515077145396,31.20542563466323,0.03690104166666667,1.0,4594,3342,"(1311, 1311, 1791, 1791)",,
302,ako5r_0030_0030_2492_3176.jpg,page0030,page0030,34,5.2633040739776655,3.1854310379286526,0.6391789221620148,0.5517885744794447,0.7594594594594595,6.927000999450684,0.7318012698900824,20.50187506858063,0.023706597222222223,1.0,3746,1850,"(2492, 3176, 2972, 3656)",,
303,ako5r_0050_0050_0831_4339.jpg,page0050,page0050,48,5.100864230860513,3.1853410345081077,0.633300954023715,0.6126151076646126,0.6554325955734407,6.701119899749756,0.7424132621380084,41.82827831194835,0.11687934027777777,1.0,14443,13916,"(831, 4339, 1311, 4819)",,
304,ako5r_0001_0001_2936_4339.jpg,page0001,page0001,50,5.096085139830695,3.1830084802776932,0.6104540067473961,0.4941209406494961,0.7984324758842444,6.170461177825928,0.7505223889141173,39.02676441731938,0.08732638888888888,1.0,10716,4976,"(2936, 4339, 3416, 4819)",,
305,ako5r_0011_0011_3727_2446.jpg,page0011,page0011,11,5.650327630387615,3.1826120764026293,0.5954453963489613,0.5066486087170647,0.7219822109275731,6.491727828979492,0.8202268948694736,28.93230400890575,0.04271267361111111,1.0,8122,3935,"(3727, 2446, 4207, 2926)",,
306,ako5r_0036_0036_1625_2012.jpg,page0036,page0036,13,5.5721892153299075,3.1800017042363735,0.6234022523226996,0.5759569377990431,0.6793660469369095,6.936124801635742,0.7679837758131723,29.583484206146466,0.03840277777777778,1.0,5016,3281,"(1625, 2012, 2105, 2492)",,
307,ako5r_0049_0049_1006_2871.jpg,page0049,page0049,130,4.355755235393404,3.17885410772484,0.6284489050022622,0.4863970588235294,0.8877013177159591,6.1927971839904785,0.7772571677532681,44.35782747156123,0.06628038194444444,1.0,19040,6830,"(1006, 2871, 1486, 3351)",,
308,ako5r_0008_0008_2640_2299.jpg,page0008,page0008,75,4.921540074673752,3.177444480695719,0.6292500170308836,0.522961787050686,0.7897638518790775,6.255326747894287,0.6800359173988701,42.744066804197864,0.07309895833333334,1.0,17638,10883,"(2640, 2299, 3120, 2779)",,
309,ako5r_0060_0060_0720_2631.jpg,page0060,page0060,129,4.379178249468123,3.177101103096188,0.6408531852102659,0.6147563805104408,0.6692638678916153,6.445980072021484,0.7564430675361711,42.02095105847895,0.0909765625,1.0,10775,8599,"(720, 2631, 1200, 3111)",,
310,ako5r_0027_0027_2686_1006.jpg,page0027,page0027,39,5.2099254629625085,3.1708774043051564,0.6084134301209779,0.4765726515325231,0.8410977469083517,6.561827182769775,0.8246085885123069,52.249740297845705,0.03909288194444444,1.0,13083,5903,"(2686, 1006, 3166, 1486)",,
311,ako5r_0027_0027_0766_4643.jpg,page0027,page0027,58,5.008598159529844,3.1693921389267525,0.6349984834073072,0.5535460534814624,0.7445576193329339,6.79571533203125,0.7528163304587366,29.522676998806368,0.03849392361111111,1.0,7741,5007,"(766, 4643, 1246, 5123)",,
312,ako5r_0008_0008_3203_1006.jpg,page0008,page0008,8,5.724889563441003,3.1692445579833426,0.6069831741728341,0.4987597066436583,0.7751873438800999,6.694435119628906,0.7681028456610035,39.94341857573168,0.14125868055555554,1.0,18544,8407,"(3203, 1006, 3683, 1486)",,
313,ako5r_0041_0041_2012_4800.jpg,page0041,page0041,56,5.028232568217061,3.167330079626752,0.6131922433801692,0.5532786885245902,0.6876574307304786,6.213822841644287,0.7373731822777555,16.95031056292736,0.015208333333333334,1.0,1708,1191,"(2012, 4800, 2492, 5280)",,
314,ako5r_0038_0038_3579_1071.jpg,page0038,page0038,38,5.215725314749047,3.1659918201552264,0.6317794005812924,0.5834324217201744,0.6888630415818552,7.1382622718811035,0.8154855930157852,30.71730259672496,0.1037109375,1.0,5046,3439,"(3579, 1071, 4059, 1551)",,
315,ako5r_0018_0018_0720_3831.jpg,page0018,page0018,7,5.853440620878745,3.164434602928264,0.5901723005417768,0.5000381242851697,0.7199458594807432,6.517976760864258,0.7989404490755248,45.60679699427702,0.07380208333333334,1.0,13115,8127,"(720, 3831, 1200, 4311)",,
316,ako5r_0038_0038_3203_4163.jpg,page0038,page0038,102,4.6362820260814965,3.160283623398143,0.6495476255793773,0.6134131736526947,0.6902057107767885,6.784062385559082,0.7173945858760608,26.71128555948816,0.03077690972222222,1.0,4175,3257,"(3203, 4163, 3683, 4643)",,
317,ako5r_0018_0018_2686_1440.jpg,page0018,page0018,1,6.233926313833417,3.155699609903269,0.5983626294245125,0.628666297731046,0.5708460754332314,6.680666923522949,0.7500248093566212,21.26112896805515,0.10259114583333333,1.0,3614,3924,"(2686, 1440, 3166, 1920)",,
318,ako5r_0018_0018_1726_2539.jpg,page0018,page0018,2,6.132773043206202,3.149035503057648,0.6260848551556013,0.5389636882904937,0.7468022302394227,7.300414085388184,0.723367555446598,21.811292420766247,0.02016059027777778,1.0,4902,3049,"(1726, 2539, 2206, 3019)",,
319,ako5r_0018_0018_2400_3831.jpg,page0018,page0018,7,5.853440620878745,3.1473655912313276,0.6086107329813318,0.48557051946129937,0.8151688973868706,6.5636162757873535,0.6737738604379094,27.050993834344503,0.03893229166666667,1.0,6757,3138,"(2400, 3831, 2880, 4311)",,
320,ako5r_0018_0018_0766_1579.jpg,page0018,page0018,2,6.132773043206202,3.144590538281118,0.5996974070745442,0.47929709732498577,0.8008799087502037,6.819178104400635,0.7624239047356546,47.31051022860483,0.08148003472222222,1.0,14056,6137,"(766, 1579, 1246, 2059)",,
321,ako5r_0030_0030_1292_5059.jpg,page0030,page0030,105,4.609157734963118,3.1433953005458735,0.6125000284634845,0.5159311481413661,0.7535438144329897,6.268176078796387,0.8039458921790759,43.08426769898644,0.06207465277777778,1.0,10922,6208,"(1292, 5059, 1772, 5539)",,
322,ako5r_0018_0018_2400_4071.jpg,page0018,page0018,7,5.853440620878745,3.143017544083476,0.6191633166551574,0.5953032375740994,0.6450159066808059,6.871026992797852,0.6792378327943093,23.95039472700171,0.030998263888888888,1.0,4386,3772,"(2400, 4071, 2880, 4551)",,
323,ako5r_0057_0057_3247_4311.jpg,page0057,page0057,54,5.063860126627751,3.1384068727595866,0.6427703921783983,0.5893370329997027,0.7068591135521778,7.081761360168457,0.7266602061339049,42.616851018134135,0.07819878472222222,1.0,10091,7829,"(3247, 4311, 3727, 4791)",,
324,ako5r_0038_0038_3194_2012.jpg,page0038,page0038,4,6.006898993731954,3.1373443623681454,0.6408943118082939,0.5654362416107382,0.7395939086294416,7.160208702087402,0.5811431796801952,20.83886309962557,0.02572048611111111,1.0,3576,1970,"(3194, 2012, 3674, 2492)",,
325,ako5r_0040_0040_1311_4099.jpg,page0040,page0040,84,4.8289243974965865,3.1363639683767457,0.634954115229141,0.5508489109929686,0.7493701100649781,6.969424247741699,0.7889244776936161,38.01394691082976,0.05928819444444444,1.0,11662,7541,"(1311, 4099, 1791, 4579)",,
326,ako5r_0008_0008_2926_0766.jpg,page0008,page0008,8,5.724889563441003,3.1353967770709694,0.5928128145517432,0.5018346184525392,0.724082614798476,6.549920082092285,0.7782291077681999,40.71804708721237,0.09171440972222222,1.0,18805,9974,"(2926, 766, 3406, 1246)",,
327,ako5r_0023_0023_3499_1966.jpg,page0023,page0023,110,4.583615740798993,3.1338255376185047,0.6561371543974799,0.513309290743603,0.9090909090909091,6.3841094970703125,0.5530241299066487,30.467772378477214,0.031579861111111114,1.0,5823,2904,"(3499, 1966, 3979, 2446)",,
328,ako5r_0027_0027_2686_1486.jpg,page0027,page0027,39,5.2099254629625085,3.1329187003159915,0.6097144011882227,0.5113000548546353,0.7550443145389403,6.769579887390137,0.820967315510661,42.002295047538844,0.08217881944444444,1.0,18230,10606,"(2686, 1486, 3166, 1966)",,
329,ako5r_0057_0057_2527_2631.jpg,page0057,page0057,54,5.063860126627751,3.1322608863713595,0.6167922024719703,0.4886465047099653,0.8360407190816548,6.544795989990234,0.7471000662692407,42.55260549848255,0.044661458333333334,1.0,10085,4617,"(2527, 2631, 3007, 3111)",,
330,ako5r_0049_0049_1726_4551.jpg,page0049,page0049,130,4.355755235393404,3.130362244843706,0.6304902823821081,0.5336758893280632,0.7702154230408992,6.561117649078369,0.795963846799786,40.261910365103894,0.103984375,1.0,12650,6406,"(1726, 4551, 2206, 5031)",,
331,ako5r_0011_0011_2059_1579.jpg,page0011,page0011,28,5.316043392000333,3.1290955575241615,0.6229951840980721,0.5303484883452573,0.7548622366288493,6.540340423583984,0.6559765161881848,16.518370554039475,0.025789930555555556,1.0,4333,2468,"(2059, 1579, 2539, 2059)",,
332,ako5r_0013_0013_1791_0591.jpg,page0013,page0013,32,5.292288983646856,3.1280536263559116,0.6012250629801864,0.5112612612612613,0.7296105804555474,6.617001533508301,0.8143565882620141,26.451754469245987,0.03795138888888889,1.0,7548,4083,"(1791, 591, 2271, 1071)",,
333,ako5r_0041_0041_2954_1551.jpg,page0041,page0041,40,5.209098670712055,3.1229196644378687,0.6361635064522914,0.622772411916746,0.6501431369594697,6.738018035888672,0.6354261734341723,35.993636785042945,0.06323350694444445,1.0,7351,6637,"(2954, 1551, 3434, 2031)",,
334,ako5r_0012_0012_2012_2492.jpg,page0012,page0012,3,6.063478878338192,3.12194718684566,0.5864830248173084,0.448302142433737,0.847802554665512,6.544557094573975,0.7480543520923909,30.111637974377746,0.047378472222222225,1.0,11809,4619,"(2012, 2492, 2492, 2972)",,
335,ako5r_0057_0057_2012_4339.jpg,page0057,page0057,95,4.6685542360575445,3.1219004710307336,0.6353874190658383,0.5212551964597023,0.813510941960038,6.465382099151611,0.6721958251540415,39.605154247893275,0.08844184027777778,1.0,7457,4204,"(2012, 4339, 2492, 4819)",,
336,ako5r_0013_0013_1292_0960.jpg,page0013,page0013,85,4.827287794292282,3.1210359743475435,0.6212875634529755,0.542941032542207,0.7260579064587973,6.717436790466309,0.7924904325401069,31.441914882221734,0.04889756944444444,1.0,8174,5837,"(1292, 960, 1772, 1440)",,
337,ako5r_0052_0052_1551_5059.jpg,page0052,page0052,41,5.203652635811279,3.1165655881442778,0.6012890153671625,0.48403908794788275,0.7935005117707267,6.4654035568237305,0.7783166591268993,36.20245245343084,0.048046875,1.0,7675,3908,"(1551, 5059, 2031, 5539)",,
338,ako5r_0027_0027_0720_3979.jpg,page0027,page0027,10,5.6979429613541415,3.1128364411693408,0.6066662845580307,0.5353331840907395,0.6999321880650995,6.805095672607422,0.7322908858719379,35.72417688548216,0.06970920138888889,1.0,13401,8848,"(720, 3979, 1200, 4459)",,
339,ako5r_0051_0051_1532_4357.jpg,page0051,page0051,36,5.223523040491124,3.112517913565061,0.6223859188585743,0.5540997031425939,0.7098688319800125,7.084413528442383,0.7924282111087463,39.44588480453697,0.056623263888888886,1.0,9769,6404,"(1532, 4357, 2012, 4837)",,
340,ako5r_0027_0027_1006_4643.jpg,page0027,page0027,58,5.008598159529844,3.111058405642552,0.620431909310295,0.5343728813559322,0.7395309882747069,6.987102031707764,0.8187869268789411,31.14915315007446,0.04453559027777778,1.0,7375,4776,"(1006, 4643, 1486, 5123)",,
341,ako5r_0026_0026_2954_2474.jpg,page0026,page0026,31,5.293630352459875,3.1077748065027793,0.6220766523526216,0.5804030576789437,0.6701975962517824,6.945535182952881,0.7405675355765828,30.595794331610584,0.12028211805555555,1.0,7195,4909,"(2954, 2474, 3434, 2954)",,
342,ako5r_0018_0018_1006_1579.jpg,page0018,page0018,2,6.132773043206202,3.105415592407983,0.5889749722982587,0.45724132979105336,0.8273343766301513,6.859217166900635,0.7904802053710208,43.72841853510489,0.06137586805555555,1.0,13927,5751,"(1006, 1579, 1486, 2059)",,
343,ako5r_0040_0040_1071_0960.jpg,page0040,page0040,29,5.3144373505266715,3.104344896442858,0.6195663663770068,0.5663200145958767,0.6838644410723318,6.189353942871094,0.5590228131913028,37.171573205851566,0.05883680555555556,1.0,10962,7908,"(1071, 960, 1551, 1440)",,
344,ako5r_0011_0011_1966_2206.jpg,page0011,page0011,5,6.001782141534989,3.0998396248477484,0.6258449293158871,0.4877706807914005,0.8729537366548042,7.403050899505615,0.689031447711795,28.0398522848464,0.036293402777777775,1.0,6419,2810,"(1966, 2206, 2446, 2686)",,
345,ako5r_0043_0043_2859_4579.jpg,page0043,page0043,100,4.638937964741178,3.099381848104052,0.6165536697141271,0.5561089950190449,0.6917404129793511,6.508162021636963,0.7780065114370408,26.29647740309868,0.030967881944444445,1.0,3413,2712,"(2859, 4579, 3339, 5059)",,
346,ako5r_0060_0060_0831_2474.jpg,page0060,page0060,17,5.500081813833473,3.0987930474967507,0.6228677862247467,0.5635859368627131,0.6960870108763595,7.091004848480225,0.722053517492551,44.308598891476386,0.1295703125,1.0,12259,7999,"(831, 2474, 1311, 2954)",,
347,ako5r_0027_0027_0720_2059.jpg,page0027,page0027,10,5.6979429613541415,3.0985933142646487,0.5966172532426918,0.5047488202616331,0.7293682722626944,6.815702438354492,0.7799451143987086,39.32841536667255,0.08627170138888889,1.0,16741,9197,"(720, 2059, 1200, 2539)",,
348,ako5r_0012_0012_0831_1791.jpg,page0012,page0012,35,5.228617394011868,3.097489735597838,0.6189604259667384,0.7093003840374019,0.5490329148286393,6.634075164794922,0.6815125370266883,26.3533037314575,0.1007421875,1.0,5989,5894,"(831, 1791, 1311, 2271)",,
349,ako5r_0008_0008_0240_2779.jpg,page0008,page0008,75,4.921540074673752,3.097084509769263,0.6072228978447471,0.47928870292887027,0.8283231564114608,6.446609973907471,0.7650762551574485,27.964618923906418,0.07202690972222223,1.0,9560,4258,"(240, 2779, 720, 3259)",,
350,ako5r_0050_0050_0240_5040.jpg,page0050,page0050,88,4.772618492647125,3.0967935857665574,0.6209052038957952,0.5237421383647799,0.7623304562268804,6.792017936706543,0.793472974664777,37.41584915892262,0.045850694444444444,1.0,6360,3244,"(240, 5040, 720, 5520)",,
351,ako5r_0057_0057_1807_4551.jpg,page0057,page0057,54,5.063860126627751,3.0923636773806424,0.6442374282617704,0.5564478034955125,0.7649167733674775,7.535393714904785,0.7733453250732306,39.132677379612765,0.07252170138888889,1.0,6351,3905,"(1807, 4551, 2287, 5031)",,
352,ako5r_0034_0034_2206_0526.jpg,page0034,page0034,33,5.2901031734822475,3.0923426302070824,0.6035195265108173,0.4964867801521188,0.7693833943833944,6.855660438537598,0.8154520116727223,40.472076854372666,0.055755208333333334,1.0,13805,6552,"(2206, 526, 2686, 1006)",,
353,ako5r_0012_0012_1200_1052.jpg,page0012,page0012,14,5.569205352127592,3.0912716718884274,0.5920330624264941,0.5133181126331812,0.6992615797717611,6.702773094177246,0.7953502197153344,29.166879916855574,0.14596354166666667,1.0,7884,4469,"(1200, 1052, 1680, 1532)",,
354,ako5r_0041_0041_0831_1200.jpg,page0041,page0041,119,4.488064721297061,3.089910382500362,0.6486851719633915,0.6630223154111128,0.6349549549549549,6.462921142578125,0.5823238037555886,24.873684615867507,0.0478515625,1.0,6677,5550,"(831, 1200, 1311, 1680)",,
355,ako5r_0051_0051_2299_4643.jpg,page0051,page0051,61,5.006758845385407,3.0889483263621287,0.6223751247957328,0.6058605035080479,0.6398152898922524,6.704370498657227,0.7086662191338741,17.17663107626461,0.015251736111111112,1.0,2423,1949,"(2299, 4643, 2779, 5123)",,
356,ako5r_0049_0049_1486_4311.jpg,page0049,page0049,130,4.355755235393404,3.0872596641251677,0.624577963486812,0.5444606413994169,0.7323420074349443,6.712943077087402,0.8169939709994714,44.23042900009239,0.126328125,1.0,17836,9415,"(1486, 4311, 1966, 4791)",,
357,ako5r_0060_0060_0480_2631.jpg,page0060,page0060,129,4.379178249468123,3.0861447594818996,0.6228921186950092,0.5729368670545141,0.6823908307284267,6.613581657409668,0.796904700085711,46.79425754122572,0.1385590277777778,1.0,13923,10557,"(480, 2631, 960, 3111)",,
358,ako5r_0040_0040_2677_1791.jpg,page0040,page0040,30,5.2987385924617305,3.0828647828571696,0.5991588542834241,0.5931916948334138,0.6052472858866104,6.563694953918457,0.7562483916931013,18.57815544640868,0.020403645833333334,1.0,4142,3316,"(2677, 1791, 3157, 2271)",,
359,ako5r_0011_0011_1486_2446.jpg,page0011,page0011,5,6.001782141534989,3.079147203629906,0.5948729484102947,0.48539281484405844,0.7681226765799256,6.862029552459717,0.7214854650879702,20.690817530261814,0.02927517361111111,1.0,5066,2152,"(1486, 2446, 1966, 2926)",,
360,ako5r_0037_0037_0480_4357.jpg,page0037,page0037,90,4.713517083216061,3.0779868121838168,0.6127662030762899,0.6001654650750502,0.6259074044200678,6.717169761657715,0.8132027333143764,32.87046995838901,0.1265625,1.0,8461,6199,"(480, 4357, 960, 4837)",,
361,ako5r_0018_0018_1006_0720.jpg,page0018,page0018,1,6.233926313833417,3.075246041797872,0.6252874023276809,0.6207708779443255,0.6298701298701299,7.864831924438477,0.7772192688089544,27.290077274466906,0.03399739583333333,1.0,4670,3542,"(1006, 720, 1486, 1200)",,
362,ako5r_0018_0018_1246_3019.jpg,page0018,page0018,2,6.132773043206202,3.0741485037915437,0.613866946118176,0.5428672129703057,0.7062326869806094,6.892165184020996,0.6040585125060784,38.729443723022406,0.06606336805555556,1.0,11349,7220,"(1246, 3019, 1726, 3499)",,
363,ako5r_0059_0059_3194_1532.jpg,page0059,page0059,69,4.97520190263176,3.073389172119865,0.6240916190304269,0.5842161016949152,0.6698092761161681,7.18048095703125,0.803433728724021,43.73899204850844,0.10133246527777778,1.0,11328,9228,"(3194, 1532, 3674, 2012)",,
364,ako5r_0052_0052_1311_5059.jpg,page0052,page0052,41,5.203652635811279,3.0726687571615208,0.6062728232560607,0.5024487574823145,0.7641800246609125,6.758437156677246,0.7655552210562183,32.22823598902168,0.04161892361111111,1.0,5513,3244,"(1311, 5059, 1791, 5539)",,
365,ako5r_0033_0033_1726_2206.jpg,page0033,page0033,25,5.374739131042966,3.0701999405110336,0.612574243184754,0.521317157712305,0.7425601304525071,7.12014102935791,0.7814325760030014,32.54805820999008,0.03450086805555556,1.0,8655,4906,"(1726, 2206, 2206, 2686)",,
366,ako5r_0025_0025_1311_1772.jpg,page0025,page0025,116,4.506425184322397,3.0691965346140115,0.6120196260941114,0.4766951566951567,0.8546334012219959,6.586015224456787,0.812922089233066,37.29169978737609,0.037339409722222223,1.0,8775,3928,"(1311, 1772, 1791, 2252)",,
367,ako5r_0008_0008_1200_0480.jpg,page0008,page0008,80,4.872708920824199,3.068215960943548,0.6093030689903386,0.5131535570646799,0.7497913769123783,6.804719924926758,0.8146728285669711,42.74337289968944,0.13719184027777778,1.0,15167,7190,"(1200, 480, 1680, 960)",,
368,ako5r_0051_0051_1754_4080.jpg,page0051,page0051,82,4.843103021708361,3.067997559301539,0.6118033311231363,0.5702693930542032,0.6598625286398667,6.54189395904541,0.7386178027983571,27.188694876942694,0.08947048611111111,1.0,6162,4801,"(1754, 4080, 2234, 4560)",,
369,ako5r_0027_0027_1440_1579.jpg,page0027,page0027,10,5.6979429613541415,3.0678856429157206,0.6024612898572975,0.5906310232129389,0.6147751605995717,6.912652015686035,0.7292726907041486,35.89007927907708,0.14212239583333333,1.0,11933,9340,"(1440, 1579, 1920, 2059)",,
370,ako5r_0057_0057_3007_3111.jpg,page0057,page0057,54,5.063860126627751,3.0662299129227173,0.6177479081913453,0.5115293653921955,0.779639175257732,6.8224334716796875,0.7279975591347071,44.71326722044972,0.091328125,1.0,10148,5432,"(3007, 3111, 3487, 3591)",,
371,ako5r_0012_0012_1754_1976.jpg,page0012,page0012,46,5.124760009405229,3.064876310391342,0.6137017587400628,0.48410847956804515,0.8380408653846154,6.14793586730957,0.5715508609276972,27.857742918842117,0.03957899305555555,1.0,8149,3328,"(1754, 1976, 2234, 2456)",,
372,ako5r_0018_0018_1920_2871.jpg,page0018,page0018,7,5.853440620878745,3.0617075743055504,0.6137201122378716,0.5509970203988082,0.6925578725846566,7.530167579650879,0.7764055448931957,32.53196783457224,0.04418836805555556,1.0,8726,5227,"(1920, 2871, 2400, 3351)",,
373,ako5r_0036_0036_2492_2677.jpg,page0036,page0036,43,5.185747009210942,3.060169531335345,0.5915960545124824,0.4852647906049191,0.7576018359150889,6.51369047164917,0.7838316271514073,30.16463188102754,0.06111111111111111,1.0,4513,3486,"(2492, 2677, 2972, 3157)",,
374,ako5r_0011_0011_1726_2446.jpg,page0011,page0011,5,6.001782141534989,3.0600782360080068,0.6174330713119627,0.45918367346938777,0.9421166306695464,6.874663352966309,0.559806937551819,30.194254958232378,0.03455729166666666,1.0,7252,2315,"(1726, 2446, 2206, 2926)",,
375,ako5r_0011_0011_0526_3166.jpg,page0011,page0011,5,6.001782141534989,3.059809029353723,0.607450779561109,0.7335826127599907,0.5183294663573086,7.250794887542725,0.7158926363209037,21.254903713364637,0.046232638888888886,1.0,4279,4310,"(526, 3166, 1006, 3646)",,
376,ako5r_0011_0011_1200_3111.jpg,page0011,page0011,76,4.9181950108032435,3.0595945294990785,0.6236009315401218,0.7745664739884393,0.5218840257720506,6.896208763122559,0.728877966003119,15.800676877353872,0.03819878472222222,1.0,3633,4501,"(1200, 3111, 1680, 3591)",,
377,ako5r_0012_0012_0960_2677.jpg,page0012,page0012,14,5.569205352127592,3.0593248412501532,0.6101218845888388,0.4593763724198507,0.9081255771006463,6.463906288146973,0.5826448413952688,27.644136826819704,0.033428819444444445,1.0,6831,2166,"(960, 2677, 1440, 3157)",,
378,ako5r_0021_0021_2677_2696.jpg,page0021,page0021,135,4.229800452721242,3.0586841430861016,0.614982036263323,0.5462222722666367,0.7035460992907802,6.436933517456055,0.7958632466906393,35.17616632596424,0.08583333333333333,1.0,8881,6345,"(2677, 2696, 3157, 3176)",,
379,ako5r_0008_0008_2686_2686.jpg,page0008,page0008,8,5.724889563441003,3.0579120174290595,0.6065127352294282,0.489048567223617,0.7982417582417582,7.208680152893066,0.7604386716804767,32.01163202364097,0.05838541666666667,1.0,11551,4550,"(2686, 2686, 3166, 3166)",,
380,ako5r_0016_0016_2299_1819.jpg,page0016,page0016,55,5.04262452853821,3.0567412481704714,0.6141219229112875,0.4704020259575815,0.8842975206611571,6.205068588256836,0.5884395899808372,23.976615403151964,0.028854166666666667,1.0,6318,2178,"(2299, 1819, 2779, 2299)",,
381,ako5r_0060_0060_0720_3591.jpg,page0060,page0060,129,4.379178249468123,3.0551526461517557,0.6416005953306881,0.7374565804708607,0.5677972474994359,6.875306129455566,0.7066676974615127,29.05002454082903,0.08695746527777778,1.0,10364,13297,"(720, 3591, 1200, 4071)",,
382,ako5r_0023_0023_1200_4551.jpg,page0023,page0023,86,4.778672137485191,3.0539041944151184,0.6119706197846991,0.5067898486197685,0.7722447403976066,6.642528057098389,0.7571948578606525,28.633808601804514,0.1325998263888889,1.0,8984,5181,"(1200, 4551, 1680, 5031)",,
383,ako5r_0050_0050_2012_3877.jpg,page0050,page0050,37,5.219927401995948,3.0517709213441333,0.6148540566425962,0.5449280777134318,0.7053679131483716,7.011957168579102,0.7461287019344759,29.201237019371856,0.08603732638888889,1.0,5353,3316,"(2012, 3877, 2492, 4357)",,
384,ako5r_0008_0008_1440_0960.jpg,page0008,page0008,80,4.872708920824199,3.048172936944406,0.6016366241791599,0.47946655376799324,0.8073537027446919,6.1587114334106445,0.6760322057588822,23.723435721274395,0.02375434027777778,1.0,4724,1931,"(1440, 960, 1920, 1440)",,
385,ako5r_0052_0052_1754_4819.jpg,page0052,page0052,79,4.882377994135488,3.0441468849700515,0.6246270768370337,0.5176235185470217,0.7873988032382964,6.986947059631348,0.7325552669885366,30.844178660903363,0.0273828125,1.0,6497,2841,"(1754, 4819, 2234, 5299)",,
386,ako5r_0016_0016_3019_4256.jpg,page0016,page0016,55,5.04262452853821,3.043687775992176,0.6077720263895797,0.4664457332228666,0.8719646799116998,6.049973487854004,0.573035827917934,16.416217648654694,0.024140625,1.0,1207,453,"(3019, 4256, 3499, 4736)",,
387,ako5r_0057_0057_3007_3351.jpg,page0057,page0057,54,5.063860126627751,3.0433239396721032,0.6261666244469926,0.5173108949075291,0.7930437519672647,7.013721466064453,0.694570114569836,49.294711624809985,0.1012109375,1.0,11409,6354,"(3007, 3351, 3487, 3831)",,
388,ako5r_0020_0020_0831_1754.jpg,page0020,page0020,57,5.023334701412671,3.0409648529448754,0.6210216136462684,0.5275924802910855,0.7546614327772326,7.021909713745117,0.7334231528133208,24.53249250684348,0.049926215277777776,1.0,4947,3057,"(831, 1754, 1311, 2234)",,
389,ako5r_0040_0040_1551_3859.jpg,page0040,page0040,84,4.8289243974965865,3.040101654125691,0.5970116428028122,0.5369245524296675,0.6722420837589377,6.624529838562012,0.819513435249431,38.610217619639755,0.12211371527777778,1.0,12512,7832,"(1551, 3859, 2031, 4339)",,
390,ako5r_0059_0059_2936_0831.jpg,page0059,page0059,114,4.513847094966868,3.0366033895576265,0.6295082256768426,0.5280142817907169,0.7793047696038804,7.196008205413818,0.8139835475139336,32.90403410957753,0.07815104166666667,1.0,7282,4948,"(2936, 831, 3416, 1311)",,
391,ako5r_0012_0012_0720_1052.jpg,page0012,page0012,14,5.569205352127592,3.0365360675599113,0.5975658744991494,0.48040752351097177,0.7902981303688732,7.1905059814453125,0.8142838606676095,23.832532546502385,0.13849392361111112,1.0,8932,3958,"(720, 1052, 1200, 1532)",,
392,ako5r_0011_0011_0480_5308.jpg,page0011,page0011,76,4.9181950108032435,3.035307557755569,0.6183121007278217,0.5760691402175533,0.667240637107189,7.191214561462402,0.8053258934855677,37.11767506281673,0.06855034722222222,1.0,6711,4646,"(480, 5308, 960, 5788)",,
393,ako5r_0038_0038_3379_1292.jpg,page0038,page0038,4,6.006898993731954,3.035159869116939,0.5945265191942569,0.5692963752665245,0.6220966729441306,7.1470136642456055,0.7399125074934695,30.944041642147624,0.03515625,1.0,5628,4779,"(3379, 1292, 3859, 1772)",,
394,ako5r_0030_0030_1292_2696.jpg,page0030,page0030,34,5.2633040739776655,3.0351142273289744,0.6018973709738412,0.564131540287038,0.6450824679291387,6.8364105224609375,0.7542673323191328,33.989901932065045,0.06767361111111111,1.0,8849,6548,"(1292, 2696, 1772, 3176)",,
395,ako5r_0051_0051_1551_4099.jpg,page0051,page0051,89,4.731112130827045,3.0343320693201816,0.6062037908905376,0.5278294704787684,0.7119113573407202,6.5373854637146,0.7514042349829462,25.79339115383782,0.025329861111111112,1.0,5911,4332,"(1551, 4099, 2031, 4579)",,
396,ako5r_0034_0034_2446_0526.jpg,page0034,page0034,33,5.2901031734822475,3.0322524404393985,0.6032393981646922,0.5200203166003555,0.7181681681681682,7.020485877990723,0.783296436489681,35.7137915799802,0.060008680555555555,1.0,11813,6660,"(2446, 526, 2926, 1006)",,
397,ako5r_0033_0033_1006_0766.jpg,page0033,page0033,25,5.374739131042966,3.030416650202932,0.5947602211200019,0.6030593725693544,0.5866863905325443,6.804943084716797,0.7642416148622964,22.72360443845325,0.03125,1.0,3857,3380,"(1006, 766, 1486, 1246)",,
398,ako5r_0012_0012_1311_1311.jpg,page0012,page0012,35,5.228617394011868,3.02572462531732,0.5906908813186458,0.48394797497530456,0.7578468043584322,6.617676734924316,0.7643911957589674,38.82720077563544,0.08921006944444444,1.0,12148,6149,"(1311, 1311, 1791, 1791)",,
399,ako5r_0018_0018_0526_5363.jpg,page0018,page0018,20,5.438287589887084,3.0257201338433415,0.5960152812387032,0.4877637807911418,0.7660217654171705,6.974698543548584,0.7810503723455996,50.60973314217822,0.1190060763888889,1.0,12463,6616,"(526, 5363, 1006, 5843)",,
400,ako5r_0018_0018_1579_3166.jpg,page0018,page0018,72,4.945967932742508,3.025289290066625,0.6233336900096527,0.5336103478319147,0.7493287771540151,7.095911979675293,0.7323850575525555,42.42295448531909,0.0791796875,1.0,14921,8194,"(1579, 3166, 2059, 3646)",,
401,ako5r_0011_0011_1966_2446.jpg,page0011,page0011,5,6.001782141534989,3.0221826417378876,0.6087027443941934,0.4793460490463215,0.8336803748047892,7.523958206176758,0.7293257012528406,34.79778618290706,0.04575520833333333,1.0,9175,3842,"(1966, 2446, 2446, 2926)",,
402,ako5r_0013_0013_1551_0591.jpg,page0013,page0013,32,5.292288983646856,3.0219039097411793,0.5881421051006327,0.5153865609982294,0.6848154000861945,6.790610313415527,0.8068401242176163,34.774739951367984,0.0981640625,1.0,11861,6961,"(1551, 591, 2031, 1071)",,
403,ako5r_0040_0040_1292_1791.jpg,page0040,page0040,30,5.2987385924617305,3.019783469323785,0.6024835557969662,0.5275516593613024,0.7022256331542595,6.402081489562988,0.6162139992278649,32.06102056997133,0.042352430555555556,1.0,6388,5212,"(1292, 1791, 1772, 2271)",,
404,ako5r_0057_0057_2767_3831.jpg,page0057,page0057,54,5.063860126627751,3.0156575976622366,0.6039521548103357,0.4816238053010149,0.8095781071835804,6.75722599029541,0.7347037533443469,46.1158798244804,0.059296875,1.0,10149,4385,"(2767, 3831, 3247, 4311)",,
405,ako5r_0016_0016_2527_2446.jpg,page0016,page0016,27,5.3200269522145955,3.0144179676024683,0.6147225687724532,0.5054657794676806,0.7842356687898089,7.129043102264404,0.7107621267011174,25.40829362793989,0.06755642361111111,1.0,4208,2512,"(2527, 2446, 3007, 2926)",,
406,ako5r_0060_0060_1071_2474.jpg,page0060,page0060,17,5.500081813833473,3.014413656125043,0.5886766554890421,0.455353941045686,0.8323920568409546,6.737998008728027,0.7420221354380214,47.43477140325583,0.07030815972222222,1.0,13943,5489,"(1071, 2474, 1551, 2954)",,
407,ako5r_0030_0030_1551_3397.jpg,page0030,page0030,42,5.195670861480827,3.013572044646676,0.595792161071413,0.47851949768671515,0.7892059903927663,6.944136619567871,0.8051099174763267,32.936044281655576,0.07026909722222222,1.0,7565,3539,"(1551, 3397, 2031, 3877)",,
408,ako5r_0036_0036_3416_1052.jpg,page0036,page0036,51,5.075893672438714,3.0127800511232805,0.608965931057941,0.4869930521893682,0.8124542124542125,6.893704414367676,0.7316340348016297,29.326925327058696,0.036749131944444444,1.0,6189,2730,"(3416, 1052, 3896, 1532)",,
409,ako5r_0012_0012_2954_1791.jpg,page0012,page0012,46,5.124760009405229,3.0079075585667487,0.6165020471865866,0.5071516646115907,0.7859704168534289,6.849987030029297,0.6583509090361132,45.46703651078903,0.06078993055555556,1.0,8110,4462,"(2954, 1791, 3434, 2271)",,
410,ako5r_0014_0014_0591_1976.jpg,page0014,page0014,99,4.642403309769523,3.007237929136547,0.6125449892227781,0.5195182724252492,0.7461538461538462,6.744749069213867,0.7463778755000018,29.92116202891266,0.05496527777777778,1.0,9632,4680,"(591, 1976, 1071, 2456)",,
411,ako5r_0023_0023_1579_2926.jpg,page0023,page0023,110,4.583615740798993,3.0066036258447317,0.6087655670825795,0.6511315688530879,0.5715758721429799,6.735087871551514,0.7778137545278604,22.833870043358186,0.044730902777777776,1.0,5214,5819,"(1579, 2926, 2059, 3406)",,
412,ako5r_0042_0042_2474_4819.jpg,page0042,page0042,66,4.97599695473533,3.004664663875461,0.596300589073105,0.5486840399325813,0.6529671595928558,6.694103240966797,0.7694785293662445,34.35733590856418,0.06051649305555556,1.0,7713,5207,"(2474, 4819, 2954, 5299)",,
413,ako5r_0008_0008_1200_0960.jpg,page0008,page0008,80,4.872708920824199,3.003416252324676,0.587431816007541,0.4608381858443369,0.8099189883422249,6.531464576721191,0.8020546868844738,42.112980476669485,0.050967881944444446,1.0,12193,5061,"(1200, 960, 1680, 1440)",,
414,ako5r_0036_0036_1311_1976.jpg,page0036,page0036,9,5.713012714112921,3.002818755171059,0.5965734811938445,0.5039666312259753,0.7308763308763309,7.213686466217041,0.7571709191603835,38.44591166892501,0.06879340277777778,1.0,12227,6105,"(1311, 1976, 1791, 2456)",,
415,ako5r_0050_0050_1440_4800.jpg,page0050,page0050,88,4.772618492647125,3.00194583253851,0.6361912100483561,0.6073554421768708,0.6679015612595924,7.748117923736572,0.818400741433719,29.6819897106803,0.06658420138888889,1.0,4704,3779,"(1440, 4800, 1920, 5280)",,
416,ako5r_0018_0018_0766_5123.jpg,page0018,page0018,20,5.438287589887084,3.000843499393886,0.5960485143017327,0.5052044914351282,0.7267256637168141,6.944304466247559,0.7421483533145903,46.95704003875658,0.1471310763888889,1.0,12201,8475,"(766, 5123, 1246, 5603)",,
417,ako5r_0043_0043_1006_4551.jpg,page0043,page0043,53,5.066938529840509,3.000741175305566,0.6311477325403729,0.5380561343301875,0.7631909547738693,7.250947952270508,0.668939154477159,33.79904088036092,0.04109375,1.0,8159,3184,"(1006, 4551, 1486, 5031)",,
418,ako5r_0008_0008_1966_1486.jpg,page0008,page0008,8,5.724889563441003,3.000294939790938,0.5947062835036916,0.47498065514573123,0.7951301427371956,7.299892425537109,0.7850107160796893,26.798803553910698,0.0996484375,1.0,7754,3573,"(1966, 1486, 2446, 1966)",,
