rank,name,page,source_page,line_x,line_y,rough_x,rough_y,dx,dy,line_ink,edge_f1,chamfer,match_score,decision,notes,vlm_same_region,vlm_usable,vlm_score,vlm_reason,vlm_decision
1,kuripm_0020_l0000_2160_r0080_2264.jpg,0020,page0020.clip,0,2160,80,2264,80,104,0.013875868055555556,0.9826872822299652,1.4426655173301697,4.8837214733160295,,,False,False,1.0,"Regions mismatched, no clear shared subject",reject
2,kuripm_0038_l4320_5040_r4128_4856.jpg,0038,page0038.clip,4320,5040,4128,4856,-192,-184,0.015581597222222222,0.9097348844227016,2.7056596279144287,4.3808873188751205,,,True,True,5.0,Rough and line align perfectly in shape and orientation.,accept
3,kuripm_0032_l1440_5760_r1480_5648.jpg,0032,page0032.clip,1440,5760,1480,5648,40,-112,0.029344618055555556,0.8691585891444708,2.6436994075775146,4.327396947769165,,,True,True,5.0,"Aligns precisely, matches local structure",accept
4,kuripm_0005_l2880_4320_r2952_4464.jpg,0005,page0005.clip,2880,4320,2952,4464,72,144,0.02038628472222222,0.8960982940009941,2.8926384449005127,4.307188159101771,,,True,True,5.0,Rough and line align perfectly in shape and orientation.,accept
5,kuripm_0037_l0000_3600_r0096_3408.jpg,0037,page0037.clip,0,3600,96,3408,96,-192,0.01392361111111111,0.8908637626958923,2.3902088403701782,4.2762567267499785,,,False,False,1.0,"Regions mismatched, not aligned",reject
6,kuripm_0008_l3600_0000_r3424_0008.jpg,0008,page0008.clip,3600,0,3424,8,-176,8,0.027230902777777777,0.8516823835275041,2.8145252466201782,3.975941133392514,,,False,False,0.0,Regions mismatched,reject
7,kuripm_0032_l2160_2880_r2136_2912.jpg,0032,page0032.clip,2160,2880,2136,2912,-24,32,0.015551215277777778,0.821958502970261,3.4729251861572266,3.8852940087398196,,,False,False,1.0,"Regions mismatched, no clear correspondence",reject
8,kuripm_0005_l1440_4320_r1576_4488.jpg,0005,page0005.clip,1440,4320,1576,4488,136,168,0.017621527777777778,0.820780066769807,3.9074233770370483,3.761393200921769,,,False,False,1.0,"Regions mismatched, not aligned",reject
9,kuripm_0032_l0720_4320_r0784_4280.jpg,0032,page0032.clip,720,4320,784,4280,64,-40,0.015169270833333333,0.8042941062815032,2.975536823272705,3.681609793441104,,,False,False,1.0,"Regions mismatched, no clear correspondence",reject
10,kuripm_0032_l2880_2160_r2832_2208.jpg,0032,page0032.clip,2880,2160,2832,2208,-48,48,0.024309895833333334,0.7999357580549515,4.4763312339782715,3.601870363809296,,,True,True,5.0,"Aligns precisely, matches local structure",accept
11,kuripm_0023_l0720_5040_r0864_5176.jpg,0023,page0023.clip,720,5040,864,5176,144,136,0.023411458333333333,0.7939692255993829,4.149558186531067,3.559285369244448,,,False,False,1.0,"Regions mismatched, no clear shared subject",reject
12,kuripm_0032_l2160_4320_r2144_4264.jpg,0032,page0032.clip,2160,4320,2144,4264,-16,-56,0.05286458333333333,0.7433817830328331,4.252086758613586,3.4588152579129527,,,True,True,5.0,"Regions align precisely, no structural mismatch.",accept
13,kuripm_0033_l0720_5760_r0912_5880.jpg,0033,page0033.clip,720,5760,912,5880,192,120,0.057643229166666664,0.7566070532510392,4.362891674041748,3.4510941799886665,,,True,True,5.0,Rough and line match foot anatomy precisely.,accept
14,kuripm_0031_l3600_4320_r3736_4504.jpg,0031,page0031.clip,3600,4320,3736,4504,136,184,0.03631076388888889,0.7857096261807848,4.09381902217865,3.4059719833647573,,,True,True,5.0,Rough and line align perfectly in shape and orientation.,accept
15,kuripm_0009_l4320_2880_r4320_2920.jpg,0009,page0009.clip,4320,2880,4320,2920,0,40,0.011414930555555555,0.7603925192479287,5.449425101280212,3.2923379309386838,,,True,True,5.0,Rough and line align precisely in structure and orientation.,accept
16,kuripm_0023_l2880_5760_r2968_5856.jpg,0023,page0023.clip,2880,5760,2968,5856,88,96,0.017938368055555556,0.7625196372391785,5.237275719642639,3.285179806312646,,,True,True,5.0,Aligns precisely in form and orientation,accept
17,kuripm_0032_l0720_1440_r0760_1512.jpg,0032,page0032.clip,720,1440,760,1512,40,72,0.019908854166666667,0.7272204066110393,4.7588653564453125,3.2756698934355715,,,True,True,5.0,"Rough and line align precisely, overlay confirms matching contours.",accept
18,kuripm_0032_l2880_0720_r2824_0824.jpg,0032,page0032.clip,2880,720,2824,824,-56,104,0.03577690972222222,0.7312062736731574,4.740870833396912,3.242897111966519,,,True,True,5.0,"Regions align precisely, no structural mismatch.",accept
19,kuripm_0032_l1440_1440_r1448_1536.jpg,0032,page0032.clip,1440,1440,1448,1536,8,96,0.03687065972222222,0.7060021444457404,4.7316062450408936,3.2229066924464016,,,True,True,5.0,"Regions align precisely, no structural mismatch.",accept
20,kuripm_0034_l0720_5760_r0912_5928.jpg,0034,page0034.clip,720,5760,912,5928,192,168,0.034756944444444444,0.6937802023937479,4.648619174957275,3.1754877102836807,,,True,True,5.0,"Hand anatomy matches, no significant misalignment or rotation.",accept
21,kuripm_0005_l2880_5040_r2960_5184.jpg,0005,page0005.clip,2880,5040,2960,5184,80,144,0.014809027777777779,0.7148663958931419,4.90917706489563,3.144831712774948,,,True,True,5.0,Sketch and line match precisely in shape and orientation.,accept
22,kuripm_0032_l1440_2880_r1440_2888.jpg,0032,page0032.clip,1440,2880,1440,2888,0,8,0.04724826388888889,0.7420977076603726,5.627755403518677,3.1087319163641185,,,True,True,5.0,"Regions align precisely, no structural mismatch.",accept
23,kuripm_0034_l2880_5760_r3008_5936.jpg,0034,page0034.clip,2880,5760,3008,5936,128,176,0.1082638888888889,0.7165597625676084,5.454812049865723,3.0858093826355804,,,True,True,5.0,Rough and line align precisely in form and structure.,accept
24,kuripm_0033_l0720_5040_r0912_5192.jpg,0033,page0033.clip,720,5040,912,5192,192,152,0.039947916666666666,0.6969379488599731,4.439835071563721,3.063435238028198,,,True,True,5.0,"Rough and line align precisely, matching local anatomy and orientation.",accept
25,kuripm_0032_l2160_1440_r2160_1544.jpg,0032,page0032.clip,2160,1440,2160,1544,0,104,0.019852430555555557,0.7355667021377277,4.644941449165344,3.0624862339128613,,,False,False,1.0,"Regions mismatched, not aligned",reject
26,kuripm_0009_l1440_5760_r1456_5832.jpg,0009,page0009.clip,1440,5760,1456,5832,16,72,0.011610243055555556,0.7605154913397301,6.019667148590088,3.051466447200027,,,False,False,1.0,"Regions mismatched, not aligned",reject
27,kuripm_0011_l0720_3600_r0872_3776.jpg,0011,page0011.clip,720,3600,872,3776,152,176,0.03452256944444444,0.7122927204708487,4.857375621795654,3.030063765795971,,,True,True,5.0,"Aligns precisely, matches local structure",accept
28,kuripm_0011_l2160_2880_r2288_3072.jpg,0011,page0011.clip,2160,2880,2288,3072,128,192,0.02198784722222222,0.7407894552090963,5.526735067367554,3.0182542559228724,,,False,False,1.0,Different body parts/objects,reject
29,kuripm_0034_l3600_5760_r3728_5920.jpg,0034,page0034.clip,3600,5760,3728,5920,128,160,0.06833333333333333,0.7017065671485797,5.329957962036133,3.003572460708866,,,True,True,5.0,"Hand anatomy matches, no significant misalignment or rotation.",accept
30,kuripm_0005_l2160_5760_r2264_5872.jpg,0005,page0005.clip,2160,5760,2264,5872,104,112,0.0219140625,0.6968430805300548,4.817996144294739,2.9798919303017675,,,True,True,5.0,"Rough and line align precisely, matching local structure and orientation.",accept
31,kuripm_0034_l2160_5760_r2312_5936.jpg,0034,page0034.clip,2160,5760,2312,5936,152,176,0.05594618055555556,0.6743566823421026,5.174544334411621,2.9546600741540363,,,True,True,5.0,"Regions align precisely, no structural mismatch.",accept
32,kuripm_0011_l0720_5040_r0872_5176.jpg,0011,page0011.clip,720,5040,872,5176,152,136,0.0541015625,0.6808834938164561,5.282650113105774,2.922723819642061,,,True,True,5.0,Rough and line align perfectly in shape and structure.,accept
33,kuripm_0008_l2880_4320_r2808_4256.jpg,0008,page0008.clip,2880,4320,2808,4256,-72,-64,0.03404513888888889,0.6886781556824956,4.853195071220398,2.850962158525257,,,True,True,5.0,"Aligns precisely, matches structure and detail.",accept
34,kuripm_0040_l0720_3600_r0640_3792.jpg,0040,page0040.clip,720,3600,640,3792,-80,192,0.08714409722222222,0.6902056794815493,5.422461032867432,2.817988876043471,,,True,True,5.0,"Rough and line align precisely, overlay confirms matching edges.",accept
35,kuripm_0029_l2160_2160_r2280_2272.jpg,0029,page0029.clip,2160,2160,2280,2272,120,112,0.01189236111111111,0.7440022696206122,6.676404714584351,2.812677378369135,,,False,False,0.0,"Regions mismatched, no clear correspondence",reject
36,kuripm_0040_l2880_2880_r2760_3072.jpg,0040,page0040.clip,2880,2880,2760,3072,-120,192,0.06703125,0.6623461708750714,5.779163599014282,2.773292930579809,,,True,True,5.0,Rough and line align precisely on same anatomical region with consistent orientation and detail.,accept
37,kuripm_0034_l2160_4320_r2312_4512.jpg,0034,page0034.clip,2160,4320,2312,4512,152,192,0.04779513888888889,0.660488302081227,5.463133096694946,2.7535333717550197,,,True,True,5.0,Aligns anatomically and structurally,accept
38,kuripm_0032_l3600_4320_r3520_4264.jpg,0032,page0032.clip,3600,4320,3520,4264,-80,-56,0.060360243055555554,0.6481788914728918,5.292358994483948,2.730951714522635,,,True,True,5.0,Regions align precisely; red/blue overlay confirms consistent local structure.,accept
39,kuripm_0028_l0720_5040_r0904_5232.jpg,0028,page0028.clip,720,5040,904,5232,184,192,0.07563368055555555,0.665314950916441,5.228939056396484,2.701343180989882,,,True,True,5.0,"Regions align precisely, overlay confirms matching structure.",accept
40,kuripm_0025_l4320_2160_r4352_2312.jpg,0025,page0025.clip,4320,2160,4352,2312,32,152,0.016879340277777776,0.6702995606851475,4.501051545143127,2.6943522106437987,,,False,False,1.0,"Regions mismatched, not aligned",reject
41,kuripm_0032_l0720_2160_r0768_2208.jpg,0032,page0032.clip,720,2160,768,2208,48,48,0.018441840277777777,0.6580775591760648,5.6518025398254395,2.6865028043540047,,,True,True,5.0,Matches anatomical structure and orientation,accept
42,kuripm_0033_l0720_4320_r0904_4496.jpg,0033,page0033.clip,720,4320,904,4496,184,176,0.04703125,0.6630147641581349,6.18611752986908,2.6702400589928335,,,True,True,5.0,Sketch and lineart align in form and structure.,accept
43,kuripm_0032_l1440_0720_r1464_0848.jpg,0032,page0032.clip,1440,720,1464,848,24,128,0.017395833333333333,0.6892223458827443,6.217404723167419,2.662183213178838,,,True,True,5.0,Rough and line align perfectly in shape and orientation.,accept
44,kuripm_0033_l1440_4320_r1600_4504.jpg,0033,page0033.clip,1440,4320,1600,4504,160,184,0.0316796875,0.6820031519770424,5.978808641433716,2.66100183631921,,,False,False,1.0,"Regions mismatched, not aligned",reject
45,kuripm_0009_l4320_3600_r4344_3656.jpg,0009,page0009.clip,4320,3600,4344,3656,24,56,0.023871527777777776,0.6431339196592359,5.77904736995697,2.6518721839126678,,,False,False,1.0,"Regions mismatched, not aligned",reject
46,kuripm_0033_l1440_5040_r1600_5192.jpg,0033,page0033.clip,1440,5040,1600,5192,160,152,0.027578125,0.6964066387079518,6.55040979385376,2.6203351225237674,,,True,True,5.0,Rough and line align precisely in form and structure.,accept
47,kuripm_0011_l2160_2160_r2296_2352.jpg,0011,page0011.clip,2160,2160,2296,2352,136,192,0.07397135416666667,0.6476272897285481,5.64641547203064,2.606616208297848,,,True,True,5.0,"Regions align precisely, no structural mismatch.",accept
48,kuripm_0033_l2160_4320_r2288_4504.jpg,0033,page0033.clip,2160,4320,2288,4504,128,184,0.031158854166666666,0.617516185209965,5.667179822921753,2.5991364062789746,,,True,True,5.0,Sketch and line match anatomically and spatially.,accept
49,kuripm_0032_l3600_2880_r3520_2904.jpg,0032,page0032.clip,3600,2880,3520,2904,-80,24,0.033854166666666664,0.6711445471716769,6.06793212890625,2.5920731142711517,,,True,True,5.0,"Regions align precisely, edges match, no structural mismatch.",accept
50,kuripm_0016_l0000_5040_r0000_5224.jpg,0016,page0016.clip,0,5040,0,5224,0,184,0.017235243055555554,0.7108539663631981,6.406143069267273,2.5806174020840094,,,False,False,1.0,Different body parts/objects,reject
51,kuripm_0007_l1440_0720_r1256_0848.jpg,0007,page0007.clip,1440,720,1256,848,-184,128,0.015894097222222223,0.7347468409803021,6.76894211769104,2.5761391140857186,,,False,False,1.0,"Regions mismatched, not aligned",reject
52,kuripm_0027_l2160_5040_r2288_5232.jpg,0027,page0027.clip,2160,5040,2288,5232,128,192,0.05500868055555556,0.6188653049011881,5.805171251296997,2.5505252657483033,,,True,True,5.0,Aligns precisely in anatomy and orientation,accept
53,kuripm_0011_l2880_2880_r2992_3072.jpg,0011,page0011.clip,2880,2880,2992,3072,112,192,0.030299479166666667,0.6347191824888276,6.003768444061279,2.5488456156469366,,,True,True,5.0,Rough and line align perfectly in anatomy and orientation.,accept
54,kuripm_0034_l1440_5760_r1616_5928.jpg,0034,page0034.clip,1440,5760,1616,5928,176,168,0.040581597222222224,0.6728851667165335,6.945341110229492,2.547565736105561,,,True,True,5.0,Rough and line align precisely on same anatomical region with clear correspondence.,accept
55,kuripm_0034_l2160_5040_r2312_5224.jpg,0034,page0034.clip,2160,5040,2312,5224,152,184,0.03752604166666667,0.6378542411451612,5.757161617279053,2.532340508186362,,,True,True,5.0,"Regions align closely, edges match, suitable for training.",accept
56,kuripm_0005_l2880_3600_r2952_3792.jpg,0005,page0005.clip,2880,3600,2952,3792,72,192,0.04036024305555556,0.6785686599750848,7.597243070602417,2.5096489175410244,,,True,True,5.0,"Regions align precisely, edges match, no structural mismatch.",accept
57,kuripm_0011_l3600_5040_r3696_5128.jpg,0011,page0011.clip,3600,5040,3696,5128,96,88,0.031041666666666665,0.6339740369172777,5.2309205532073975,2.5000997705012136,,,True,True,5.0,Rough and line align precisely in structure and orientation.,accept
58,kuripm_0011_l2880_3600_r2992_3792.jpg,0011,page0011.clip,2880,3600,2992,3792,112,192,0.04397569444444444,0.6228353274390049,5.673515558242798,2.4947128781111343,,,True,True,5.0,Rough and line align precisely in form and structure.,accept
59,kuripm_0034_l1440_5040_r1616_5208.jpg,0034,page0034.clip,1440,5040,1616,5208,176,168,0.037473958333333335,0.7006013536757825,7.50604772567749,2.4583268318435527,,,True,True,5.0,Regions align closely; lines match rough sketch contours.,accept
60,kuripm_0032_l0720_5760_r0776_5656.jpg,0032,page0032.clip,720,5760,776,5656,56,-104,0.05400173611111111,0.65660685748022,7.140657901763916,2.453705106116885,,,True,True,5.0,"Regions align precisely, no structural mismatch.",accept
61,kuripm_0020_l4320_5040_r4376_4976.jpg,0020,page0020.clip,4320,5040,4376,4976,56,-64,0.010546875,0.6282463107753472,5.827144384384155,2.4525314058842964,,,False,False,1.0,"Regions mismatched, no clear correspondence",reject
62,kuripm_0005_l0000_0720_r0032_0568.jpg,0005,page0005.clip,0,720,32,568,32,-152,0.013914930555555555,0.6192690839146786,5.168399333953857,2.4514029498054484,,,True,True,5.0,Rough and line align perfectly in region and orientation.,accept
63,kuripm_0032_l0720_5040_r0776_4952.jpg,0032,page0032.clip,720,5040,776,4952,56,-88,0.0537109375,0.6450040788047836,7.223024845123291,2.4215772534498794,,,True,True,5.0,Sketch and lineart align perfectly in shape and detail.,accept
64,kuripm_0023_l0720_4320_r0864_4456.jpg,0023,page0023.clip,720,4320,864,4456,144,136,0.033667534722222225,0.6461078884710519,5.984995484352112,2.4210975597870656,,,True,True,5.0,Sketch and line align precisely in form and orientation.,accept
65,kuripm_0009_l2880_3600_r2872_3584.jpg,0009,page0009.clip,2880,3600,2872,3584,-8,-16,0.10222222222222223,0.6294097292077415,6.443165063858032,2.420171862242351,,,True,True,5.0,Rough and line align precisely on same region with clear correspondence.,accept
66,kuripm_0028_l2880_3600_r2992_3792.jpg,0028,page0028.clip,2880,3600,2992,3792,112,192,0.019921875,0.6552266540714781,6.88566517829895,2.4182630159479697,,,True,True,5.0,Sketch and line align precisely in form and orientation.,accept
67,kuripm_0009_l0720_1440_r0704_1432.jpg,0009,page0009.clip,720,1440,704,1432,-16,-8,0.03710069444444444,0.6158916386983149,5.875490427017212,2.3873488214848835,,,True,True,5.0,"Rough and line align precisely, overlay confirms matching contours.",accept
68,kuripm_0005_l4481_1440_r4441_1376.jpg,0005,page0005.clip,4481,1440,4441,1376,-40,-64,0.025768229166666667,0.6350027884006791,6.608206629753113,2.385471184467365,,,True,True,5.0,Rough and line align perfectly in structure and region.,accept
69,kuripm_0029_l3600_5760_r3424_5912.jpg,0029,page0029.clip,3600,5760,3424,5912,-176,152,0.017335069444444445,0.7179395680372549,8.24216604232788,2.3811013192817607,,,False,False,1.0,"Regions mismatched, not aligned",reject
70,kuripm_0023_l2160_3600_r2264_3776.jpg,0023,page0023.clip,2160,3600,2264,3776,104,176,0.07865451388888889,0.606610524908954,6.355019807815552,2.3367131380647916,,,True,True,5.0,"Regions align precisely, edges match, no rotation or separation.",accept
71,kuripm_0008_l3600_5760_r3536_5664.jpg,0008,page0008.clip,3600,5760,3536,5664,-64,-96,0.02494357638888889,0.6653126219762834,7.748049020767212,2.3352794787547744,,,True,True,5.0,"Consistent local region, aligned shapes, clear overlay match",accept
72,kuripm_0028_l1440_5040_r1592_5232.jpg,0028,page0028.clip,1440,5040,1592,5232,152,192,0.030993923611111113,0.6450182938852416,6.598732948303223,2.3262293319049636,,,True,True,5.0,Aligns precisely in structure and orientation.,accept
73,kuripm_0008_l0720_5760_r0712_5568.jpg,0008,page0008.clip,720,5760,712,5568,-8,-192,0.0348828125,0.6147945148728886,6.635076284408569,2.3161255821201214,,,False,False,1.0,"Regions mismatched, not aligned",reject
74,kuripm_0032_l2880_5760_r2848_5648.jpg,0032,page0032.clip,2880,5760,2848,5648,-32,-112,0.059756944444444446,0.6045502476255431,6.7592453956604,2.287326742028512,,,True,True,5.0,"Aligned facial features, consistent proportions",accept
75,kuripm_0033_l1440_5760_r1608_5896.jpg,0033,page0033.clip,1440,5760,1608,5896,168,136,0.04107204861111111,0.599519270486128,6.583301305770874,2.2721957752850295,,,True,True,5.0,"Regions align precisely, overlay confirms matching contours.",accept
76,kuripm_0008_l2880_3600_r2840_3432.jpg,0008,page0008.clip,2880,3600,2840,3432,-40,-168,0.024401041666666668,0.635562862649063,6.369036555290222,2.259011767399472,,,True,True,5.0,Rough and line align perfectly in shape and orientation.,accept
77,kuripm_0008_l1440_5040_r1384_4920.jpg,0008,page0008.clip,1440,5040,1384,4920,-56,-120,0.022894965277777776,0.6464615383931305,6.715144634246826,2.250345212212728,,,False,False,1.0,"Regions mismatched, not aligned",reject
78,kuripm_0001_l2160_2880_r2200_2856.jpg,0001,page0001.clip,2160,2880,2200,2856,40,-24,0.04638020833333333,0.6153878894589683,7.398601770401001,2.2297508235275454,,,True,True,5.0,Rough and line align precisely in structure and orientation.,accept
79,kuripm_0009_l0720_2880_r0696_2888.jpg,0009,page0009.clip,720,2880,696,2888,-24,8,0.03463541666666667,0.6025824909415137,6.893485069274902,2.224278746338528,,,True,True,5.0,Regions align precisely; overlay confirms matching structure.,accept
80,kuripm_0038_l0000_3600_r0016_3408.jpg,0038,page0038.clip,0,3600,16,3408,16,-192,0.015160590277777778,0.6929679673433592,7.6705896854400635,2.221930287680046,,,False,False,0.0,"Regions mismatched, not aligned",reject
81,kuripm_0007_l0720_5760_r0888_5952.jpg,0007,page0007.clip,720,5760,888,5952,168,192,0.037747395833333336,0.6099627238261188,6.631936550140381,2.216905181634564,,,True,True,5.0,Rough and line align perfectly in structure and region.,accept
82,kuripm_0040_l1440_3600_r1344_3792.jpg,0040,page0040.clip,1440,3600,1344,3792,-96,192,0.07798611111111112,0.6244885981852745,7.1876280307769775,2.2119507352913654,,,True,True,5.0,"Regions align precisely, no structural mismatch.",accept
83,kuripm_0029_l3600_3600_r3640_3704.jpg,0029,page0029.clip,3600,3600,3640,3704,40,104,0.034926215277777777,0.6716509226159009,7.599855422973633,2.2053593857063136,,,False,False,1.0,"Regions mismatched, no clear shared subject",reject
84,kuripm_0032_l0720_0720_r0768_0840.jpg,0032,page0032.clip,720,720,768,840,48,120,0.07391493055555555,0.6000751002643885,6.993884801864624,2.1850648203742797,,,True,True,5.0,Regions align closely; overlay confirms consistent structure.,accept
85,kuripm_0008_l2160_3600_r2120_3448.jpg,0008,page0008.clip,2160,3600,2120,3448,-40,-152,0.04970052083333333,0.6263227194665705,7.347608327865601,2.1804310533718247,,,True,True,5.0,"Aligns precisely, matches anatomy and structure.",accept
86,kuripm_0031_l3600_5760_r3728_5936.jpg,0031,page0031.clip,3600,5760,3728,5936,128,176,0.026111111111111113,0.6315820095957729,6.708075523376465,2.1780959966715154,,,True,True,5.0,Aligns precisely in shape and orientation,accept
87,kuripm_0012_l2160_4320_r2336_4488.jpg,0012,page0012.clip,2160,4320,2336,4488,176,168,0.018797743055555555,0.6521361718863393,6.766547679901123,2.175625385940221,,,False,False,1.0,"Regions mismatched, no clear correspondence",reject
88,kuripm_0034_l2880_4320_r3008_4512.jpg,0034,page0034.clip,2880,4320,3008,4512,128,192,0.05199652777777778,0.6043494339320006,6.865395784378052,2.172878112630806,,,True,True,5.0,"Rough and line align precisely, matching anatomical structure and orientation.",accept
89,kuripm_0015_l0720_3600_r0872_3744.jpg,0015,page0015.clip,720,3600,872,3744,152,144,0.042608506944444444,0.6214779276731759,7.574802398681641,2.1719733674571464,,,True,True,5.0,Rough and line align perfectly in shape and region.,accept
90,kuripm_0011_l3600_2160_r3696_2352.jpg,0011,page0011.clip,3600,2160,3696,2352,96,192,0.062473958333333336,0.6174656136459379,7.200196027755737,2.171142731637745,,,True,True,5.0,"Regions align precisely, no structural mismatch.",accept
91,kuripm_0023_l0000_4320_r0160_4480.jpg,0023,page0023.clip,0,4320,160,4480,160,160,0.0133984375,0.6447817131944785,6.679698467254639,2.162936785766072,,,False,False,1.0,"Regions mismatched, no clear correspondence",reject
92,kuripm_0019_l1440_3600_r1264_3568.jpg,0019,page0019.clip,1440,3600,1264,3568,-176,-32,0.021484375,0.6500728858309993,6.64311420917511,2.159227924371781,,,False,False,1.0,"Regions mismatched, not aligned",reject
93,kuripm_0007_l1440_5760_r1600_5952.jpg,0007,page0007.clip,1440,5760,1600,5952,160,192,0.03637152777777778,0.6284675617446697,6.696247696876526,2.1524141799869203,,,True,True,5.0,Aligns anatomically and structurally,accept
94,kuripm_0011_l0720_2880_r0848_3040.jpg,0011,page0011.clip,720,2880,848,3040,128,160,0.0308984375,0.632748262129787,7.645259618759155,2.12641673333235,,,True,True,5.0,"Regions align precisely, overlay confirms matching contours.",accept
95,kuripm_0020_l2160_4320_r2208_4272.jpg,0020,page0020.clip,2160,4320,2208,4272,48,-48,0.05176649305555556,0.5990883008123243,7.565001964569092,2.1242761783641457,,,True,True,5.0,Rough and line align precisely on facial features.,accept
96,kuripm_0032_l4320_2880_r4208_2896.jpg,0032,page0032.clip,4320,2880,4208,2896,-112,16,0.02750434027777778,0.6144966220861308,7.483502149581909,2.0971887190256036,,,True,True,5.0,Rough and line align perfectly in anatomy and orientation.,accept
97,kuripm_0005_l2160_3600_r2256_3792.jpg,0005,page0005.clip,2160,3600,2256,3792,96,192,0.022278645833333333,0.5691208707514183,6.9783923625946045,2.08779320723028,,,True,True,5.0,Sketch and line align precisely on facial features.,accept
98,kuripm_0015_l2160_4320_r2328_4448.jpg,0015,page0015.clip,2160,4320,2328,4448,168,128,0.030868055555555555,0.6061765704490958,7.402978420257568,2.083939075213269,,,True,True,5.0,Rough and line align perfectly in shape and region.,accept
99,kuripm_0032_l2880_3600_r2840_3576.jpg,0032,page0032.clip,2880,3600,2840,3576,-40,-24,0.0634375,0.595002422833625,7.470527410507202,2.077999069146495,,,True,True,5.0,"Regions align precisely, edges match, no misalignment or rotation.",accept
100,kuripm_0033_l3600_4320_r3664_4512.jpg,0033,page0033.clip,3600,4320,3664,4512,64,192,0.0768532986111111,0.5617698996464288,6.668018102645874,2.071875774958102,,,True,True,5.0,Aligned facial features and consistent structure,accept
101,kuripm_0034_l2880_5040_r3016_5216.jpg,0034,page0034.clip,2880,5040,3016,5216,136,176,0.040681423611111114,0.5868583468630423,6.746991395950317,2.047540970372482,,,True,True,5.0,"Aligns precisely, matches local structure",accept
102,kuripm_0034_l1440_4320_r1608_4512.jpg,0034,page0034.clip,1440,4320,1608,4512,168,192,0.029548611111111112,0.5707442905363452,6.960495471954346,2.0358529624216177,,,True,True,5.0,Sketch and line align precisely in form and structure.,accept
103,kuripm_0027_l2160_3600_r2312_3792.jpg,0027,page0027.clip,2160,3600,2312,3792,152,192,0.014522569444444444,0.6745257020520645,9.212282180786133,2.0082043347784904,,,False,False,1.0,"Regions mismatched, not aligned",reject
104,kuripm_0035_l2160_5040_r2312_5216.jpg,0035,page0035.clip,2160,5040,2312,5216,152,176,0.021410590277777777,0.6390811462736041,8.194611549377441,2.00695603040712,,,True,True,5.0,"Aligns precisely, matches local structure",accept
105,kuripm_0040_l1440_0720_r1360_0912.jpg,0040,page0040.clip,1440,720,1360,912,-80,192,0.06986111111111111,0.5950171617019374,7.4806036949157715,1.9834319877807913,,,True,True,5.0,"Rough and line align precisely, matching local structure and orientation.",accept
106,kuripm_0005_l3600_4320_r3648_4480.jpg,0005,page0005.clip,3600,4320,3648,4480,48,160,0.0208203125,0.5718162240751952,7.3695878982543945,1.9818252539041143,,,True,True,5.0,Rough and line align closely in anatomy and orientation.,accept
107,kuripm_0033_l2880_4320_r2992_4496.jpg,0033,page0033.clip,2880,4320,2992,4496,112,176,0.060455729166666666,0.5942554159540694,7.834482431411743,1.9704193839813602,,,True,True,5.0,Sketch and line match anatomically and spatially.,accept
108,kuripm_0032_l2880_4320_r2848_4264.jpg,0032,page0032.clip,2880,4320,2848,4264,-32,-56,0.04415798611111111,0.5770334816110853,7.689010858535767,1.9697658400565712,,,True,True,5.0,Rough and line align precisely on facial features.,accept
109,kuripm_0008_l3600_4320_r3496_4184.jpg,0008,page0008.clip,3600,4320,3496,4184,-104,-136,0.022105034722222222,0.6067862002054129,8.395824909210205,1.9630877503556092,,,True,True,5.0,Rough and line align perfectly in shape and region.,accept
110,kuripm_0032_l4320_3600_r4200_3576.jpg,0032,page0032.clip,4320,3600,4200,3576,-120,-24,0.05392795138888889,0.5764546394339226,7.8993377685546875,1.9370093618278927,,,True,True,5.0,Sketch and line match in form and structure.,accept
111,kuripm_0032_l3600_3600_r3512_3568.jpg,0032,page0032.clip,3600,3600,3512,3568,-88,-32,0.07864149305555555,0.5597806165132613,7.444968938827515,1.9303936511272441,,,True,True,5.0,"Regions align precisely, edges match, no misalignment or rotation.",accept
112,kuripm_0025_l1440_5040_r1472_4944.jpg,0025,page0025.clip,1440,5040,1472,4944,32,-96,0.029752604166666665,0.5900665777981038,7.238164067268372,1.9198627937766202,,,False,False,1.0,"Regions mismatched, not aligned",reject
113,kuripm_0032_l2160_2160_r2136_2200.jpg,0032,page0032.clip,2160,2160,2136,2200,-24,40,0.0216796875,0.6008891995955266,8.227091789245605,1.8921572901005028,,,False,False,1.0,"Regions mismatched, no clear correspondence",reject
114,kuripm_0029_l0000_2880_r0176_2904.jpg,0029,page0029.clip,0,2880,176,2904,176,24,0.018806423611111112,0.5837617803874052,7.66024923324585,1.8902752953146764,,,True,True,5.0,Rough and line align perfectly in form and orientation.,accept
115,kuripm_0032_l2880_5040_r2840_4952.jpg,0032,page0032.clip,2880,5040,2840,4952,-40,-88,0.029244791666666665,0.5774102513618167,7.829698920249939,1.8881699463425552,,,True,True,5.0,Rough and line align precisely in form and structure.,accept
116,kuripm_0009_l3600_1440_r3608_1440.jpg,0009,page0009.clip,3600,1440,3608,1440,8,0,0.05963975694444444,0.5647926490470953,7.683299779891968,1.874056433783976,,,True,True,5.0,Regions align closely; lines match rough sketch contours.,accept
117,kuripm_0033_l2160_3600_r2280_3792.jpg,0033,page0033.clip,2160,3600,2280,3792,120,192,0.024717881944444443,0.5952709782412654,7.639362573623657,1.8676100830240168,,,True,True,5.0,Rough and line align closely in structure and orientation.,accept
118,kuripm_0035_l2160_1440_r2352_1632.jpg,0035,page0035.clip,2160,1440,2352,1632,192,192,0.032486979166666666,0.5910686764988459,8.106597661972046,1.8613731338957438,,,True,True,5.0,Rough and line align precisely in structure and orientation.,accept
119,kuripm_0020_l2880_5760_r2936_5704.jpg,0020,page0020.clip,2880,5760,2936,5704,56,-56,0.06261284722222223,0.5738591418877423,7.684910774230957,1.8608283220754502,,,False,False,1.0,"Regions mismatched, not aligned",reject
120,kuripm_0013_l1440_4320_r1352_4512.jpg,0013,page0013.clip,1440,4320,1352,4512,-88,192,0.06859809027777777,0.5984947041075914,8.425158977508545,1.8606418883432319,,,True,True,5.0,"Rough and line align precisely, matching local structure and orientation.",accept
121,kuripm_0011_l2160_3600_r2288_3792.jpg,0011,page0011.clip,2160,3600,2288,3792,128,192,0.058307291666666664,0.5527497871913944,7.755390405654907,1.8504667580987402,,,True,True,5.0,"Regions align precisely, no structural mismatch.",accept
122,kuripm_0032_l2160_5760_r2144_5648.jpg,0032,page0032.clip,2160,5760,2144,5648,-16,-112,0.023875868055555555,0.575599945283746,8.268517971038818,1.834868657697671,,,True,True,5.0,Rough and line align perfectly in structure and region.,accept
123,kuripm_0033_l3600_5040_r3680_5184.jpg,0033,page0033.clip,3600,5040,3680,5184,80,144,0.0251171875,0.5662289307298514,8.10073971748352,1.8336002603089834,,,True,True,5.0,Rough and line align precisely on breast region with matching contours and proportions.,accept
124,kuripm_0032_l4481_2880_r4369_2896.jpg,0032,page0032.clip,4481,2880,4369,2896,-112,16,0.018993055555555555,0.5926983315418478,8.270021438598633,1.819136023803732,,,True,True,5.0,"Rough and line align precisely, matching anatomical structure and orientation.",accept
125,kuripm_0007_l4320_5040_r4392_5216.jpg,0007,page0007.clip,4320,5040,4392,5216,72,176,0.013841145833333334,0.6142281053219274,8.094007849693298,1.816079860307617,,,True,True,5.0,Rough and line align perfectly in shape and orientation.,accept
126,kuripm_0020_l2880_1440_r3024_1384.jpg,0020,page0020.clip,2880,1440,3024,1384,144,-56,0.04496527777777778,0.6056414292959176,9.192615985870361,1.8152813817373583,,,True,True,5.0,Sketch and line align in facial region with consistent structure.,accept
127,kuripm_0032_l2160_5040_r2160_4952.jpg,0032,page0032.clip,2160,5040,2160,4952,0,-88,0.044830729166666666,0.5506340166513723,7.70743203163147,1.8149196576143356,,,True,True,5.0,"Aligns well, same subject, consistent orientation",accept
128,kuripm_0032_l3600_1440_r3512_1512.jpg,0032,page0032.clip,3600,1440,3512,1512,-88,72,0.015499131944444444,0.6101288176439855,9.188734531402588,1.8136210095113363,,,True,True,5.0,Rough and line align perfectly in shape and detail.,accept
129,kuripm_0013_l3600_5760_r3504_5816.jpg,0013,page0013.clip,3600,5760,3504,5816,-96,56,0.018289930555555556,0.618212615180678,8.248280882835388,1.8117462874233856,,,False,False,1.0,"Regions mismatched, not aligned",reject
130,kuripm_0021_l4320_4320_r4344_4304.jpg,0021,page0021.clip,4320,4320,4344,4304,24,-16,0.02234375,0.5838730632933057,6.708704352378845,1.7650360880651845,,,False,False,1.0,"Regions mismatched, no clear shared subject",reject
131,kuripm_0002_l2880_2160_r2792_2080.jpg,0002,page0002.clip,2880,2160,2792,2080,-88,-80,0.036297743055555554,0.5436985662076875,7.8642871379852295,1.7619818474862963,,,True,True,5.0,Rough and line align perfectly in shape and structure.,accept
132,kuripm_0013_l4320_0720_r4200_0880.jpg,0013,page0013.clip,4320,720,4200,880,-120,160,0.017955729166666667,0.6533435145690565,8.948776245117188,1.7581394465881008,,,False,False,0.0,Different body parts/objects,reject
133,kuripm_0027_l1440_5760_r1592_5952.jpg,0027,page0027.clip,1440,5760,1592,5952,152,192,0.027547743055555556,0.551270605364361,7.917785406112671,1.7488550250757924,,,True,True,5.0,"Rough and line align precisely, matching local anatomy and orientation.",accept
134,kuripm_0008_l2160_5040_r2160_4888.jpg,0008,page0008.clip,2160,5040,2160,4888,0,-152,0.014848090277777778,0.5677112281882871,7.664181709289551,1.7351102710953583,,,False,False,1.0,"Regions mismatched, not aligned",reject
135,kuripm_0002_l2160_3600_r2128_3448.jpg,0002,page0002.clip,2160,3600,2128,3448,-32,-152,0.05506510416666666,0.5503552870072033,8.038085699081421,1.7320696720179083,,,True,True,5.0,"Regions align precisely, overlay confirms matching contours.",accept
136,kuripm_0040_l0720_2880_r0640_3072.jpg,0040,page0040.clip,720,2880,640,3072,-80,192,0.032703993055555554,0.5764727858482893,8.380892038345337,1.7176764286776849,,,False,False,1.0,"Regions mismatched, not aligned",reject
137,kuripm_0001_l1440_5040_r1376_5008.jpg,0001,page0001.clip,1440,5040,1376,5008,-64,-32,0.06575520833333333,0.561025392500366,8.30587911605835,1.7161616049582964,,,True,True,5.0,Structural alignment confirmed,accept
138,kuripm_0005_l0720_5040_r0888_5184.jpg,0005,page0005.clip,720,5040,888,5184,168,144,0.025134548611111113,0.5720420957771952,8.896292448043823,1.7150811169169264,,,True,True,5.0,Sketch and line match in shape and structure.,accept
139,kuripm_0023_l3600_2880_r3632_3072.jpg,0023,page0023.clip,3600,2880,3632,3072,32,192,0.03312065972222222,0.5420056739169117,7.857001066207886,1.7101502236676693,,,True,True,5.0,Sketch and line align precisely in form and structure.,accept
140,kuripm_0010_l3600_5760_r3760_5952.jpg,0010,page0010.clip,3600,5760,3760,5952,160,192,0.016575520833333333,0.5379590158099953,7.050848007202148,1.7087228900378058,,,True,True,5.0,Rough and line align perfectly in structure and region.,accept
141,kuripm_0032_l0000_1440_r0072_1528.jpg,0032,page0032.clip,0,1440,72,1528,72,88,0.04158420138888889,0.5932732384658509,7.929387092590332,1.681936362823702,,,True,True,5.0,"Rough and line align precisely, matching local structure and orientation.",accept
142,kuripm_0040_l1440_5760_r1336_5928.jpg,0040,page0040.clip,1440,5760,1336,5928,-104,168,0.05961371527777778,0.5076119694517603,7.22908353805542,1.6631033666739856,,,True,True,5.0,"Regions align precisely, no structural mismatch.",accept
143,kuripm_0005_l0720_4320_r0888_4496.jpg,0005,page0005.clip,720,4320,888,4496,168,176,0.0201953125,0.6108264711429614,9.798317432403564,1.652784296231114,,,True,True,5.0,Rough and line align perfectly in shape and structure.,accept
144,kuripm_0011_l1440_4320_r1576_4472.jpg,0011,page0011.clip,1440,4320,1576,4472,136,152,0.029635416666666668,0.5441557316444363,8.16627311706543,1.6522261343338476,,,True,True,5.0,Sketch and line align perfectly in form and structure.,accept
145,kuripm_0033_l2160_5040_r2288_5192.jpg,0033,page0033.clip,2160,5040,2288,5192,128,152,0.05391493055555555,0.5551342272686083,8.815662145614624,1.6479324890502374,,,True,True,5.0,"Regions align precisely, no misalignment or rotation.",accept
146,kuripm_0009_l3600_4320_r3608_4368.jpg,0009,page0009.clip,3600,4320,3608,4368,8,48,0.05723090277777778,0.5556437179251884,8.514107942581177,1.6440373670341517,,,False,False,1.0,"Regions mismatched, not aligned",reject
147,kuripm_0026_l2880_5040_r2872_4992.jpg,0026,page0026.clip,2880,5040,2872,4992,-8,-48,0.025108506944444445,0.5539419653831796,7.881901144981384,1.6424670126340326,,,True,True,5.0,Rough and line align precisely in form and orientation.,accept
148,kuripm_0011_l0000_4320_r0152_4464.jpg,0011,page0011.clip,0,4320,152,4464,152,144,0.030013020833333334,0.6347272529428089,9.918269872665405,1.6405792076329,,,True,True,5.0,"Rough and line align precisely, overlay confirms matching region.",accept
149,kuripm_0005_l0000_5040_r0184_5184.jpg,0005,page0005.clip,0,5040,184,5184,184,144,0.05213107638888889,0.5474100170254391,7.755640506744385,1.6295040465045214,,,True,True,5.0,Rough and line align perfectly in structure and region.,accept
150,kuripm_0040_l1440_2880_r1568_2840.jpg,0040,page0040.clip,1440,2880,1568,2840,128,-40,0.019401041666666667,0.5585237198093616,8.439029693603516,1.6218903515567256,,,False,False,1.0,"Regions mismatched, not aligned",reject
151,kuripm_0032_l4320_2160_r4208_2200.jpg,0032,page0032.clip,4320,2160,4208,2200,-112,40,0.022265625,0.5428218429700572,7.82200288772583,1.6217854098977087,,,True,True,5.0,"Rough and line align precisely, matching local structure and orientation.",accept
152,kuripm_0002_l4320_3600_r4304_3504.jpg,0002,page0002.clip,4320,3600,4304,3504,-16,-96,0.011189236111111112,0.5923765071956437,8.650713801383972,1.6189444818481873,,,False,False,1.0,"Regions mismatched, not aligned",reject
153,kuripm_0029_l1440_3600_r1560_3704.jpg,0029,page0029.clip,1440,3600,1560,3704,120,104,0.02423611111111111,0.6036028981253252,9.26146388053894,1.6163722853623197,,,True,True,5.0,Rough and line align precisely in form and orientation.,accept
154,kuripm_0002_l2880_0720_r2736_0592.jpg,0002,page0002.clip,2880,720,2736,592,-144,-128,0.07006944444444445,0.5444051739805101,8.488691806793213,1.6105629536683983,,,True,True,5.0,Consistent character region and alignment,accept
155,kuripm_0015_l2880_0720_r3072_0816.jpg,0015,page0015.clip,2880,720,3072,816,192,96,0.06452690972222222,0.52450107355228,8.16132664680481,1.60479895714878,,,True,True,5.0,"Eye region matches precisely, no misalignment or rotation.",accept
156,kuripm_0026_l0720_5760_r0696_5736.jpg,0026,page0026.clip,720,5760,696,5736,-24,-24,0.03375434027777778,0.5481120289745331,8.843761920928955,1.6012244088599186,,,True,True,5.0,Sketch and line match precisely in form and orientation.,accept
157,kuripm_0028_l2160_5760_r2320_5944.jpg,0028,page0028.clip,2160,5760,2320,5944,160,184,0.09924479166666667,0.5472950506596274,8.695226192474365,1.6009991991675698,,,True,True,5.0,"Regions align precisely, edges match, no structural mismatch.",accept
158,kuripm_0040_l2160_5040_r2048_5208.jpg,0040,page0040.clip,2160,5040,2048,5208,-112,168,0.04529947916666666,0.5789443361437059,9.25935435295105,1.590814126094041,,,True,True,5.0,Sketch and line align closely in anatomy and orientation.,accept
159,kuripm_0016_l0720_0720_r0680_0800.jpg,0016,page0016.clip,720,720,680,800,-40,80,0.03614149305555556,0.5729120140636753,8.263156175613403,1.5840659573076226,,,True,True,5.0,Rough and line align perfectly in form and orientation.,accept
160,kuripm_0011_l0000_3600_r0168_3792.jpg,0011,page0011.clip,0,3600,168,3792,168,192,0.018932291666666667,0.6174783438971856,10.2280855178833,1.5785640182162592,,,True,True,5.0,Rough and line align perfectly in shape and region.,accept
161,kuripm_0011_l3600_1440_r3568_1584.jpg,0011,page0011.clip,3600,1440,3568,1584,-32,144,0.02537326388888889,0.5769264865704933,8.229216694831848,1.5745100702792418,,,False,False,1.0,"Regions mismatched, no clear shared subject",reject
162,kuripm_0006_l0720_5040_r0800_5072.jpg,0006,page0006.clip,720,5040,800,5072,80,32,0.07523003472222223,0.5493933287651621,8.132243394851685,1.5716027904381047,,,True,True,5.0,"Rough and line align precisely, matching local anatomy and orientation.",accept
163,kuripm_0020_l2880_4320_r2920_4232.jpg,0020,page0020.clip,2880,4320,2920,4232,40,-88,0.028237847222222223,0.6108701594207777,9.76103401184082,1.5713828559994236,,,True,True,5.0,Rough and line align perfectly in form and orientation.,accept
164,kuripm_0001_l1440_2160_r1472_2136.jpg,0001,page0001.clip,1440,2160,1472,2136,32,-24,0.08799045138888889,0.5274309100941631,8.032735586166382,1.5707099516617666,,,True,True,5.0,"Rough and line align perfectly on facial features and hair, with clear overlay matching.",accept
165,kuripm_0025_l0720_0720_r0680_0664.jpg,0025,page0025.clip,720,720,680,664,-40,-56,0.0723220486111111,0.5242361755776258,8.487571239471436,1.5691443326548917,,,True,True,5.0,Consistent facial features and proportions across all layers.,accept
166,kuripm_0020_l2880_2160_r2928_2056.jpg,0020,page0020.clip,2880,2160,2928,2056,48,-104,0.062348090277777775,0.5553427030270169,9.039139747619629,1.5558273413393708,,,True,True,5.0,Sketch and line align closely in facial features.,accept
167,kuripm_0028_l2880_5760_r2984_5936.jpg,0028,page0028.clip,2880,5760,2984,5936,104,176,0.0159765625,0.570525158097333,8.486699223518372,1.5554746575475853,,,False,False,0.0,Regions mismatched,reject
168,kuripm_0011_l2160_1440_r2288_1592.jpg,0011,page0011.clip,2160,1440,2288,1592,128,152,0.028993055555555557,0.567148150972644,8.26101303100586,1.5436896097013921,,,True,True,5.0,Rough and line align perfectly in structure and region.,accept
169,kuripm_0006_l2880_2880_r3024_3056.jpg,0006,page0006.clip,2880,2880,3024,3056,144,176,0.043715277777777777,0.5134998823173397,8.289886236190796,1.5325078126210079,,,True,True,5.0,"Regions align precisely, overlay confirms matching contours.",accept
170,kuripm_0020_l1440_0720_r1488_0632.jpg,0020,page0020.clip,1440,720,1488,632,48,-88,0.04138454861111111,0.5643169520440451,8.996509313583374,1.5253441199265396,,,True,True,5.0,"Regions align precisely, no misalignment or rotation detected.",accept
171,kuripm_0008_l3600_2880_r3536_2768.jpg,0008,page0008.clip,3600,2880,3536,2768,-64,-112,0.06428385416666667,0.5474057156311607,8.385922908782959,1.5069844533723817,,,True,True,5.0,Regions align precisely; red/blue overlay confirms consistent mapping.,accept
172,kuripm_0027_l0720_5760_r0888_5952.jpg,0027,page0027.clip,720,5760,888,5952,168,192,0.07938802083333334,0.4990240906235089,8.05388617515564,1.4995607917029221,,,True,True,5.0,Rough and line align precisely on foot/leg region with matching contours and structure.,accept
173,kuripm_0002_l1440_4320_r1384_4168.jpg,0002,page0002.clip,1440,4320,1384,4168,-56,-152,0.060069444444444446,0.5371374550746145,9.071231365203857,1.4845131311032111,,,True,True,5.0,"Regions align precisely, no structural mismatch.",accept
174,kuripm_0032_l1440_4320_r1464_4264.jpg,0032,page0032.clip,1440,4320,1464,4264,24,-56,0.09401909722222222,0.5539770249821425,8.86135220527649,1.48301929664012,,,True,True,5.0,"Regions align precisely, no misalignment or mismatched body parts.",accept
175,kuripm_0020_l2160_1440_r2264_1344.jpg,0020,page0020.clip,2160,1440,2264,1344,104,-96,0.0923828125,0.5201713100401216,8.60936164855957,1.472496310717844,,,True,True,5.0,Rough and line match anatomically and spatially.,accept
176,kuripm_0005_l0720_3600_r0872_3792.jpg,0005,page0005.clip,720,3600,872,3792,152,192,0.04736545138888889,0.5385605074066021,7.977532148361206,1.466662557587288,,,True,True,5.0,"Regions align perfectly, no mismatch detected.",accept
177,kuripm_0008_l0720_5040_r0648_4848.jpg,0008,page0008.clip,720,5040,648,4848,-72,-192,0.0440234375,0.5305143531842669,8.091017007827759,1.4623688374155606,,,True,True,5.0,Rough and line align perfectly in structure and region.,accept
178,kuripm_0023_l1440_3600_r1568_3728.jpg,0023,page0023.clip,1440,3600,1568,3728,128,128,0.02681857638888889,0.5527420015081331,8.698702096939087,1.4541172714774,,,True,True,5.0,"Rough and line align precisely, matching contours and structure.",accept
179,kuripm_0019_l1440_0720_r1256_0752.jpg,0019,page0019.clip,1440,720,1256,752,-184,32,0.07194444444444445,0.5141896284123473,8.696019172668457,1.4528093716280663,,,True,True,5.0,"Rough and line align precisely on facial features and hair, with overlay confirming matching regions.",accept
180,kuripm_0027_l4320_0720_r4416_0736.jpg,0027,page0027.clip,4320,720,4416,736,96,16,0.012960069444444444,0.5381893860561915,8.762748003005981,1.44902732628497,,,False,False,1.0,"Mismatched regions, not aligned",reject
181,kuripm_0008_l2880_5760_r2824_5720.jpg,0008,page0008.clip,2880,5760,2824,5720,-56,-40,0.019934895833333334,0.572784595565801,9.186938762664795,1.4472437879551523,,,False,False,1.0,"Regions mismatched, not aligned",reject
182,kuripm_0005_l4481_2880_r4321_2848.jpg,0005,page0005.clip,4481,2880,4321,2848,-160,-32,0.04945746527777778,0.5069575884306129,8.228662490844727,1.4456658982204935,,,False,False,1.0,"Regions mismatched, not aligned",reject
183,kuripm_0020_l2880_3600_r3016_3496.jpg,0020,page0020.clip,2880,3600,3016,3496,136,-104,0.0417578125,0.5411326704918751,9.078883171081543,1.4386730265752328,,,False,False,1.0,"Regions mismatched, no clear correspondence",reject
184,kuripm_0025_l0000_5040_r0176_5136.jpg,0025,page0025.clip,0,5040,176,5136,176,96,0.02671875,0.5602314150419777,8.246152639389038,1.4385025714065507,,,False,False,1.0,"Regions mismatched, no shared object/structure",reject
185,kuripm_0027_l4320_5760_r4400_5624.jpg,0027,page0027.clip,4320,5760,4400,5624,80,-136,0.030807291666666667,0.5469733078723652,8.29394245147705,1.4340588504688585,,,True,True,5.0,"Rough and line align precisely, matching local structure and orientation.",accept
186,kuripm_0040_l2160_5760_r2056_5928.jpg,0040,page0040.clip,2160,5760,2056,5928,-104,168,0.07801215277777777,0.5365508609251367,9.457196950912476,1.4330866952198615,,,True,True,5.0,"Regions align precisely, no misalignment or mismatched body parts.",accept
187,kuripm_0032_l0000_2160_r0056_2328.jpg,0032,page0032.clip,0,2160,56,2328,56,168,0.024830729166666666,0.572218714830776,7.5854562520980835,1.430081610679188,,,False,False,0.0,"Different regions, no shared object",reject
188,kuripm_0019_l2160_2160_r1968_2208.jpg,0019,page0019.clip,2160,2160,1968,2208,-192,48,0.035559895833333334,0.49357907022090314,8.216288566589355,1.422491891620508,,,True,True,5.0,Aligns precisely in region and structure,accept
189,kuripm_0001_l3600_0000_r3664_0056.jpg,0001,page0001.clip,3600,0,3664,56,64,56,0.020941840277777776,0.5276632913386203,7.714666664600372,1.4205849651291496,,,False,False,1.0,"Mismatched regions, not aligned",reject
190,kuripm_0032_l4481_3600_r4361_3584.jpg,0032,page0032.clip,4481,3600,4361,3584,-120,-16,0.03485243055555556,0.5192359210644244,9.093918800354004,1.4127755421066945,,,True,True,5.0,"Rough and line align precisely, matching local structure.",accept
191,kuripm_0007_l2160_1440_r2336_1632.jpg,0007,page0007.clip,2160,1440,2336,1632,176,192,0.016046006944444444,0.5384655297914576,7.508533000946045,1.4123668316700704,,,False,False,1.0,"Regions mismatched, no shared object structure",reject
192,kuripm_0031_l1440_4320_r1616_4512.jpg,0031,page0031.clip,1440,4320,1616,4512,176,192,0.05297743055555556,0.5661331348389315,9.136502265930176,1.4090037433975138,,,True,True,5.0,"Regions align precisely, overlay confirms matching structure.",accept
193,kuripm_0011_l0720_4320_r0864_4456.jpg,0011,page0011.clip,720,4320,864,4456,144,136,0.012534722222222221,0.5580319417203699,10.086293816566467,1.3886377440368292,,,True,True,5.0,Rough and line align perfectly in shape and region.,accept
194,kuripm_0009_l2880_5760_r2896_5728.jpg,0009,page0009.clip,2880,5760,2896,5728,16,-32,0.0450390625,0.577076246712476,9.506672143936157,1.3829260360536837,,,True,True,5.0,"Aligns precisely, matches local structure",accept
195,kuripm_0005_l4320_1440_r4288_1344.jpg,0005,page0005.clip,4320,1440,4288,1344,-32,-96,0.03159288194444444,0.5334517404818208,9.187188386917114,1.379515833418398,,,True,True,5.0,Rough and line align precisely in form and structure.,accept
196,kuripm_0009_l0720_4320_r0696_4312.jpg,0009,page0009.clip,720,4320,696,4312,-24,-8,0.06682291666666666,0.5206875702235411,9.19883394241333,1.3719785553161667,,,False,False,1.0,"Regions mismatched, not aligned",reject
197,kuripm_0008_l1440_3600_r1344_3408.jpg,0008,page0008.clip,1440,3600,1344,3408,-96,-192,0.05052951388888889,0.5157742905594678,8.692386627197266,1.3698764596864796,,,False,False,1.0,"Regions mismatched, not aligned",reject
198,kuripm_0005_l4320_2880_r4144_2840.jpg,0005,page0005.clip,4320,2880,4144,2840,-176,-40,0.09070746527777777,0.509422015579532,8.987967729568481,1.3676736820468143,,,True,True,5.0,Regions align closely; overlay confirms consistent mapping.,accept
199,kuripm_0040_l2160_4320_r2048_4504.jpg,0040,page0040.clip,2160,4320,2048,4504,-112,184,0.06525607638888889,0.5483422061333346,9.575451374053955,1.3581076832825973,,,True,True,5.0,"Rough and line align precisely, overlay confirms matching regions.",accept
200,kuripm_0020_l1440_2160_r1448_2200.jpg,0020,page0020.clip,1440,2160,1448,2200,8,40,0.061857638888888886,0.5466684981257517,9.711225032806396,1.353333216242988,,,True,True,5.0,Rough and line align precisely in anatomy and orientation.,accept
201,kuripm_0040_l2160_2880_r2056_3072.jpg,0040,page0040.clip,2160,2880,2056,3072,-104,192,0.13893663194444444,0.49782734679197166,8.917171478271484,1.3264414755377905,,,True,True,5.0,"Rough and line align precisely, overlay confirms matching regions.",accept
202,kuripm_0028_l2880_4320_r3016_4512.jpg,0028,page0028.clip,2880,4320,3016,4512,136,192,0.05809895833333333,0.5120154962758856,9.368202686309814,1.3245853939243575,,,True,True,5.0,"Regions align precisely, no structural mismatch.",accept
203,kuripm_0008_l2160_1440_r2080_1328.jpg,0008,page0008.clip,2160,1440,2080,1328,-80,-112,0.055047743055555556,0.49044147870176213,8.240970611572266,1.321216076914561,,,True,True,5.0,"Regions align precisely, no misalignment or mismatched body parts.",accept
204,kuripm_0019_l1440_2880_r1248_2872.jpg,0019,page0019.clip,1440,2880,1248,2872,-192,-8,0.062161458333333336,0.5134475136260469,9.286560535430908,1.3211373369239952,,,False,False,1.0,"Regions mismatched, not aligned",reject
205,kuripm_0032_l3600_2160_r3520_2216.jpg,0032,page0032.clip,3600,2160,3520,2216,-80,56,0.03176649305555555,0.524595781519122,8.746381759643555,1.3191579584131945,,,True,True,5.0,"Rough and line align precisely, matching local anatomy and structure.",accept
206,kuripm_0033_l4320_5040_r4368_5184.jpg,0033,page0033.clip,4320,5040,4368,5184,48,144,0.011180555555555555,0.5333921977845562,8.917933702468872,1.3077842426671882,,,True,True,5.0,Rough and line align precisely in form and orientation.,accept
207,kuripm_0015_l0720_4320_r0872_4464.jpg,0015,page0015.clip,720,4320,872,4464,152,144,0.053802083333333334,0.5326232866343372,9.456169605255127,1.3074717747946045,,,True,True,5.0,Rough and line align precisely in anatomy and orientation.,accept
208,kuripm_0020_l4320_0720_r4384_0584.jpg,0020,page0020.clip,4320,720,4384,584,64,-136,0.043719618055555555,0.5375608367268884,10.062365055084229,1.3041154169380813,,,True,True,5.0,Sketch and line match in form and structure.,accept
209,kuripm_0016_l1440_2880_r1248_3072.jpg,0016,page0016.clip,1440,2880,1248,3072,-192,192,0.15432291666666667,0.5260835596079688,9.146697521209717,1.292137006908758,,,False,False,1.0,"Regions mismatched, no shared semantic area",reject
210,kuripm_0020_l0720_1440_r0744_1344.jpg,0020,page0020.clip,720,1440,744,1344,24,-96,0.08473524305555556,0.5173022729835965,9.116717338562012,1.2896662489576314,,,True,True,5.0,Hand anatomy matches across all layers.,accept
211,kuripm_0029_l4320_5760_r4440_5832.jpg,0029,page0029.clip,4320,5760,4440,5832,120,72,0.019227430555555557,0.5900820763503841,10.230608463287354,1.2873130361420455,,,False,False,1.0,"Objects mismatched, not aligned",reject
212,kuripm_0001_l3600_0720_r3672_0632.jpg,0001,page0001.clip,3600,720,3672,632,72,-88,0.035798611111111114,0.5040090324599804,8.925678253173828,1.2853643713927285,,,True,True,5.0,Rough and line align perfectly in structure and orientation.,accept
213,kuripm_0008_l1440_1440_r1368_1328.jpg,0008,page0008.clip,1440,1440,1368,1328,-72,-112,0.06591145833333334,0.5032106531947965,9.050506353378296,1.2841510698481953,,,True,True,5.0,Aligned facial features and consistent proportions,accept
214,kuripm_0025_l0720_4320_r0704_4208.jpg,0025,page0025.clip,720,4320,704,4208,-16,-112,0.012213541666666666,0.5158662274201608,8.283511519432068,1.2840483641464628,,,False,False,1.0,"Regions mismatched, not aligned",reject
215,kuripm_0029_l1440_0000_r1568_0120.jpg,0029,page0029.clip,1440,0,1568,120,128,120,0.03751736111111111,0.49039157443020626,9.012566566467285,1.2809329264361864,,,True,True,5.0,"Rough and line align perfectly in facial region, no misalignment or mismatch.",accept
216,kuripm_0035_l4481_3600_r4401_3512.jpg,0035,page0035.clip,4481,3600,4401,3512,-80,-88,0.15975260416666667,0.5675123159824833,9.570088863372803,1.2769977668380788,,,False,False,1.0,"Regions mismatched, no clear correspondence",reject
217,kuripm_0001_l0720_2880_r0752_2864.jpg,0001,page0001.clip,720,2880,752,2864,32,-16,0.0207421875,0.5395485698747147,10.060456275939941,1.271221715969723,,,False,False,1.0,"Regions mismatched, not aligned",reject
218,kuripm_0009_l3600_2160_r3616_2192.jpg,0009,page0009.clip,3600,2160,3616,2192,16,32,0.03417100694444444,0.5282558774356367,9.588852882385254,1.2653072061393704,,,True,True,5.0,Regions align closely; red/blue overlay confirms consistent mapping.,accept
219,kuripm_0001_l3600_3600_r3672_3568.jpg,0001,page0001.clip,3600,3600,3672,3568,72,-32,0.053307291666666666,0.5499643282700518,9.716083526611328,1.2620107401852,,,True,True,5.0,"Regions align precisely, no structural mismatch.",accept
220,kuripm_0006_l0720_2880_r0672_2760.jpg,0006,page0006.clip,720,2880,672,2760,-48,-120,0.052999131944444444,0.5625586091305489,9.549884796142578,1.2609590761189953,,,True,True,5.0,Rough and line align perfectly in structure and region.,accept
221,kuripm_0033_l1440_3600_r1584_3744.jpg,0033,page0033.clip,1440,3600,1584,3744,144,144,0.05295138888888889,0.5326023865181618,9.606398582458496,1.253641872957739,,,True,True,5.0,Sketch and line align precisely in structure and orientation.,accept
222,kuripm_0019_l2880_5040_r2712_5120.jpg,0019,page0019.clip,2880,5040,2712,5120,-168,80,0.08790798611111111,0.4914348978071931,9.089696407318115,1.2530994722527566,,,True,True,5.0,Consistent facial features and proportions across all layers.,accept
223,kuripm_0009_l2880_1440_r2912_1448.jpg,0009,page0009.clip,2880,1440,2912,1448,32,8,0.038276909722222224,0.504824653958982,9.362223863601685,1.2488752090219284,,,True,True,5.0,Rough and line align precisely in anatomy and orientation.,accept
224,kuripm_0021_l3600_4320_r3720_4496.jpg,0021,page0021.clip,3600,4320,3720,4496,120,176,0.02151909722222222,0.5287223582180532,9.465490818023682,1.2480997861142387,,,False,False,1.0,Red and blue overlays show different anatomical regions; mismatched body parts.,reject
225,kuripm_0023_l2160_1440_r2208_1600.jpg,0023,page0023.clip,2160,1440,2208,1600,48,160,0.0541796875,0.4687603699352509,8.733655452728271,1.2451135391001582,,,True,True,5.0,Sketch and line align anatomically and spatially.,accept
226,kuripm_0038_l2160_5040_r2264_4848.jpg,0038,page0038.clip,2160,5040,2264,4848,104,-192,0.15404513888888888,0.5048868408589388,9.2012939453125,1.2423105008222968,,,True,True,5.0,Rough and line align precisely in anatomy and orientation.,accept
227,kuripm_0002_l0720_0720_r0640_0544.jpg,0002,page0002.clip,720,720,640,544,-80,-176,0.05639756944444444,0.5353222781404334,10.234820365905762,1.2366195008659324,,,True,True,5.0,"Rough and line align precisely, overlay confirms matching structure.",accept
228,kuripm_0016_l0000_4320_r0000_4440.jpg,0016,page0016.clip,0,4320,0,4440,0,120,0.011059027777777777,0.5417661376328127,9.115696549415588,1.2352755006639675,,,False,False,1.0,"Regions mismatched, not aligned",reject
229,kuripm_0033_l2880_5040_r2984_5200.jpg,0033,page0033.clip,2880,5040,2984,5200,104,160,0.030056423611111112,0.5317939180323515,9.800283908843994,1.2352535255779535,,,True,True,5.0,Regions align closely; red and blue overlays match anatomical contours.,accept
230,kuripm_0025_l0720_1440_r0552_1408.jpg,0025,page0025.clip,720,1440,552,1408,-168,-32,0.044071180555555554,0.5013587011142451,9.245993375778198,1.2347395275506412,,,False,False,1.0,"Regions mismatched, not aligned",reject
231,kuripm_0032_l3600_5760_r3544_5624.jpg,0032,page0032.clip,3600,5760,3544,5624,-56,-136,0.07956597222222223,0.4726435458194158,8.377973556518555,1.2214729971687261,,,True,True,5.0,Regions align precisely; red and blue overlays match anatomical contours.,accept
232,kuripm_0020_l2160_0720_r2200_0632.jpg,0020,page0020.clip,2160,720,2200,632,40,-88,0.022400173611111112,0.525538250429397,10.06328821182251,1.2065294761741425,,,False,False,1.0,"Regions mismatched, not aligned",reject
233,kuripm_0026_l0720_1440_r0672_1432.jpg,0026,page0026.clip,720,1440,672,1432,-48,-8,0.034995659722222225,0.5227894307784479,9.713800430297852,1.2062644740809803,,,True,True,5.0,"Rough and line align precisely, matching local structure and orientation.",accept
234,kuripm_0004_l1440_0720_r1632_0864.jpg,0004,page0004.clip,1440,720,1632,864,192,144,0.020616319444444444,0.4713477130437285,7.835070848464966,1.2048736148140575,,,True,True,5.0,Rough and line align perfectly in structure and region.,accept
235,kuripm_0040_l0720_4320_r0648_4488.jpg,0040,page0040.clip,720,4320,648,4488,-72,168,0.08241753472222223,0.5439559987034372,9.672674894332886,1.1944601995370938,,,False,False,1.0,"Regions mismatched, no clear shared subject",reject
236,kuripm_0032_l1440_5040_r1464_4944.jpg,0032,page0032.clip,1440,5040,1464,4944,24,-96,0.07015190972222222,0.4939618552027029,8.869906067848206,1.1911190226262653,,,False,False,1.0,"Regions mismatched, no clear shared subject",reject
237,kuripm_0032_l3600_5040_r3528_4920.jpg,0032,page0032.clip,3600,5040,3528,4920,-72,-120,0.012352430555555556,0.5138414255074182,9.703026294708252,1.1871064640952675,,,False,False,1.0,"Regions mismatched, not aligned",reject
238,kuripm_0023_l2880_3600_r2960_3792.jpg,0023,page0023.clip,2880,3600,2960,3792,80,192,0.04624565972222222,0.4936687112183858,9.518176794052124,1.1844265151993354,,,True,True,5.0,Rough and line align perfectly on tree structure.,accept
239,kuripm_0023_l0000_3600_r0096_3408.jpg,0023,page0023.clip,0,3600,96,3408,96,-192,0.0123828125,0.5278532074581642,9.09019136428833,1.177504782813964,,,True,True,5.0,Rough and line align perfectly in structure and orientation.,accept
240,kuripm_0012_l1440_5760_r1616_5944.jpg,0012,page0012.clip,1440,5760,1616,5944,176,184,0.07330729166666666,0.5328956853128217,10.152952432632446,1.1771649891735976,,,True,True,5.0,Sketch and line align precisely in structure and orientation.,accept
241,kuripm_0027_l3600_5760_r3760_5952.jpg,0027,page0027.clip,3600,5760,3760,5952,160,192,0.03599392361111111,0.5340962322580336,10.54526162147522,1.1646179189346375,,,True,True,5.0,Rough and line align precisely in shape and detail.,accept
242,kuripm_0020_l2880_0720_r2992_0632.jpg,0020,page0020.clip,2880,720,2992,632,112,-88,0.032556423611111114,0.5393206640966915,10.571123123168945,1.1640686181736037,,,True,True,5.0,"Rough and line align precisely, overlay confirms matching regions.",accept
243,kuripm_0009_l3600_5040_r3776_4992.jpg,0009,page0009.clip,3600,5040,3776,4992,176,-48,0.0263671875,0.5442078838220523,9.584748983383179,1.1628376136050114,,,False,False,1.0,"Regions mismatched, no clear correspondence",reject
244,kuripm_0037_l1440_2160_r1576_2352.jpg,0037,page0037.clip,1440,2160,1576,2352,136,192,0.14807291666666667,0.49563289178651393,8.939884662628174,1.1569121237315145,,,True,True,5.0,Rough and line align perfectly in anatomy and perspective.,accept
245,kuripm_0008_l1440_0000_r1312_0000.jpg,0008,page0008.clip,1440,0,1312,0,-128,0,0.012973090277777778,0.5536709537716212,10.156786441802979,1.1478420705280796,,,True,True,5.0,Rough and line align perfectly in shape and orientation.,accept
246,kuripm_0004_l1440_4320_r1624_4408.jpg,0004,page0004.clip,1440,4320,1624,4408,184,88,0.020872395833333335,0.47382548228609106,8.81549882888794,1.145694988249679,,,False,False,1.0,"Regions mismatched, not aligned",reject
247,kuripm_0025_l1440_4320_r1392_4256.jpg,0025,page0025.clip,1440,4320,1392,4256,-48,-64,0.027730034722222224,0.5024527867433988,9.78835391998291,1.139182773044472,,,True,True,5.0,"Regions align precisely, no mismatch detected.",accept
248,kuripm_0005_l4481_2160_r4449_2336.jpg,0005,page0005.clip,4481,2160,4449,2336,-32,176,0.01761284722222222,0.5704328700698076,9.918826222419739,1.1340658122228757,,,False,False,1.0,"Regions mismatched, not aligned",reject
249,kuripm_0002_l2160_2880_r2144_2760.jpg,0002,page0002.clip,2160,2880,2144,2760,-16,-120,0.057664930555555556,0.4830741327106787,9.247420310974121,1.1303261907272648,,,True,True,5.0,Consistent anatomical alignment and detail matching,accept
250,kuripm_0020_l0720_0720_r0792_0648.jpg,0020,page0020.clip,720,720,792,648,72,-72,0.03700954861111111,0.5055411767730169,9.925413131713867,1.1240728909446278,,,True,True,5.0,Sketch and line align precisely in structure and orientation.,accept
251,kuripm_0027_l1440_1440_r1592_1424.jpg,0027,page0027.clip,1440,1440,1592,1424,152,-16,0.031727430555555554,0.48659712308166747,8.77878475189209,1.1064671958563972,,,True,True,5.0,Rough and line align perfectly in structure and orientation.,accept
252,kuripm_0032_l0000_0720_r0064_0816.jpg,0032,page0032.clip,0,720,64,816,64,96,0.027061631944444445,0.5037134353899375,8.356101870536804,1.1025181305646392,,,True,True,5.0,Rough and line align perfectly in structure and orientation.,accept
253,kuripm_0005_l2160_2880_r2240_2992.jpg,0005,page0005.clip,2160,2880,2240,2992,80,112,0.10389322916666667,0.4984281795421148,10.223560333251953,1.1015259242078468,,,True,True,5.0,"Aligns precisely, matches facial features, suitable for training.",accept
254,kuripm_0025_l0720_3600_r0712_3536.jpg,0025,page0025.clip,720,3600,712,3536,-8,-64,0.02829861111111111,0.5076047209681637,9.611227750778198,1.092605608664869,,,True,True,5.0,"Rough and line align precisely, overlay confirms matching contours.",accept
255,kuripm_0023_l0720_3600_r0880_3776.jpg,0023,page0023.clip,720,3600,880,3776,160,176,0.04071180555555556,0.489790531996949,9.906121253967285,1.0861207821702887,,,False,False,1.0,"Mismatched regions, not aligned",reject
256,kuripm_0020_l0720_5040_r0744_5056.jpg,0020,page0020.clip,720,5040,744,5056,24,16,0.040026041666666665,0.5193019872101651,10.544232845306396,1.086074725710152,,,True,True,5.0,"Rough and line align precisely, matching anatomy and orientation.",accept
257,kuripm_0001_l2880_2880_r2976_2880.jpg,0001,page0001.clip,2880,2880,2976,2880,96,0,0.06697916666666667,0.5174132079280532,9.746670246124268,1.0816658704808804,,,True,True,5.0,Regions align precisely; overlay confirms consistent mapping.,accept
258,kuripm_0025_l0720_2880_r0696_2792.jpg,0025,page0025.clip,720,2880,696,2792,-24,-88,0.020694444444444446,0.49911306325787674,10.149766206741333,1.073800401827719,,,True,True,5.0,Rough and line align perfectly in form and structure.,accept
259,kuripm_0016_l4320_1440_r4392_1600.jpg,0016,page0016.clip,4320,1440,4392,1600,72,160,0.01228298611111111,0.48883022079879973,8.630705952644348,1.066859199304581,,,False,False,1.0,"Regions mismatched, not aligned",reject
260,kuripm_0031_l2880_2880_r3000_3072.jpg,0031,page0031.clip,2880,2880,3000,3072,120,192,0.020147569444444444,0.48117129478055903,8.795436382293701,1.0611143834328454,,,True,True,5.0,"Rough and line align precisely, overlay confirms matching regions.",accept
261,kuripm_0020_l2160_3600_r2256_3536.jpg,0020,page0020.clip,2160,3600,2256,3536,96,-64,0.09637152777777777,0.4837948450577215,9.83747911453247,1.048721322257523,,,True,True,5.0,"Rough and line align precisely, matching anatomy and structure.",accept
262,kuripm_0026_l2880_1440_r2816_1320.jpg,0026,page0026.clip,2880,1440,2816,1320,-64,-120,0.09163628472222222,0.5123096830061262,10.357337474822998,1.0483736652644797,,,True,True,5.0,Sketch and lineart align in subject and structure.,accept
263,kuripm_0040_l4320_2160_r4168_2336.jpg,0040,page0040.clip,4320,2160,4168,2336,-152,176,0.017408854166666668,0.516427312489111,9.732157230377197,1.0470833235366224,,,False,False,1.0,"Regions mismatched, not aligned",reject
264,kuripm_0020_l2160_2880_r2208_2720.jpg,0020,page0020.clip,2160,2880,2208,2720,48,-160,0.04084201388888889,0.5052694023447699,9.719004154205322,1.0423095768731756,,,False,False,1.0,"Regions mismatched, no clear correspondence",reject
265,kuripm_0001_l2880_4320_r2968_4368.jpg,0001,page0001.clip,2880,4320,2968,4368,88,48,0.06671006944444445,0.4773038468332804,9.819310665130615,1.0417787073758928,,,True,True,5.0,"Regions align precisely, no structural mismatch.",accept
266,kuripm_0005_l0720_2880_r0896_3072.jpg,0005,page0005.clip,720,2880,896,3072,176,192,0.047026909722222225,0.5141349124635091,10.254706859588623,1.0407948954140558,,,True,True,5.0,"Rough and line align precisely, matching local anatomy and orientation.",accept
267,kuripm_0011_l0000_0720_r0176_0912.jpg,0011,page0011.clip,0,720,176,912,176,192,0.028645833333333332,0.5450502683815478,10.935117244720459,1.0380534858198496,,,True,True,5.0,Sketch and line align precisely in form and orientation.,accept
268,kuripm_0032_l2160_6480_r2120_6312.jpg,0032,page0032.clip,2160,6480,2120,6312,-40,-168,0.013129340277777778,0.4824441860362162,9.67992639541626,1.0323558561041644,,,False,False,1.0,"Regions mismatched, not aligned",reject
269,kuripm_0027_l1440_4320_r1608_4512.jpg,0027,page0027.clip,1440,4320,1608,4512,168,192,0.05776041666666667,0.47517395677251173,9.479612350463867,1.0289288928145264,,,True,True,5.0,"Regions align precisely, no structural mismatch.",accept
270,kuripm_0027_l0000_5040_r0192_5232.jpg,0027,page0027.clip,0,5040,192,5232,192,192,0.04595486111111111,0.4907611538564295,9.991485595703125,1.0288629539223941,,,True,True,5.0,"Rough and line align precisely, overlay confirms matching regions.",accept
271,kuripm_0016_l2160_0720_r2096_0912.jpg,0016,page0016.clip,2160,720,2096,912,-64,192,0.11920138888888888,0.47048487319112525,9.202430248260498,1.0264221462172998,,,True,True,5.0,Aligns precisely in anatomy and orientation,accept
272,kuripm_0009_l2880_0720_r2912_0728.jpg,0009,page0009.clip,2880,720,2912,728,32,8,0.04715277777777778,0.49798669066760326,10.288053512573242,1.0205430354446658,,,True,True,5.0,Consistent facial region alignment,accept
273,kuripm_0040_l0720_5760_r0632_5920.jpg,0040,page0040.clip,720,5760,632,5920,-88,160,0.03452690972222222,0.510030606894175,10.714051246643066,1.0073720354036162,,,True,True,5.0,Aligns precisely in facial region with consistent structure,accept
274,kuripm_0020_l0720_5760_r0792_5664.jpg,0020,page0020.clip,720,5760,792,5664,72,-96,0.024375,0.4753042121379813,9.82463002204895,1.0025858592721117,,,True,True,5.0,Sketch and line align in form and structure.,accept
275,kuripm_0004_l0720_0720_r0880_0912.jpg,0004,page0004.clip,720,720,880,912,160,192,0.07046875,0.45510557454249984,9.38265085220337,0.9930833234618098,,,True,True,5.0,"All regions align precisely, matching eye and hair structure.",accept
276,kuripm_0005_l0000_3600_r0192_3768.jpg,0005,page0005.clip,0,3600,192,3768,192,168,0.010525173611111112,0.5026784022598481,9.337105751037598,0.9910895475569801,,,False,False,1.0,"Regions mismatched, no clear correspondence",reject
277,kuripm_0025_l2880_1440_r2824_1376.jpg,0025,page0025.clip,2880,1440,2824,1376,-56,-64,0.025924479166666667,0.502145945210355,9.730611085891724,0.9906658673225233,,,False,False,1.0,"Regions mismatched, no clear correspondence",reject
278,kuripm_0002_l1440_2880_r1384_2728.jpg,0002,page0002.clip,1440,2880,1384,2728,-56,-152,0.052022569444444444,0.46146900772532723,9.406283378601074,0.989792770323447,,,True,True,5.0,Consistent anatomical alignment and detail matching,accept
279,kuripm_0014_l0000_4320_r0128_4344.jpg,0014,page0014.clip,0,4320,128,4344,128,24,0.018741319444444446,0.5471003680493385,11.112531661987305,0.9826887726579173,,,True,True,5.0,Rough and line align closely in structure and orientation.,accept
280,kuripm_0012_l0000_5760_r0064_5768.jpg,0012,page0012.clip,0,5760,64,5768,64,8,0.024171006944444445,0.48547343655082736,8.78429388999939,0.9688849895383498,,,True,True,5.0,Rough and line align perfectly in structure and region.,accept
281,kuripm_0010_l2160_5040_r2344_5232.jpg,0010,page0010.clip,2160,5040,2344,5232,184,192,0.033077256944444446,0.45442009338467837,9.114177227020264,0.9576114867962783,,,True,True,5.0,Sketch and line align closely in form and structure.,accept
282,kuripm_0015_l4320_2160_r4304_2352.jpg,0015,page0015.clip,4320,2160,4304,2352,-16,192,0.022183159722222224,0.5434919833354375,10.474025249481201,0.9523899207998019,,,True,True,5.0,Rough and line align perfectly in structure and orientation.,accept
283,kuripm_0015_l4481_2160_r4465_2352.jpg,0015,page0015.clip,4481,2160,4465,2352,-16,192,0.022183159722222224,0.5434919833354375,10.474025249481201,0.9523899207998019,,,False,False,1.0,"Regions mismatched, not aligned",reject
284,kuripm_0001_l2160_2160_r2216_2136.jpg,0001,page0001.clip,2160,2160,2216,2136,56,-24,0.03493489583333333,0.5157646963742715,10.85038423538208,0.9502468279067814,,,True,True,5.0,Rough and line align perfectly in facial features and proportions.,accept
285,kuripm_0009_l2880_2160_r2856_2152.jpg,0009,page0009.clip,2880,2160,2856,2152,-24,-8,0.030299479166666667,0.5106665103675403,10.779372692108154,0.948123572084708,,,True,True,5.0,"Regions align precisely, no structural mismatch.",accept
286,kuripm_0016_l1440_3600_r1248_3440.jpg,0016,page0016.clip,1440,3600,1248,3440,-192,-160,0.06366753472222222,0.48039539169723156,8.752526998519897,0.9425819276903753,,,False,False,1.0,"Mismatched regions, not aligned",reject
287,kuripm_0038_l1440_2160_r1480_2120.jpg,0038,page0038.clip,1440,2160,1480,2120,40,-40,0.061614583333333334,0.46558007411796876,9.91632342338562,0.9422900252139957,,,True,True,5.0,Rough and line align precisely in anatomy and structure.,accept
288,kuripm_0001_l0000_4320_r0000_4416.jpg,0001,page0001.clip,0,4320,0,4416,0,96,0.04911024305555556,0.47737594729856964,9.1240816116333,0.941332330835063,,,True,True,5.0,Sketch and line align in form and structure.,accept
289,kuripm_0023_l3600_3600_r3632_3792.jpg,0023,page0023.clip,3600,3600,3632,3792,32,192,0.04529513888888889,0.469641572508786,9.846158981323242,0.9406399945344561,,,True,True,5.0,Sketch and line align precisely in form and structure.,accept
290,kuripm_0001_l0720_3600_r0656_3704.jpg,0001,page0001.clip,720,3600,656,3704,-64,104,0.05816840277777778,0.4813188929504228,9.782246828079224,0.9382474643185894,,,True,True,5.0,Rough and line align perfectly in structure and detail.,accept
291,kuripm_0008_l1440_2160_r1392_2048.jpg,0008,page0008.clip,1440,2160,1392,2048,-48,-112,0.04924045138888889,0.4817566090107665,10.208790302276611,0.9359970958137377,,,True,True,5.0,"Regions align precisely, no structural mismatch.",accept
292,kuripm_0023_l2160_5760_r2256_5864.jpg,0023,page0023.clip,2160,5760,2256,5864,96,104,0.031440972222222224,0.47792630716225937,10.304165840148926,0.9333537306502081,,,True,True,5.0,"Rough and line align precisely, overlay confirms matching structure.",accept
293,kuripm_0008_l1440_2880_r1352_2736.jpg,0008,page0008.clip,1440,2880,1352,2736,-88,-144,0.09845052083333333,0.45694387745512155,9.714884757995605,0.932680199335782,,,True,True,5.0,Eye region matches precisely,accept
294,kuripm_0038_l4320_1440_r4144_1608.jpg,0038,page0038.clip,4320,1440,4144,1608,-176,168,0.01982204861111111,0.5660897369484285,10.535711288452148,0.931192326151439,,,False,False,1.0,Red and blue lines do not align; mismatched regions.,reject
295,kuripm_0017_l0720_0720_r0632_0688.jpg,0017,page0017.clip,720,720,632,688,-88,-32,0.025173611111111112,0.47665291938366905,9.602704524993896,0.9259064362073046,,,False,False,1.0,"Regions mismatched, not aligned",reject
296,kuripm_0025_l3600_0720_r3504_0912.jpg,0025,page0025.clip,3600,720,3504,912,-96,192,0.01001736111111111,0.4721758340922033,8.573315858840942,0.9212194889717424,,,False,False,0.0,"Regions mismatched, no clear correspondence",reject
297,kuripm_0008_l3600_0720_r3464_0528.jpg,0008,page0008.clip,3600,720,3464,528,-136,-192,0.02378472222222222,0.5204665254267926,9.242693424224854,0.9149341704905165,,,False,False,1.0,"Regions mismatched, no clear correspondence",reject
298,kuripm_0009_l2880_5040_r2960_5064.jpg,0009,page0009.clip,2880,5040,2960,5064,80,24,0.06321614583333333,0.5015516323136388,10.943073749542236,0.9079691583017977,,,True,True,5.0,Consistent local region and alignment,accept
299,kuripm_0020_l3600_2160_r3664_2056.jpg,0020,page0020.clip,3600,2160,3664,2056,64,-104,0.0591015625,0.4761213098048214,10.383301734924316,0.9061563206657905,,,True,True,5.0,Sketch and line match anatomically and spatially.,accept
300,kuripm_0020_l0720_0000_r0784_0192.jpg,0020,page0020.clip,720,0,784,192,64,192,0.019605034722222223,0.47480606600156405,8.849535942077637,0.9025732023550053,,,True,True,5.0,Rough and line align perfectly in structure and orientation.,accept
301,kuripm_0006_l3600_1440_r3760_1560.jpg,0006,page0006.clip,3600,1440,3760,1560,160,120,0.03072482638888889,0.46478699889989444,9.332786321640015,0.8945768431016852,,,True,True,5.0,Rough and line align precisely in form and structure.,accept
302,kuripm_0038_l3600_5040_r3488_4888.jpg,0038,page0038.clip,3600,5040,3488,4888,-112,-152,0.013580729166666666,0.4961712226003074,9.859936356544495,0.8875210897668466,,,False,False,1.0,"Regions mismatched, not aligned",reject
303,kuripm_0019_l2160_0720_r1984_0736.jpg,0019,page0019.clip,2160,720,1984,736,-176,16,0.030807291666666667,0.4723113270839318,10.387789726257324,0.8838925788329973,,,True,True,5.0,Aligns precisely with facial features and contours.,accept
304,kuripm_0019_l1440_5760_r1248_5856.jpg,0019,page0019.clip,1440,5760,1248,5856,-192,96,0.13866753472222224,0.465543776788381,10.17251443862915,0.8802653857567987,,,True,True,5.0,"Rough and line align precisely, matching local anatomy and structure.",accept
305,kuripm_0001_l2160_1440_r2208_1424.jpg,0001,page0001.clip,2160,1440,2208,1424,48,-16,0.04956597222222222,0.4783374343580215,10.252440452575684,0.8782062058210425,,,True,True,5.0,Consistent local region and alignment,accept
306,kuripm_0020_l2880_5040_r2912_4984.jpg,0020,page0020.clip,2880,5040,2912,4984,32,-56,0.074765625,0.4806345024711789,10.436592817306519,0.8752400258658077,,,True,True,5.0,Regions align closely; sketch and lineart match anatomically and spatially.,accept
307,kuripm_0028_l0000_2160_r0160_2344.jpg,0028,page0028.clip,0,2160,160,2344,160,184,0.028723958333333334,0.47177838318006715,10.067452430725098,0.8625105147443659,,,False,False,1.0,Different objects/regions,reject
308,kuripm_0029_l1440_4320_r1560_4384.jpg,0029,page0029.clip,1440,4320,1560,4384,120,64,0.015855034722222223,0.530420884389984,11.699713706970215,0.8612336413868042,,,False,False,1.0,"Regions mismatched, no clear correspondence",reject
309,kuripm_0040_l2880_5760_r2768_5920.jpg,0040,page0040.clip,2880,5760,2768,5920,-112,160,0.019578993055555556,0.4706413465863475,10.038881063461304,0.8538811452479271,,,True,True,5.0,"Rough and line align precisely, matching local structure and orientation.",accept
310,kuripm_0028_l0000_2880_r0176_2992.jpg,0028,page0028.clip,0,2880,176,2992,176,112,0.01965277777777778,0.4704469465381622,10.124295234680176,0.8491900350190733,,,True,True,5.0,Rough and line align precisely in anatomy and orientation.,accept
311,kuripm_0028_l3600_3600_r3464_3456.jpg,0028,page0028.clip,3600,3600,3464,3456,-136,-144,0.021493055555555557,0.5027132844835986,10.243133544921875,0.8490032783183041,,,False,False,1.0,"Regions mismatched, no clear shared subject",reject
312,kuripm_0020_l4320_2160_r4208_2136.jpg,0020,page0020.clip,4320,2160,4208,2136,-112,-24,0.0117578125,0.5176778637143081,11.578201055526733,0.8465532093507184,,,True,True,5.0,Rough and line align precisely in form and orientation.,accept
313,kuripm_0031_l2880_3600_r2992_3792.jpg,0031,page0031.clip,2880,3600,2992,3792,112,192,0.04554253472222222,0.47760744161582497,9.416552782058716,0.8406362592618452,,,True,True,5.0,Sketch and line align precisely in structure and orientation.,accept
314,kuripm_0015_l0720_2160_r0832_2128.jpg,0015,page0015.clip,720,2160,832,2128,112,-32,0.046545138888888886,0.5045627512867598,9.565974473953247,0.8402610139493364,,,True,True,5.0,Rough and line align perfectly in structure and region.,accept
315,kuripm_0018_l3600_4320_r3792_4352.jpg,0018,page0018.clip,3600,4320,3792,4352,192,32,0.04497829861111111,0.470911717520982,9.73796033859253,0.836087611958857,,,False,False,1.0,"Regions mismatched, not aligned",reject
316,kuripm_0008_l0000_4320_r0000_4128.jpg,0008,page0008.clip,0,4320,0,4128,0,-192,0.015338541666666667,0.5006436187395312,10.319064378738403,0.8347244430770768,,,True,True,5.0,Rough and line align perfectly in form and orientation.,accept
317,kuripm_0005_l2160_2160_r2256_2344.jpg,0005,page0005.clip,2160,2160,2256,2344,96,184,0.03924045138888889,0.4903532725332143,10.620340347290039,0.8324192783092655,,,False,False,1.0,"Regions mismatched, not aligned",reject
318,kuripm_0001_l1440_2880_r1472_2856.jpg,0001,page0001.clip,1440,2880,1472,2856,32,-24,0.07241319444444444,0.47175984663905857,10.372333526611328,0.8305885299787588,,,True,True,5.0,"Regions align precisely, no misalignment or mismatched body parts.",accept
319,kuripm_0019_l0720_2160_r0528_2168.jpg,0019,page0019.clip,720,2160,528,2168,-192,8,0.039288194444444445,0.48562449628830523,11.058192729949951,0.8259291256569532,,,True,True,5.0,Regions align closely; lines match rough sketch contours.,accept
320,kuripm_0007_l4320_0720_r4256_0912.jpg,0007,page0007.clip,4320,720,4256,912,-64,192,0.023042534722222223,0.4875135059839751,9.400469303131104,0.825601024577693,,,True,True,5.0,Rough and line align perfectly in structure and region.,accept
321,kuripm_0008_l0720_0720_r0616_0656.jpg,0008,page0008.clip,720,720,616,656,-104,-64,0.027569444444444445,0.5115919020058814,10.138503074645996,0.8212046770487197,,,True,True,5.0,Regions align precisely; red/blue overlay confirms consistent local structure.,accept
322,kuripm_0035_l2880_5040_r2952_5232.jpg,0035,page0035.clip,2880,5040,2952,5232,72,192,0.0554296875,0.47672876979973483,10.219623565673828,0.8140905696013252,,,True,True,5.0,Aligns precisely in anatomical region with clear edge correspondence.,accept
323,kuripm_0025_l1440_1440_r1424_1464.jpg,0025,page0025.clip,1440,1440,1424,1464,-16,24,0.018298611111111113,0.4917895441488385,10.5050048828125,0.8132502691625993,,,True,True,5.0,Rough and line align perfectly in structure and orientation.,accept
324,kuripm_0006_l0000_2880_r0144_2896.jpg,0006,page0006.clip,0,2880,144,2896,144,16,0.05688802083333333,0.4802838979301674,10.17004919052124,0.8120818222366268,,,True,True,5.0,"Rough and line align precisely, matching local anatomy and structure.",accept
325,kuripm_0008_l0000_5040_r0000_5016.jpg,0008,page0008.clip,0,5040,0,5016,0,-24,0.025503472222222223,0.4344520716409901,8.416268110275269,0.8095195857901532,,,False,False,1.0,"Regions mismatched, not aligned",reject
326,kuripm_0001_l3600_4320_r3664_4304.jpg,0001,page0001.clip,3600,4320,3664,4304,64,-16,0.054774305555555555,0.4811195442612549,10.684815406799316,0.8065759015097952,,,True,True,5.0,"Regions align precisely, no misalignment or rotation detected.",accept
327,kuripm_0007_l0000_5040_r0048_5168.jpg,0007,page0007.clip,0,5040,48,5168,48,128,0.02115017361111111,0.5097168814366546,11.136747360229492,0.8060937263666067,,,True,True,5.0,"Rough and line align precisely, matching local structure and orientation.",accept
328,kuripm_0015_l0720_5040_r0896_5168.jpg,0015,page0015.clip,720,5040,896,5168,176,128,0.045564236111111114,0.5132463817439817,11.778979778289795,0.799050693733533,,,True,True,5.0,Rough and line align precisely in anatomy and orientation.,accept
329,kuripm_0025_l1440_0000_r1408_0008.jpg,0025,page0025.clip,1440,0,1408,8,-32,8,0.022052951388888888,0.49378757515030064,11.041499614715576,0.7977935260801359,,,True,True,5.0,Rough and line match closely in form and orientation.,accept
330,kuripm_0015_l3600_1440_r3792_1464.jpg,0015,page0015.clip,3600,1440,3792,1464,192,24,0.02830295138888889,0.451973059478778,9.762776374816895,0.7916437165902748,,,True,True,5.0,"Rough and line align precisely, matching anatomical structure.",accept
331,kuripm_0039_l2160_4320_r2352_4488.jpg,0039,page0039.clip,2160,4320,2352,4488,192,168,0.02298611111111111,0.47809951693468117,9.988964319229126,0.7901310121224915,,,True,True,5.0,Rough and line align perfectly in structure and orientation.,accept
332,kuripm_0023_l2880_2160_r2992_2256.jpg,0023,page0023.clip,2880,2160,2992,2256,112,96,0.04858940972222222,0.49289446303290063,10.279186248779297,0.7865519012591164,,,True,True,5.0,Rough and line align precisely in form and structure.,accept
333,kuripm_0026_l0720_0720_r0616_0680.jpg,0026,page0026.clip,720,720,616,680,-104,-40,0.028880208333333334,0.4643969960886522,10.203174352645874,0.7863494939439482,,,True,True,5.0,"Rough and line align precisely, overlay confirms matching structure.",accept
334,kuripm_0005_l1440_3600_r1568_3792.jpg,0005,page0005.clip,1440,3600,1568,3792,128,192,0.039388020833333336,0.4547331299694298,10.660475730895996,0.779094839416685,,,True,True,5.0,"Regions align precisely, no structural mismatch.",accept
335,kuripm_0032_l3600_0720_r3520_0840.jpg,0032,page0032.clip,3600,720,3520,840,-80,120,0.04138454861111111,0.4827836544019085,11.333810806274414,0.7790017838234606,,,True,True,5.0,"Regions align precisely, no structural mismatch.",accept
336,kuripm_0025_l1440_3600_r1392_3528.jpg,0025,page0025.clip,1440,3600,1392,3528,-48,-72,0.029796006944444446,0.46200724110338576,9.871403217315674,0.7766039115612968,,,True,True,5.0,Rough and line align perfectly in anatomy and orientation.,accept
337,kuripm_0005_l1440_0000_r1488_0136.jpg,0005,page0005.clip,1440,0,1488,136,48,136,0.017491319444444445,0.4655481926625342,10.298066139221191,0.770612855559175,,,False,False,0.0,Regions mismatched,reject
338,kuripm_0015_l2880_3600_r3064_3736.jpg,0015,page0015.clip,2880,3600,3064,3736,184,136,0.04509548611111111,0.49954926487138107,11.629733562469482,0.7684239058311849,,,True,True,5.0,All elements align in eye region with consistent structure and proportions.,accept
339,kuripm_0028_l2160_5040_r2304_5208.jpg,0028,page0028.clip,2160,5040,2304,5208,144,168,0.030542534722222223,0.45920679365158296,10.308733701705933,0.7683928476648191,,,True,True,5.0,"Matching sketch and line art for same region, clear overlay confirmation",accept
340,kuripm_0020_l2160_5760_r2256_5696.jpg,0020,page0020.clip,2160,5760,2256,5696,96,-64,0.054040798611111114,0.4889063899666587,11.158197402954102,0.7652532141089204,,,True,True,5.0,Rough and line align perfectly in structure and region.,accept
341,kuripm_0040_l3600_1440_r3496_1632.jpg,0040,page0040.clip,3600,1440,3496,1632,-104,192,0.03769097222222222,0.48319191155490204,11.113443374633789,0.763255577097687,,,True,True,5.0,Consistent object representation across all sketches,accept
342,kuripm_0025_l0000_4320_r0064_4264.jpg,0025,page0025.clip,0,4320,64,4264,64,-56,0.03634548611111111,0.442528017608432,10.439451217651367,0.7623677474770647,,,True,True,5.0,Sketch and line match closely in form and orientation.,accept
343,kuripm_0029_l2160_2880_r2240_2920.jpg,0029,page0029.clip,2160,2880,2240,2920,80,40,0.025846354166666665,0.4620093872139376,10.570451974868774,0.7576168233767179,,,False,False,1.0,"Regions mismatched, not aligned",reject
344,kuripm_0019_l0720_3600_r0544_3608.jpg,0019,page0019.clip,720,3600,544,3608,-176,8,0.029058159722222223,0.48076357766088645,11.108089923858643,0.749480474524511,,,True,True,5.0,Sketch and line align in structure and region.,accept
345,kuripm_0012_l3600_5040_r3720_5016.jpg,0012,page0012.clip,3600,5040,3720,5016,120,-24,0.02615451388888889,0.44955993402291455,10.470885753631592,0.7441431068200153,,,False,False,1.0,"Regions mismatched, no shared object/shape",reject
346,kuripm_0002_l1440_3600_r1488_3704.jpg,0002,page0002.clip,1440,3600,1488,3704,48,104,0.03648003472222222,0.4900868365460577,11.62197494506836,0.7414006106174644,,,False,False,1.0,"Regions mismatched, not aligned",reject
347,kuripm_0008_l2880_1440_r2816_1312.jpg,0008,page0008.clip,2880,1440,2816,1312,-64,-128,0.060386284722222225,0.4597028356222309,10.540600299835205,0.7265082092367816,,,True,True,5.0,Rough and line align perfectly in anatomy and orientation.,accept
348,kuripm_0025_l1440_0720_r1264_0760.jpg,0025,page0025.clip,1440,720,1264,760,-176,40,0.13866753472222224,0.4608806959091625,10.613414764404297,0.7221760521674571,,,True,True,5.0,Consistent character region with matching anatomy and orientation.,accept
349,kuripm_0008_l0720_1440_r0576_1368.jpg,0008,page0008.clip,720,1440,576,1368,-144,-72,0.03340277777777778,0.4972206683628796,10.69758152961731,0.7171181254735501,,,True,True,5.0,Rough and line align perfectly in form and structure.,accept
350,kuripm_0016_l1440_1440_r1536_1288.jpg,0016,page0016.clip,1440,1440,1536,1288,96,-152,0.10995225694444444,0.4740182676522053,10.684858322143555,0.7113388770472056,,,True,True,5.0,Rough and line align perfectly in facial features and proportions.,accept
351,kuripm_0019_l1440_2160_r1264_2184.jpg,0019,page0019.clip,1440,2160,1264,2184,-176,24,0.041905381944444445,0.4309932529796901,10.031654834747314,0.7086789935640688,,,False,False,1.0,"Regions mismatched, not aligned",reject
352,kuripm_0031_l0720_5040_r0896_5200.jpg,0031,page0031.clip,720,5040,896,5200,176,160,0.06154513888888889,0.44100861582925793,9.721848964691162,0.7076332098809217,,,True,True,5.0,"Rough and line align precisely, matching local structure and orientation.",accept
353,kuripm_0009_l2160_5040_r2152_5088.jpg,0009,page0009.clip,2160,5040,2152,5088,-8,48,0.067421875,0.44820110266982155,10.871947765350342,0.7042521314948433,,,True,True,5.0,Rough and line align perfectly on facial region with consistent structure.,accept
354,kuripm_0039_l3600_5760_r3632_5944.jpg,0039,page0039.clip,3600,5760,3632,5944,32,184,0.044561631944444444,0.4778865092810762,11.453068256378174,0.7036514288094136,,,False,False,1.0,"Regions mismatched, not aligned",reject
355,kuripm_0011_l4320_5760_r4328_5744.jpg,0011,page0011.clip,4320,5760,4328,5744,8,-16,0.053936631944444445,0.4909199760526841,10.791961789131165,0.6959622864920554,,,False,False,1.0,"Regions mismatched, no shared object/shape",reject
356,kuripm_0015_l2160_5040_r2320_5176.jpg,0015,page0015.clip,2160,5040,2320,5176,160,136,0.07093315972222222,0.4634676821788897,10.923054456710815,0.694156455163376,,,True,True,5.0,Regions align precisely; overlay confirms matching structure.,accept
357,kuripm_0001_l2880_5040_r2952_5056.jpg,0001,page0001.clip,2880,5040,2952,5056,72,16,0.07642361111111111,0.4622015329603688,10.663095951080322,0.6939127504543319,,,False,False,1.0,"Regions mismatched, not aligned",reject
358,kuripm_0026_l0720_2160_r0656_2208.jpg,0026,page0026.clip,720,2160,656,2208,-64,48,0.02993923611111111,0.47185530164563394,11.070441007614136,0.6826165221040829,,,False,False,1.0,"Regions mismatched, not aligned",reject
359,kuripm_0020_l1440_0000_r1392_0120.jpg,0020,page0020.clip,1440,0,1392,120,-48,120,0.02717013888888889,0.46086830881607593,10.275245666503906,0.678082409998791,,,True,True,5.0,Rough and line align perfectly in form and orientation.,accept
360,kuripm_0008_l2160_0720_r2032_0640.jpg,0008,page0008.clip,2160,720,2032,640,-128,-80,0.043546006944444444,0.46077020144447256,10.49788522720337,0.677225537955733,,,True,True,5.0,"Regions align precisely, no structural mismatch.",accept
361,kuripm_0001_l2880_3600_r2968_3600.jpg,0001,page0001.clip,2880,3600,2968,3600,88,0,0.04537326388888889,0.4774751261445457,11.537004470825195,0.6733794048677159,,,True,True,5.0,Rough and line align perfectly in anatomy and orientation.,accept
362,kuripm_0033_l1440_2880_r1584_3072.jpg,0033,page0033.clip,1440,2880,1584,3072,144,192,0.052960069444444445,0.46579849280582375,10.398643493652344,0.6684908342378592,,,True,True,5.0,"Rough and line align precisely, overlay confirms matching regions.",accept
363,kuripm_0011_l3600_5760_r3488_5944.jpg,0011,page0011.clip,3600,5760,3488,5944,-112,184,0.07542100694444444,0.4805029186062903,11.214561462402344,0.6657718504665415,,,False,False,1.0,"Regions mismatched, not aligned",reject
364,kuripm_0001_l0720_1440_r0728_1424.jpg,0001,page0001.clip,720,1440,728,1424,8,-16,0.08885416666666666,0.45952370852057284,10.990696430206299,0.6623673878807986,,,True,True,5.0,Regions align precisely; red/blue overlay confirms consistent mapping.,accept
365,kuripm_0019_l2160_4320_r1992_4344.jpg,0019,page0019.clip,2160,4320,1992,4344,-168,24,0.06341579861111112,0.43991942547339363,10.88246774673462,0.6614695197939505,,,True,True,5.0,Rough and line align precisely in structure and orientation.,accept
366,kuripm_0027_l2160_4320_r2304_4496.jpg,0027,page0027.clip,2160,4320,2304,4496,144,176,0.030516493055555555,0.486447412719187,11.78149938583374,0.6593850824677899,,,True,True,5.0,"Rough and line align precisely, matching local structure.",accept
367,kuripm_0031_l2160_0720_r2280_0912.jpg,0031,page0031.clip,2160,720,2280,912,120,192,0.062200520833333335,0.46534173589443606,10.046913623809814,0.6549627946984421,,,True,True,5.0,"Regions align precisely, no structural mismatch.",accept
368,kuripm_0008_l2160_5760_r2176_5616.jpg,0008,page0008.clip,2160,5760,2176,5616,16,-144,0.014513888888888889,0.448481831757093,10.138738632202148,0.648640919617102,,,True,True,5.0,Rough and line align precisely in structure and orientation.,accept
369,kuripm_0018_l2880_0720_r2784_0712.jpg,0018,page0018.clip,2880,720,2784,712,-96,-8,0.07709635416666667,0.4460009443678877,10.849440097808838,0.6462451570662406,,,True,True,5.0,Aligned facial features and consistent proportions,accept
370,kuripm_0016_l1440_0720_r1488_0832.jpg,0016,page0016.clip,1440,720,1488,832,48,112,0.10427083333333333,0.45514627480362096,11.17526912689209,0.6439625388949873,,,True,True,5.0,Consistent facial region with matching contours and proportions.,accept
371,kuripm_0036_l4320_2160_r4296_2264.jpg,0036,page0036.clip,4320,2160,4296,2264,-24,104,0.033953993055555555,0.48135172558081496,10.799942970275879,0.6433782836268,,,True,True,5.0,Aligns anatomically and structurally,accept
372,kuripm_0040_l0720_2160_r0640_2344.jpg,0040,page0040.clip,720,2160,640,2344,-80,184,0.04039496527777778,0.47361406915951937,10.497101783752441,0.6344073851719824,,,False,False,1.0,"Regions mismatched, not aligned",reject
373,kuripm_0005_l0000_5760_r0184_5888.jpg,0005,page0005.clip,0,5760,184,5888,184,128,0.03080295138888889,0.46588900704837244,10.644400596618652,0.6178324847056187,,,True,True,5.0,Rough and line align perfectly in structure and region.,accept
374,kuripm_0009_l0720_5760_r0720_5760.jpg,0009,page0009.clip,720,5760,720,5760,0,0,0.028723958333333334,0.427412502514347,10.17847990989685,0.6171276029028574,,,True,True,5.0,Sketch and line align closely in form and orientation.,accept
375,kuripm_0025_l3600_3600_r3456_3536.jpg,0025,page0025.clip,3600,3600,3456,3536,-144,-64,0.025651041666666666,0.4558701143109497,9.54880440235138,0.6132942950258857,,,True,True,5.0,"Rough and line align precisely, overlay confirms matching regions.",accept
376,kuripm_0022_l3600_2160_r3776_2352.jpg,0022,page0022.clip,3600,2160,3776,2352,176,192,0.0592578125,0.4522244181063241,10.341516017913818,0.602978417580945,,,True,True,5.0,"Regions align precisely, no structural mismatch.",accept
377,kuripm_0029_l0000_2160_r0152_2208.jpg,0029,page0029.clip,0,2160,152,2208,152,48,0.04837239583333333,0.41088330569005144,10.302029132843018,0.6017761724964088,,,True,True,5.0,Rough and line align perfectly in shape and detail.,accept
378,kuripm_0008_l2880_0720_r2816_0616.jpg,0008,page0008.clip,2880,720,2816,616,-64,-104,0.06365017361111111,0.4594372467925496,11.04825496673584,0.5966247938518124,,,True,True,5.0,Consistent facial features and proportions across all layers.,accept
379,kuripm_0020_l3600_0720_r3744_0608.jpg,0020,page0020.clip,3600,720,3744,608,144,-112,0.04687065972222222,0.4417394189888822,11.302406787872314,0.5943583122449634,,,False,False,1.0,Regions mismatched; rough and line depict different elements.,reject
380,kuripm_0035_l2880_5760_r3024_5944.jpg,0035,page0035.clip,2880,5760,3024,5944,144,184,0.04955295138888889,0.46592874549459246,10.76285696029663,0.5906818789066235,,,True,True,5.0,Rough and line align precisely in shape and structure.,accept
381,kuripm_0004_l2160_1440_r2248_1632.jpg,0004,page0004.clip,2160,1440,2248,1632,88,192,0.03228732638888889,0.44703430123314036,10.692866086959839,0.5898237085176803,,,True,True,5.0,Sketch and line align perfectly in structure and region.,accept
382,kuripm_0002_l0720_4320_r0672_4256.jpg,0002,page0002.clip,720,4320,672,4256,-48,-64,0.05293402777777778,0.43589859268513104,10.943929672241211,0.5866566257901104,,,True,True,5.0,Sketch and line align closely in anatomy and structure.,accept
383,kuripm_0025_l2160_2160_r2176_2080.jpg,0025,page0025.clip,2160,2160,2176,2080,16,-80,0.03185329861111111,0.4886494874760603,11.216639041900635,0.5832815548975759,,,False,False,1.0,"Regions mismatched, not aligned",reject
384,kuripm_0022_l1440_4320_r1336_4136.jpg,0022,page0022.clip,1440,4320,1336,4136,-104,-184,0.03861979166666667,0.4879280993657393,11.54608941078186,0.581207702781446,,,False,False,1.0,"Regions mismatched, not aligned",reject
385,kuripm_0028_l0720_4320_r0904_4512.jpg,0028,page0028.clip,720,4320,904,4512,184,192,0.042782118055555554,0.4275162284894421,10.766853332519531,0.5785723852346703,,,False,False,1.0,"Regions mismatched, not aligned",reject
386,kuripm_0019_l3600_2880_r3424_2960.jpg,0019,page0019.clip,3600,2880,3424,2960,-176,80,0.054375,0.462398180630489,11.580531597137451,0.5722470466493752,,,True,True,5.0,Rough and line align perfectly in facial features and proportions.,accept
387,kuripm_0008_l2160_2880_r2112_2736.jpg,0008,page0008.clip,2160,2880,2112,2736,-48,-144,0.09578559027777778,0.43974140502482284,11.134257316589355,0.5691318327526486,,,True,True,5.0,"Eye region matches precisely, no misalignment or body part mismatch.",accept
388,kuripm_0023_l2160_2160_r2264_2352.jpg,0023,page0023.clip,2160,2160,2264,2352,104,192,0.053372395833333336,0.431958564779097,10.899771690368652,0.5628477519519407,,,True,True,5.0,"Aligned facial features, consistent proportions",accept
389,kuripm_0001_l3600_5040_r3664_4872.jpg,0001,page0001.clip,3600,5040,3664,4872,64,-168,0.06831163194444445,0.449645696665699,10.740078449249268,0.5622536953448889,,,True,True,5.0,Cup and shelf consistent across all panels.,accept
390,kuripm_0029_l2880_2160_r2872_2312.jpg,0029,page0029.clip,2880,2160,2872,2312,-8,152,0.0170703125,0.4276468974696807,10.615830898284912,0.5563061441619157,,,False,False,1.0,"Regions mismatched, no clear shared subject",reject
391,kuripm_0027_l2880_5760_r2928_5952.jpg,0027,page0027.clip,2880,5760,2928,5952,48,192,0.06720052083333333,0.4451550385212451,11.424326419830322,0.5529855734210344,,,True,True,5.0,Regions align precisely; red/blue overlay confirms consistent local structure.,accept
392,kuripm_0031_l2880_0720_r2912_0600.jpg,0031,page0031.clip,2880,720,2912,600,32,-120,0.056519097222222224,0.4447291781778872,11.247838497161865,0.5523899458049143,,,True,True,5.0,Regions align precisely; red and blue overlays match structure and contours.,accept
393,kuripm_0033_l0720_3600_r0896_3704.jpg,0033,page0033.clip,720,3600,896,3704,176,104,0.03505642361111111,0.47066877857828304,11.097019672393799,0.5507043059770116,,,True,True,5.0,"Regions align precisely, no structural mismatch.",accept
394,kuripm_0019_l4320_0720_r4168_0752.jpg,0019,page0019.clip,4320,720,4168,752,-152,32,0.09521267361111112,0.43667056686270284,11.011512279510498,0.5481579767024402,,,True,True,5.0,Sketch and line match precisely in form and orientation.,accept
395,kuripm_0015_l0720_1440_r0832_1552.jpg,0015,page0015.clip,720,1440,832,1552,112,112,0.09827256944444444,0.44931361489353966,10.602825164794922,0.5418122972976864,,,False,False,1.0,"Regions mismatched, no clear shared subject",reject
396,kuripm_0019_l3600_2160_r3408_2168.jpg,0019,page0019.clip,3600,2160,3408,2168,-192,8,0.08126736111111112,0.4304774734224912,11.2767972946167,0.5413301487069346,,,True,True,5.0,All regions align closely in eye and hair area.,accept
397,kuripm_0019_l0720_1440_r0552_1456.jpg,0019,page0019.clip,720,1440,552,1456,-168,16,0.07334201388888889,0.4451691123238444,11.669625282287598,0.53939973262665,,,True,True,5.0,"Regions align precisely, no structural mismatch.",accept
398,kuripm_0025_l3600_2160_r3576_2088.jpg,0025,page0025.clip,3600,2160,3576,2088,-24,-72,0.016223958333333333,0.4691147943644397,11.04653811454773,0.5366347880253197,,,False,False,1.0,"Regions mismatched, no clear alignment",reject
399,kuripm_0019_l2160_3600_r2000_3648.jpg,0019,page0019.clip,2160,3600,2000,3648,-160,48,0.021041666666666667,0.44358008077095396,11.525777339935303,0.5359758622699086,,,True,True,5.0,Regions align closely; overlay confirms matching structure.,accept
400,kuripm_0002_l2160_2160_r2176_2080.jpg,0002,page0002.clip,2160,2160,2176,2080,16,-80,0.03665798611111111,0.4507563636689998,11.30364465713501,0.5358807903878453,,,True,True,5.0,Rough and line align perfectly in region and detail.,accept
401,kuripm_0029_l0000_1440_r0168_1528.jpg,0029,page0029.clip,0,1440,168,1528,168,88,0.04032118055555556,0.43453823158642413,10.730222702026367,0.5339025526744954,,,False,False,1.0,"Regions mismatched, no clear correspondence",reject
402,kuripm_0010_l2160_5760_r2144_5944.jpg,0010,page0010.clip,2160,5760,2144,5944,-16,184,0.017352430555555555,0.4443565775461067,10.546467065811157,0.5337144607156976,,,False,False,1.0,"Regions mismatched, not aligned",reject
403,kuripm_0016_l1440_0000_r1512_0176.jpg,0016,page0016.clip,1440,0,1512,176,72,176,0.03128038194444444,0.49287600010902166,10.980444431304932,0.5301433446674131,,,False,False,1.0,"Regions mismatched, no shared object/structure",reject
404,kuripm_0009_l0720_2160_r0736_2200.jpg,0009,page0009.clip,720,2160,736,2200,16,40,0.030516493055555555,0.48240931225749323,11.29247522354126,0.5236328080581756,,,True,True,5.0,Rough and line align perfectly in structure and orientation.,accept
405,kuripm_0012_l0000_5040_r0192_5176.jpg,0012,page0012.clip,0,5040,192,5176,192,136,0.08323350694444444,0.416553569877751,10.888054370880127,0.5189314337871243,,,True,True,5.0,Eye region matches precisely,accept
406,kuripm_0001_l0720_4320_r0744_4336.jpg,0001,page0001.clip,720,4320,744,4336,24,16,0.04338107638888889,0.4334944422015994,11.451314926147461,0.5166387558498952,,,False,False,1.0,Different body parts/objects,reject
407,kuripm_0028_l0720_1440_r0832_1328.jpg,0028,page0028.clip,720,1440,832,1328,112,-112,0.08337239583333333,0.42899005829014936,10.911769390106201,0.5165629221745224,,,True,True,5.0,Rough and line align perfectly in anatomy and orientation.,accept
408,kuripm_0010_l1440_2880_r1408_3072.jpg,0010,page0010.clip,1440,2880,1408,3072,-32,192,0.015147569444444444,0.43238281720866373,10.607333660125732,0.5145691728352682,,,False,False,0.0,"Regions mismatched, no clear correspondence",reject
409,kuripm_0006_l3600_2880_r3712_2952.jpg,0006,page0006.clip,3600,2880,3712,2952,112,72,0.06111545138888889,0.441200050414554,11.04287314414978,0.5102683041370999,,,True,True,5.0,"Rough and line align precisely, matching anatomical structure and orientation.",accept
410,kuripm_0001_l2160_4320_r2224_4312.jpg,0001,page0001.clip,2160,4320,2224,4312,64,-8,0.05762152777777778,0.4324885304354175,10.872138977050781,0.5077709191628846,,,True,True,5.0,Rough and line align perfectly in structure and region.,accept
411,kuripm_0029_l2160_5760_r2328_5792.jpg,0029,page0029.clip,2160,5760,2328,5792,168,32,0.053198784722222225,0.46427120484802026,11.777216911315918,0.502209837741303,,,True,True,5.0,Rough and line align precisely in form and structure.,accept
412,kuripm_0025_l3600_2880_r3568_2800.jpg,0025,page0025.clip,3600,2880,3568,2800,-32,-80,0.04673177083333333,0.478954511104644,11.708231925964355,0.5013312902039814,,,False,False,1.0,Different body parts/objects,reject
413,kuripm_0028_l0720_2160_r0912_2296.jpg,0028,page0028.clip,720,2160,912,2296,192,136,0.06692274305555555,0.42152881220513766,11.216585159301758,0.4928240474612712,,,True,True,5.0,Rough and line align precisely; overlay confirms matching region.,accept
414,kuripm_0029_l3600_2160_r3736_2216.jpg,0029,page0029.clip,3600,2160,3736,2216,136,56,0.0480078125,0.44526332820848313,11.297025680541992,0.4874793147438238,,,True,True,5.0,"Regions align precisely, no misalignment or rotation detected.",accept
415,kuripm_0035_l2880_4320_r3008_4512.jpg,0035,page0035.clip,2880,4320,3008,4512,128,192,0.053376736111111114,0.438006224390159,11.157310485839844,0.4864515419279092,,,True,True,5.0,"Regions align precisely, no structural mismatch.",accept
416,kuripm_0021_l1440_0720_r1560_0816.jpg,0021,page0021.clip,1440,720,1560,816,120,96,0.08019097222222223,0.43625545000152643,11.634315013885498,0.48507632187641114,,,True,True,5.0,Rough and line align precisely; overlay confirms matching structure.,accept
417,kuripm_0033_l3600_3600_r3672_3792.jpg,0033,page0033.clip,3600,3600,3672,3792,72,192,0.029010416666666667,0.42164103183280677,11.269614696502686,0.4845002532073911,,,True,True,5.0,Rough and line align perfectly in shape and structure.,accept
418,kuripm_0027_l3600_4320_r3672_4512.jpg,0027,page0027.clip,3600,4320,3672,4512,72,192,0.046397569444444446,0.4320029046140485,10.623132228851318,0.48343089374525405,,,True,True,5.0,"Regions align precisely, no structural mismatch.",accept
419,kuripm_0029_l1440_2160_r1528_2320.jpg,0029,page0029.clip,1440,2160,1528,2320,88,160,0.068359375,0.43212448123294256,11.37987232208252,0.471340025798744,,,True,True,5.0,"Rough and line align precisely, matching anatomy and structure.",accept
420,kuripm_0009_l1440_0720_r1448_0744.jpg,0009,page0009.clip,1440,720,1448,744,8,24,0.015260416666666667,0.3977965313798977,10.66277003288269,0.46257910779779066,,,False,False,1.0,"Regions mismatched, not aligned",reject
421,kuripm_0027_l2880_4320_r2992_4512.jpg,0027,page0027.clip,2880,4320,2992,4512,112,192,0.027335069444444443,0.46076725355324766,11.31301498413086,0.4601615234940332,,,True,True,5.0,"Rough and line align precisely, matching local structure and orientation.",accept
422,kuripm_0037_l0720_2880_r0856_3072.jpg,0037,page0037.clip,720,2880,856,3072,136,192,0.08129340277777777,0.41970296868009244,11.006953716278076,0.45929888698003174,,,True,True,5.0,All three columns depict the same hand region with consistent structure and orientation.,accept
423,kuripm_0016_l0720_5040_r0624_5200.jpg,0016,page0016.clip,720,5040,624,5200,-96,160,0.028919270833333333,0.4200543202243469,9.698247909545898,0.45224370724489527,,,False,False,1.0,"Regions mismatched, no clear alignment",reject
424,kuripm_0014_l2160_5760_r2336_5952.jpg,0014,page0014.clip,2160,5760,2336,5952,176,192,0.04012152777777778,0.4531368009312975,10.950619220733643,0.44975127107811724,,,True,True,5.0,Rough and line align perfectly in structure and region.,accept
425,kuripm_0035_l2160_5760_r2304_5952.jpg,0035,page0035.clip,2160,5760,2304,5952,144,192,0.07875868055555556,0.4362343779154471,11.338303089141846,0.44971083215696395,,,True,True,5.0,"Regions align precisely, no structural mismatch.",accept
426,kuripm_0040_l4320_2880_r4176_3064.jpg,0040,page0040.clip,4320,2880,4176,3064,-144,184,0.0128125,0.45748918023906476,12.175809383392334,0.4491288807462692,,,False,False,1.0,"Regions mismatched, no clear shared subject",reject
427,kuripm_0023_l0720_2880_r0872_3072.jpg,0023,page0023.clip,720,2880,872,3072,152,192,0.053381076388888886,0.39873625921034794,10.756223201751709,0.44676397246668975,,,True,True,5.0,"Rough and line align precisely, matching local features.",accept
428,kuripm_0013_l4320_5040_r4240_5200.jpg,0013,page0013.clip,4320,5040,4240,5200,-80,160,0.018680555555555554,0.4767947018219818,12.017070293426514,0.4390040399102344,,,True,True,5.0,"Rough and line align precisely, matching local anatomy.",accept
429,kuripm_0029_l3600_2880_r3568_2952.jpg,0029,page0029.clip,3600,2880,3568,2952,-32,72,0.052825520833333334,0.4914967215911812,12.466115951538086,0.42824650441944484,,,True,True,5.0,Regions align closely; overlay confirms consistent mapping.,accept
430,kuripm_0009_l0720_3600_r0736_3568.jpg,0009,page0009.clip,720,3600,736,3568,16,-32,0.01197048611111111,0.46673452288941325,12.296157360076904,0.42822627354548404,,,True,True,5.0,"Regions align precisely, overlay confirms matching contours.",accept
431,kuripm_0026_l1440_3600_r1432_3520.jpg,0026,page0026.clip,1440,3600,1432,3520,-8,-80,0.04407552083333333,0.4228683530214372,11.460708618164062,0.4239348785552176,,,True,True,5.0,Rough and line align perfectly in form and structure.,accept
432,kuripm_0011_l2880_5040_r3040_5232.jpg,0011,page0011.clip,2880,5040,3040,5232,160,192,0.03485243055555556,0.4722975114434805,11.670915126800537,0.42177121303605647,,,False,False,1.0,"Regions mismatched, not aligned",reject
433,kuripm_0007_l3600_2160_r3560_2248.jpg,0007,page0007.clip,3600,2160,3560,2248,-40,88,0.05529079861111111,0.4477124810413347,11.989840030670166,0.4214849702956476,,,True,True,5.0,Regions align precisely; red and blue overlays match anatomical contours.,accept
434,kuripm_0026_l1440_1440_r1400_1416.jpg,0026,page0026.clip,1440,1440,1400,1416,-40,-24,0.052096354166666664,0.43750204887803434,11.732068538665771,0.41892636994790955,,,True,True,5.0,"Rough and line align precisely, matching anatomical structure and orientation.",accept
435,kuripm_0026_l1440_2160_r1440_2160.jpg,0026,page0026.clip,1440,2160,1440,2160,0,0,0.06259114583333333,0.42237443282361825,11.315398693084717,0.4148289516525203,,,True,True,5.0,Rough and line match facial features closely.,accept
436,kuripm_0028_l3600_2160_r3704_2352.jpg,0028,page0028.clip,3600,2160,3704,2352,104,192,0.10633680555555555,0.4429198662752827,11.911547660827637,0.411325605693849,,,True,True,5.0,Rough and line align precisely on the same figure region.,accept
437,kuripm_0028_l1440_2880_r1560_3056.jpg,0028,page0028.clip,1440,2880,1560,3056,120,176,0.10654079861111111,0.42011223164178974,11.608409404754639,0.41092114212766384,,,True,True,5.0,Consistent facial region with matching contours and proportions.,accept
438,kuripm_0015_l0000_5040_r0152_5184.jpg,0015,page0015.clip,0,5040,152,5184,152,144,0.029774305555555554,0.457516993345493,12.138559341430664,0.4101994279770186,,,True,True,5.0,Rough and line align perfectly in shape and structure.,accept
439,kuripm_0008_l0720_4320_r0704_4168.jpg,0008,page0008.clip,720,4320,704,4168,-16,-152,0.05001302083333333,0.4560361056773874,11.833606719970703,0.40615781840545157,,,True,True,5.0,Rough and line align perfectly in structure and region.,accept
440,kuripm_0036_l4320_5040_r4408_5200.jpg,0036,page0036.clip,4320,5040,4408,5200,88,160,0.010381944444444444,0.43081474217462906,10.603018522262573,0.4044236452456692,,,True,True,5.0,"Rough and line align precisely, matching local structure and orientation.",accept
441,kuripm_0015_l3600_6480_r3536_6376.jpg,0015,page0015.clip,3600,6480,3536,6376,-64,-104,0.014118923611111112,0.42882586947943213,11.052236795425415,0.40388856793615197,,,False,False,1.0,"Regions mismatched, no clear correspondence",reject
442,kuripm_0001_l0720_5040_r0720_5136.jpg,0001,page0001.clip,720,5040,720,5136,0,96,0.10545572916666666,0.4596042496561916,11.428344249725342,0.40231937143762597,,,True,True,5.0,Rough and line align perfectly in anatomy and orientation.,accept
443,kuripm_0019_l2160_2880_r1968_2920.jpg,0019,page0019.clip,2160,2880,1968,2920,-192,40,0.02784722222222222,0.46736208358804027,12.51224422454834,0.39497726445933756,,,True,True,5.0,Rough and line align perfectly in anatomy and orientation.,accept
444,kuripm_0021_l2880_2160_r2840_2024.jpg,0021,page0021.clip,2880,2160,2840,2024,-40,-136,0.06970052083333333,0.4085468957308761,11.188941240310669,0.3932559375327861,,,False,False,1.0,Different body parts/objects,reject
445,kuripm_0021_l2880_0720_r3040_0800.jpg,0021,page0021.clip,2880,720,3040,800,160,80,0.09411024305555556,0.42299617273399487,11.273321151733398,0.3931901823784195,,,True,True,5.0,"Rough and line align precisely, overlay confirms matching structure.",accept
446,kuripm_0005_l2880_2880_r2704_2784.jpg,0005,page0005.clip,2880,2880,2704,2784,-176,-96,0.04677083333333333,0.43309761376734135,11.727293491363525,0.38906357847988704,,,True,True,5.0,Rough and line align precisely in anatomy and orientation.,accept
447,kuripm_0029_l2160_3600_r2248_3712.jpg,0029,page0029.clip,2160,3600,2248,3712,88,112,0.024622395833333335,0.4941904912398328,12.92113971710205,0.38520792651542224,,,True,True,5.0,Rough and line align perfectly in form and detail.,accept
448,kuripm_0015_l2880_0000_r2992_0152.jpg,0015,page0015.clip,2880,0,2992,152,112,152,0.07997395833333333,0.4757796235486017,12.794677257537842,0.3830467974620876,,,False,False,1.0,"Regions mismatched, no clear correspondence",reject
449,kuripm_0019_l3600_5760_r3424_5840.jpg,0019,page0019.clip,3600,5760,3424,5840,-176,80,0.12806857638888888,0.42230149851396964,11.82612943649292,0.38048196373694987,,,True,True,5.0,Rough and line align precisely in form and structure.,accept
450,kuripm_0030_l3600_5040_r3704_5232.jpg,0030,page0030.clip,3600,5040,3704,5232,104,192,0.03088107638888889,0.4495214551723428,11.472394943237305,0.37843657278469556,,,True,True,5.0,"Rough and line align precisely, matching local anatomy.",accept
451,kuripm_0026_l2880_3600_r2832_3520.jpg,0026,page0026.clip,2880,3600,2832,3520,-48,-80,0.04978298611111111,0.3945856693106054,11.113001108169556,0.37485264303477195,,,True,True,5.0,Sketch and line align in structure and region.,accept
452,kuripm_0038_l0000_2160_r0080_2352.jpg,0038,page0038.clip,0,2160,80,2352,80,192,0.01796875,0.46351006913624476,10.94098973274231,0.3748503427404227,,,False,False,1.0,"Regions mismatched, not aligned",reject
453,kuripm_0013_l3600_0720_r3488_0912.jpg,0013,page0013.clip,3600,720,3488,912,-112,192,0.03177951388888889,0.40615614934354827,10.308009624481201,0.3725937603768246,,,True,True,5.0,"Rough and line align precisely, matching local structure and orientation.",accept
454,kuripm_0017_l2160_3600_r2240_3416.jpg,0017,page0017.clip,2160,3600,2240,3416,80,-184,0.1333203125,0.42883516671554056,11.70795202255249,0.370570248796386,,,True,True,5.0,Regions align closely; sketch and lineart match anatomically and spatially.,accept
455,kuripm_0001_l1440_0720_r1480_0656.jpg,0001,page0001.clip,1440,720,1480,656,40,-64,0.030125868055555557,0.45049656159930856,12.051626682281494,0.3694431234883978,,,False,False,1.0,"Regions mismatched, not aligned",reject
456,kuripm_0038_l0000_2880_r0064_3056.jpg,0038,page0038.clip,0,2880,64,3056,64,176,0.02488715277777778,0.48158064249387295,11.737990856170654,0.36854185672677775,,,True,True,5.0,Rough and line align perfectly in structure and region.,accept
457,kuripm_0017_l2160_4320_r2008_4280.jpg,0017,page0017.clip,2160,4320,2008,4280,-152,-40,0.14029947916666666,0.46351069925728805,12.539973735809326,0.36767598862950734,,,True,True,5.0,Consistent hand/weapon region with matching structure and orientation.,accept
458,kuripm_0034_l4481_5040_r4409_5064.jpg,0034,page0034.clip,4481,5040,4409,5064,-72,24,0.010186631944444444,0.4329434119114066,10.744102001190186,0.36076561572790156,,,False,False,1.0,"Regions mismatched, no clear correspondence",reject
459,kuripm_0020_l3600_5760_r3680_5736.jpg,0020,page0020.clip,3600,5760,3680,5736,80,-24,0.06827690972222222,0.40509852135097696,11.445840835571289,0.35942422610083136,,,True,True,5.0,Rough and line align perfectly in anatomy and orientation.,accept
460,kuripm_0036_l3600_5760_r3744_5952.jpg,0036,page0036.clip,3600,5760,3744,5952,144,192,0.07656684027777778,0.4251691935640775,11.749219417572021,0.35131700122023335,,,True,True,5.0,Consistent local region and alignment,accept
461,kuripm_0016_l2160_1440_r2192_1600.jpg,0016,page0016.clip,2160,1440,2192,1600,32,160,0.1044357638888889,0.42580336718115436,11.205176591873169,0.34777450348210137,,,True,True,5.0,Consistent body region and alignment,accept
462,kuripm_0019_l2880_5760_r2736_5904.jpg,0019,page0019.clip,2880,5760,2736,5904,-144,144,0.13560763888888888,0.4407966988485139,10.479081153869629,0.34466226008389755,,,True,True,5.0,Rough and line align perfectly in structure and region.,accept
463,kuripm_0021_l0720_1440_r0912_1632.jpg,0021,page0021.clip,720,1440,912,1632,192,192,0.019149305555555555,0.4115105440971161,10.403513550758362,0.3367058020395883,,,False,False,1.0,"Regions mismatched, no clear shared subject",reject
464,kuripm_0019_l1440_5040_r1264_5056.jpg,0019,page0019.clip,1440,5040,1264,5056,-176,16,0.08176649305555556,0.41859287262139383,11.925375938415527,0.33508703709806253,,,True,True,5.0,"Regions align precisely, no structural mismatch.",accept
465,kuripm_0009_l3600_0720_r3600_0744.jpg,0009,page0009.clip,3600,720,3600,744,0,24,0.056480034722222225,0.42352221263088374,12.030318260192871,0.33387064340972605,,,True,True,5.0,Consistent facial region alignment,accept
466,kuripm_0011_l2880_0720_r2968_0872.jpg,0011,page0011.clip,2880,720,2968,872,88,152,0.050269097222222225,0.42124827782968655,11.679163932800293,0.3317060912280476,,,True,True,5.0,Rough and line align perfectly in facial features.,accept
467,kuripm_0025_l2160_5760_r2080_5624.jpg,0025,page0025.clip,2160,5760,2080,5624,-80,-136,0.03556423611111111,0.4402896119044694,12.179351806640625,0.32950174678421706,,,True,True,5.0,Sketch and line align closely in facial features and structure.,accept
468,kuripm_0026_l2880_2880_r2816_2832.jpg,0026,page0026.clip,2880,2880,2816,2832,-64,-48,0.034817708333333336,0.4149626919716487,11.666301012039185,0.3204841750069808,,,False,False,1.0,"Regions mismatched, not aligned",reject
469,kuripm_0008_l4320_2880_r4184_2776.jpg,0008,page0008.clip,4320,2880,4184,2776,-136,-104,0.0116796875,0.4445986504581076,11.860384464263916,0.3191259429419101,,,True,True,5.0,Rough and line align precisely in structure and orientation.,accept
470,kuripm_0030_l4320_3600_r4296_3696.jpg,0030,page0030.clip,4320,3600,4296,3696,-24,96,0.02749565972222222,0.4873413683724325,12.611777305603027,0.3182667388765329,,,True,True,5.0,"Rough and line align precisely, matching local structure.",accept
471,kuripm_0013_l2880_3600_r2768_3792.jpg,0013,page0013.clip,2880,3600,2768,3792,-112,192,0.05580295138888889,0.4353954567956882,12.14031171798706,0.31724612767722926,,,True,True,5.0,"Regions align precisely, no misalignment or mismatched body parts.",accept
472,kuripm_0026_l0720_4320_r0784_4400.jpg,0026,page0026.clip,720,4320,784,4400,64,80,0.0528125,0.40984388280453193,10.754362106323242,0.311530609684929,,,True,True,5.0,Rough and line align perfectly in form and structure.,accept
473,kuripm_0005_l4320_4320_r4312_4480.jpg,0005,page0005.clip,4320,4320,4312,4480,-8,160,0.03552951388888889,0.4176360908628214,11.94221830368042,0.3096105200995988,,,True,True,5.0,Rough and line align closely in form and structure.,accept
474,kuripm_0026_l1440_0720_r1344_0640.jpg,0026,page0026.clip,1440,720,1344,640,-96,-80,0.06593315972222222,0.40379138032152295,11.56637191772461,0.3088128422465156,,,True,True,5.0,"Regions align precisely, no structural mismatch.",accept
475,kuripm_0021_l4481_2160_r4465_2320.jpg,0021,page0021.clip,4481,2160,4465,2320,-16,160,0.031371527777777776,0.44153220200747006,11.199905157089233,0.30823110350541194,,,False,False,1.0,"Regions mismatched, no clear correspondence",reject
476,kuripm_0013_l1440_0720_r1288_0912.jpg,0013,page0013.clip,1440,720,1288,912,-152,192,0.045625,0.41708019479532954,11.770906448364258,0.30621778523292253,,,True,True,5.0,"Sketch and line align precisely on facial features and hand, with clear overlay matching.",accept
477,kuripm_0031_l0720_4320_r0872_4480.jpg,0031,page0031.clip,720,4320,872,4480,152,160,0.04377170138888889,0.45333047167201423,12.002237796783447,0.3035031975730301,,,False,False,1.0,"Regions mismatched, no clear correspondence",reject
478,kuripm_0022_l2160_4320_r2344_4496.jpg,0022,page0022.clip,2160,4320,2344,4496,184,176,0.05649305555555555,0.40373183539627366,11.232344150543213,0.3030474801969716,,,True,True,5.0,Rough and line align perfectly in form and detail.,accept
479,kuripm_0033_l0000_3600_r0184_3648.jpg,0033,page0033.clip,0,3600,184,3648,184,48,0.018485243055555555,0.40348104301514864,10.957629203796387,0.30002782793594546,,,True,True,5.0,"Rough and line align precisely, overlay confirms matching region.",accept
480,kuripm_0001_l2160_5040_r2192_5216.jpg,0001,page0001.clip,2160,5040,2192,5216,32,176,0.05370225694444444,0.41846249496791943,11.809264183044434,0.29863754108783336,,,False,False,1.0,"Regions mismatched, no clear correspondence",reject
481,kuripm_0035_l3600_5040_r3680_5232.jpg,0035,page0035.clip,3600,5040,3680,5232,80,192,0.08452256944444445,0.41180142630167604,11.095168590545654,0.29688377686170286,,,True,True,5.0,Rough and line align precisely on facial features and hair strands.,accept
482,kuripm_0009_l2880_6480_r2888_6448.jpg,0009,page0009.clip,2880,6480,2888,6448,8,-32,0.017035590277777776,0.36633788918736526,9.716302514076233,0.292292374905511,,,False,False,1.0,"Regions mismatched, not aligned",reject
483,kuripm_0035_l3600_3600_r3680_3792.jpg,0035,page0035.clip,3600,3600,3680,3792,80,192,0.03144965277777778,0.42120731341265094,11.950809478759766,0.2835340398528573,,,False,False,1.0,Different body parts/objects,reject
484,kuripm_0001_l2160_5760_r2216_5736.jpg,0001,page0001.clip,2160,5760,2216,5736,56,-24,0.05667534722222222,0.42863312126470016,12.081550359725952,0.2834630718351733,,,True,True,5.0,Rough and line align precisely on hand anatomy.,accept
485,kuripm_0027_l4320_5040_r4480_4864.jpg,0027,page0027.clip,4320,5040,4480,4864,160,-176,0.040581597222222224,0.4453359995168346,12.686652183532715,0.2831172914795125,,,False,False,1.0,"Regions mismatched, not aligned",reject
486,kuripm_0010_l3600_5040_r3728_5088.jpg,0010,page0010.clip,3600,5040,3728,5088,128,48,0.06504340277777777,0.4435548817657548,12.075443744659424,0.28274899695807676,,,True,True,5.0,Aligns anatomically and structurally,accept
487,kuripm_0036_l3600_5040_r3712_5216.jpg,0036,page0036.clip,3600,5040,3712,5216,112,176,0.052052951388888886,0.3931490664362369,10.707481384277344,0.2779129664342472,,,True,True,5.0,"Rough and line align precisely, matching anatomical structure and orientation.",accept
488,kuripm_0001_l1440_4320_r1576_4288.jpg,0001,page0001.clip,1440,4320,1576,4288,136,-32,0.040924479166666666,0.47585156464984657,13.15121841430664,0.27531714467002455,,,False,False,1.0,"Regions mismatched, not aligned",reject
489,kuripm_0029_l0000_0720_r0136_0816.jpg,0029,page0029.clip,0,720,136,816,136,96,0.018198784722222222,0.4793205796581908,13.420537948608398,0.2690042128242268,,,False,False,1.0,"Mismatched regions, poor alignment",reject
490,kuripm_0029_l0720_4320_r0880_4392.jpg,0029,page0029.clip,720,4320,880,4392,160,72,0.02606770833333333,0.48551678958940175,13.256697177886963,0.2687775040089466,,,True,True,5.0,Sketch and line align closely in form and structure.,accept
491,kuripm_0035_l4320_3600_r4240_3512.jpg,0035,page0035.clip,4320,3600,4240,3512,-80,-88,0.15975260416666667,0.4699207652464636,12.191274642944336,0.2648028572436731,,,False,False,1.0,"Regions mismatched, no clear shared drawing area",reject
492,kuripm_0015_l1440_3600_r1608_3408.jpg,0015,page0015.clip,1440,3600,1608,3408,168,-192,0.029895833333333333,0.436796081645271,10.66120982170105,0.2625513312259027,,,True,True,5.0,"Rough and line align precisely, matching anatomical structure and orientation.",accept
493,kuripm_0012_l3600_2880_r3720_3056.jpg,0012,page0012.clip,3600,2880,3720,3056,120,176,0.07601128472222222,0.4041100789671685,11.411445140838623,0.2607178295904533,,,True,True,5.0,Sketch and line align precisely in form and structure.,accept
494,kuripm_0029_l0720_5760_r0896_5792.jpg,0029,page0029.clip,720,5760,896,5792,176,32,0.022981770833333335,0.424045786660041,11.712439060211182,0.25945477984263454,,,False,False,1.0,"Mismatched regions, not aligned",reject
495,kuripm_0018_l2880_2880_r2864_2808.jpg,0018,page0018.clip,2880,2880,2864,2808,-16,-72,0.12021701388888889,0.4486124948936738,12.197157382965088,0.25721707702533214,,,True,True,5.0,Rough and line align perfectly in structure and region.,accept
496,kuripm_0022_l2880_5760_r3072_5888.jpg,0022,page0022.clip,2880,5760,3072,5888,192,128,0.046996527777777776,0.4016448916963419,10.801888942718506,0.2558008466084766,,,True,True,5.0,"Regions align precisely, overlay confirms matching contours.",accept
497,kuripm_0037_l2160_5760_r2272_5592.jpg,0037,page0037.clip,2160,5760,2272,5592,112,-168,0.0203125,0.4363613598281527,12.69429063796997,0.2526784396479702,,,True,True,5.0,Rough and line align perfectly in structure and region.,accept
498,kuripm_0036_l4320_1440_r4368_1248.jpg,0036,page0036.clip,4320,1440,4368,1248,48,-192,0.011254340277777778,0.4677436337187526,11.932679653167725,0.24981287557352022,,,True,True,5.0,Rough and line align perfectly in structure and orientation.,accept
499,kuripm_0022_l3600_1440_r3752_1624.jpg,0022,page0022.clip,3600,1440,3752,1624,152,184,0.11427083333333334,0.41664754093933715,11.782116889953613,0.2491796786472349,,,True,True,5.0,"Regions align precisely, no mismatch in anatomy or structure.",accept
500,kuripm_0022_l1440_2880_r1336_3040.jpg,0022,page0022.clip,1440,2880,1336,3040,-104,160,0.04549045138888889,0.39287544478664177,11.30641508102417,0.24683821023697627,,,True,True,5.0,"Rough and line align precisely, matching facial features and hair structure.",accept
