rank,page,source_page,line_x,line_y,rough_x,rough_y,dx,dy,line_ink,line_edges,rough_edges,rough_std,edge_f1,chamfer,orientation_entropy,match_score
1,0020,page0020.clip,0,2160,80,2264,80,104,0.013875868055555556,714,733,11.256582144673658,0.9826872822299652,1.4426655173301697,0.3235227070402966,4.8837214733160295
2,0038,page0038.clip,4320,5040,4128,4856,-192,-184,0.015581597222222222,1622,1325,21.20022926926348,0.9097348844227016,2.7056596279144287,0.466681027930623,4.3808873188751205
3,0032,page0032.clip,1440,5760,1480,5648,40,-112,0.029344618055555556,1857,2701,13.429764509562629,0.8691585891444708,2.6436994075775146,0.6379298544528924,4.327396947769165
4,0005,page0005.clip,2880,4320,2952,4464,72,144,0.02038628472222222,1329,2018,11.817675508716809,0.8960982940009941,2.8926384449005127,0.5065304725961282,4.307188159101771
5,0037,page0037.clip,0,3600,96,3408,96,-192,0.01392361111111111,1937,2789,13.921912003471002,0.8908637626958923,2.3902088403701782,0.3749746016806913,4.2762567267499785
6,0008,page0008.clip,3600,0,3424,8,-176,8,0.027230902777777777,2257,2381,22.15261588188239,0.8516823835275041,2.8145252466201782,0.3505428313487868,3.975941133392514
7,0032,page0032.clip,2160,2880,2136,2912,-24,32,0.015551215277777778,1083,1232,11.460848416088496,0.821958502970261,3.4729251861572266,0.5876081638999496,3.8852940087398196
8,0005,page0005.clip,1440,4320,1576,4488,136,168,0.017621527777777778,970,1234,11.50803254876075,0.820780066769807,3.9074233770370483,0.5487219281001798,3.761393200921769
9,0032,page0032.clip,720,4320,784,4280,64,-40,0.015169270833333333,1020,1787,13.909522546769661,0.8042941062815032,2.975536823272705,0.3190582833601608,3.681609793441104
10,0032,page0032.clip,2880,2160,2832,2208,-48,48,0.024309895833333334,1936,3816,20.77203409175831,0.7999357580549515,4.4763312339782715,0.6218222754127404,3.601870363809296
11,0023,page0023.clip,720,5040,864,5176,144,136,0.023411458333333333,1601,2849,13.764924345955974,0.7939692255993829,4.149558186531067,0.524188598192184,3.559285369244448
12,0032,page0032.clip,2160,4320,2144,4264,-16,-56,0.05286458333333333,4176,7328,32.428281537290545,0.7433817830328331,4.252086758613586,0.7404046180893811,3.4588152579129527
13,0033,page0033.clip,720,5760,912,5880,192,120,0.057643229166666664,5648,8057,30.241009180387017,0.7566070532510392,4.362891674041748,0.6757965606772759,3.4510941799886665
14,0031,page0031.clip,3600,4320,3736,4504,136,184,0.03631076388888889,1757,2736,13.47009854869935,0.7857096261807848,4.09381902217865,0.37023457112070446,3.4059719833647573
15,0009,page0009.clip,4320,2880,4320,2920,0,40,0.011414930555555555,834,2036,12.507421323964198,0.7603925192479287,5.449425101280212,0.7253254436938534,3.2923379309386838
16,0023,page0023.clip,2880,5760,2968,5856,88,96,0.017938368055555556,1256,2503,12.041560528935996,0.7625196372391785,5.237275719642639,0.650045955056601,3.285179806312646
17,0032,page0032.clip,720,1440,760,1512,40,72,0.019908854166666667,2180,3080,23.545556911340277,0.7272204066110393,4.7588653564453125,0.7391761645867969,3.2756698934355715
18,0032,page0032.clip,2880,720,2824,824,-56,104,0.03577690972222222,4611,6174,23.10756887995187,0.7312062736731574,4.740870833396912,0.668799887850143,3.242897111966519
19,0032,page0032.clip,1440,1440,1448,1536,8,96,0.03687065972222222,3989,5800,26.836032715947507,0.7060021444457404,4.7316062450408936,0.7990215240323478,3.2229066924464016
20,0034,page0034.clip,720,5760,912,5928,192,168,0.034756944444444444,3321,4195,20.786483848789096,0.6937802023937479,4.648619174957275,0.7953881666329953,3.1754877102836807
21,0005,page0005.clip,2880,5040,2960,5184,80,144,0.014809027777777779,1525,1737,12.982092183972489,0.7148663958931419,4.90917706489563,0.6904189328604552,3.144831712774948
22,0032,page0032.clip,1440,2880,1440,2888,0,8,0.04724826388888889,2547,3643,26.817867759151763,0.7420977076603726,5.627755403518677,0.6547430734574884,3.1087319163641185
23,0034,page0034.clip,2880,5760,3008,5936,128,176,0.1082638888888889,6745,7573,25.685907036771145,0.7165597625676084,5.454812049865723,0.7424662247133532,3.0858093826355804
24,0033,page0033.clip,720,5040,912,5192,192,152,0.039947916666666666,3022,4342,20.488601257480635,0.6969379488599731,4.439835071563721,0.5833906350513463,3.063435238028198
25,0032,page0032.clip,2160,1440,2160,1544,0,104,0.019852430555555557,1094,2636,14.717887719982217,0.7355667021377277,4.644941449165344,0.3920512663216148,3.0624862339128613
26,0009,page0009.clip,1440,5760,1456,5832,16,72,0.011610243055555556,1002,2014,13.111036503459921,0.7605154913397301,6.019667148590088,0.566028025274243,3.051466447200027
27,0011,page0011.clip,720,3600,872,3776,152,176,0.03452256944444444,3200,4030,12.763732156374639,0.7122927204708487,4.857375621795654,0.5500941097510728,3.030063765795971
28,0011,page0011.clip,2160,2880,2288,3072,128,192,0.02198784722222222,1258,1643,14.450890103724356,0.7407894552090963,5.526735067367554,0.5245674916886267,3.0182542559228724
29,0034,page0034.clip,3600,5760,3728,5920,128,160,0.06833333333333333,5535,8339,28.623720556592435,0.7017065671485797,5.329957962036133,0.7012890217164924,3.003572460708866
30,0005,page0005.clip,2160,5760,2264,5872,104,112,0.0219140625,1434,4071,22.697772627123367,0.6968430805300548,4.817996144294739,0.574094695638051,2.9798919303017675
31,0034,page0034.clip,2160,5760,2312,5936,152,176,0.05594618055555556,4595,8209,26.4125041450882,0.6743566823421026,5.174544334411621,0.7722319116573101,2.9546600741540363
32,0011,page0011.clip,720,5040,872,5176,152,136,0.0541015625,2947,3329,16.364416538396384,0.6808834938164561,5.282650113105774,0.7185454664761699,2.922723819642061
33,0008,page0008.clip,2880,4320,2808,4256,-72,-64,0.03404513888888889,2175,5735,23.153808701915995,0.6886781556824956,4.853195071220398,0.4727629929460727,2.850962158525257
34,0040,page0040.clip,720,3600,640,3792,-80,192,0.08714409722222222,10300,8697,26.865607188548243,0.6902056794815493,5.422461032867432,0.564315856511513,2.817988876043471
35,0029,page0029.clip,2160,2160,2280,2272,120,112,0.01189236111111111,952,1092,16.51200518120579,0.7440022696206122,6.676404714584351,0.5349337164786804,2.812677378369135
36,0040,page0040.clip,2880,2880,2760,3072,-120,192,0.06703125,6317,10928,29.186529891350332,0.6623461708750714,5.779163599014282,0.7717434950091354,2.773292930579809
37,0034,page0034.clip,2160,4320,2312,4512,152,192,0.04779513888888889,2985,4642,21.615554530262443,0.660488302081227,5.463133096694946,0.6796481008598421,2.7535333717550197
38,0032,page0032.clip,3600,4320,3520,4264,-80,-56,0.060360243055555554,4930,10609,31.07130036337429,0.6481788914728918,5.292358994483948,0.6856613200687075,2.730951714522635
39,0028,page0028.clip,720,5040,904,5232,184,192,0.07563368055555555,3679,5582,23.001260325202423,0.665314950916441,5.228939056396484,0.525695297108717,2.701343180989882
40,0025,page0025.clip,4320,2160,4352,2312,32,152,0.016879340277777776,960,1953,23.597555957714018,0.6702995606851475,4.501051545143127,0.3038308953083581,2.6943522106437987
41,0032,page0032.clip,720,2160,768,2208,48,48,0.018441840277777777,1647,2892,12.83436910662918,0.6580775591760648,5.6518025398254395,0.6580943955484606,2.6865028043540047
42,0033,page0033.clip,720,4320,904,4496,184,176,0.04703125,3071,6335,27.269869406551496,0.6630147641581349,6.18611752986908,0.7404871802199683,2.6702400589928335
43,0032,page0032.clip,1440,720,1464,848,24,128,0.017395833333333333,1337,2824,16.40073781957007,0.6892223458827443,6.217404723167419,0.5744405354982506,2.662183213178838
44,0033,page0033.clip,1440,4320,1600,4504,160,184,0.0316796875,2782,4406,19.176209648282835,0.6820031519770424,5.978808641433716,0.558434755900926,2.66100183631921
45,0009,page0009.clip,4320,3600,4344,3656,24,56,0.023871527777777776,2052,4114,20.374937167856707,0.6431339196592359,5.77904736995697,0.7400150745098527,2.6518721839126678
46,0033,page0033.clip,1440,5040,1600,5192,160,152,0.027578125,3707,4713,23.73274631404347,0.6964066387079518,6.55040979385376,0.56047985969345,2.6203351225237674
47,0011,page0011.clip,2160,2160,2296,2352,136,192,0.07397135416666667,5490,9005,34.04332052501094,0.6476272897285481,5.64641547203064,0.6222035675765447,2.606616208297848
48,0033,page0033.clip,2160,4320,2288,4504,128,184,0.031158854166666666,3236,4859,23.665425800170137,0.617516185209965,5.667179822921753,0.8062393060168757,2.5991364062789746
49,0032,page0032.clip,3600,2880,3520,2904,-80,24,0.033854166666666664,4755,6167,22.951948973141327,0.6711445471716769,6.06793212890625,0.5624210052425213,2.5920731142711517
50,0016,page0016.clip,0,5040,0,5224,0,184,0.017235243055555554,986,1637,15.173560095815013,0.7108539663631981,6.406143069267273,0.384470230151842,2.5806174020840094
51,0007,page0007.clip,1440,720,1256,848,-184,128,0.015894097222222223,1633,2358,10.037727176219768,0.7347468409803021,6.76894211769104,0.32024166590302,2.5761391140857186
52,0027,page0027.clip,2160,5040,2288,5232,128,192,0.05500868055555556,4063,6896,25.935060502013542,0.6188653049011881,5.805171251296997,0.7715412393772029,2.5505252657483033
53,0011,page0011.clip,2880,2880,2992,3072,112,192,0.030299479166666667,2895,4715,16.11174047959667,0.6347191824888276,6.003768444061279,0.7200042400188177,2.5488456156469366
54,0034,page0034.clip,1440,5760,1616,5928,176,168,0.040581597222222224,3438,4714,20.3982756753011,0.6728851667165335,6.945341110229492,0.7152601557109897,2.547565736105561
55,0034,page0034.clip,2160,5040,2312,5224,152,184,0.03752604166666667,3710,7716,28.65482286083979,0.6378542411451612,5.757161617279053,0.6181270323954577,2.532340508186362
56,0005,page0005.clip,2880,3600,2952,3792,72,192,0.04036024305555556,3694,4456,23.27176097044369,0.6785686599750848,7.597243070602417,0.7953177897326051,2.5096489175410244
57,0011,page0011.clip,3600,5040,3696,5128,96,88,0.031041666666666665,1392,2426,13.090045737344122,0.6339740369172777,5.2309205532073975,0.4705171206953803,2.5000997705012136
58,0011,page0011.clip,2880,3600,2992,3792,112,192,0.04397569444444444,3763,3418,17.149444828563382,0.6228353274390049,5.673515558242798,0.6440491907058363,2.4947128781111343
59,0034,page0034.clip,1440,5040,1616,5208,176,168,0.037473958333333335,2738,4873,22.199618490295112,0.7006013536757825,7.50604772567749,0.5706620107501723,2.4583268318435527
60,0032,page0032.clip,720,5760,776,5656,56,-104,0.05400173611111111,4396,6662,29.93858167140225,0.65660685748022,7.140657901763916,0.7485029988357098,2.453705106116885
61,0020,page0020.clip,4320,5040,4376,4976,56,-64,0.010546875,655,831,12.737905298223845,0.6282463107753472,5.827144384384155,0.5959109111054891,2.4525314058842964
62,0005,page0005.clip,0,720,32,568,32,-152,0.013914930555555555,1032,1188,13.541169824685518,0.6192690839146786,5.168399333953857,0.48592174627853374,2.4514029498054484
63,0032,page0032.clip,720,5040,776,4952,56,-88,0.0537109375,4048,8096,30.77558483817528,0.6450040788047836,7.223024845123291,0.8014522855632745,2.4215772534498794
64,0023,page0023.clip,720,4320,864,4456,144,136,0.033667534722222225,1368,2991,12.316595586141558,0.6461078884710519,5.984995484352112,0.4844465178777852,2.4210975597870656
65,0009,page0009.clip,2880,3600,2872,3584,-8,-16,0.10222222222222223,2712,4303,22.58617224829938,0.6294097292077415,6.443165063858032,0.7021952862190627,2.420171862242351
66,0028,page0028.clip,2880,3600,2992,3792,112,192,0.019921875,1342,2247,18.67533323172627,0.6552266540714781,6.88566517829895,0.6490784765629619,2.4182630159479697
67,0009,page0009.clip,720,1440,704,1432,-16,-8,0.03710069444444444,2039,4695,25.361977473337326,0.6158916386983149,5.875490427017212,0.6037358917459394,2.3873488214848835
68,0005,page0005.clip,4481,1440,4441,1376,-40,-64,0.025768229166666667,1713,1209,10.567637157007955,0.6350027884006791,6.608206629753113,0.6651232105182394,2.385471184467365
69,0029,page0029.clip,3600,5760,3424,5912,-176,152,0.017335069444444445,1055,804,14.031824817256158,0.7179395680372549,8.24216604232788,0.5497958594513279,2.3811013192817607
70,0023,page0023.clip,2160,3600,2264,3776,104,176,0.07865451388888889,6122,12937,30.082375812086607,0.606610524908954,6.355019807815552,0.7183305938539153,2.3367131380647916
71,0008,page0008.clip,3600,5760,3536,5664,-64,-96,0.02494357638888889,1662,1302,14.426894927851821,0.6653126219762834,7.748049020767212,0.6979077162834997,2.3352794787547744
72,0028,page0028.clip,1440,5040,1592,5232,152,192,0.030993923611111113,1862,2392,14.038779438404802,0.6450182938852416,6.598732948303223,0.5261055651742499,2.3262293319049636
73,0008,page0008.clip,720,5760,712,5568,-8,-192,0.0348828125,1913,4623,20.006996819897882,0.6147945148728886,6.635076284408569,0.7114603307967401,2.3161255821201214
74,0032,page0032.clip,2880,5760,2848,5648,-32,-112,0.059756944444444446,5552,9625,33.07311357099511,0.6045502476255431,6.7592453956604,0.7705307287910962,2.287326742028512
75,0033,page0033.clip,1440,5760,1608,5896,168,136,0.04107204861111111,3319,6156,24.946680547764476,0.599519270486128,6.583301305770874,0.7390746050107055,2.2721957752850295
76,0008,page0008.clip,2880,3600,2840,3432,-40,-168,0.024401041666666668,1184,3663,18.7962027655362,0.635562862649063,6.369036555290222,0.4437559565152515,2.259011767399472
77,0008,page0008.clip,1440,5040,1384,4920,-56,-120,0.022894965277777776,1658,3767,27.0515977765354,0.6464615383931305,6.715144634246826,0.45133305887055125,2.250345212212728
78,0001,page0001.clip,2160,2880,2200,2856,40,-24,0.04638020833333333,3625,5268,32.34243917389648,0.6153878894589683,7.398601770401001,0.79066466289113,2.2297508235275454
79,0009,page0009.clip,720,2880,696,2888,-24,8,0.03463541666666667,2289,6395,21.131798472824435,0.6025824909415137,6.893485069274902,0.7375791318574249,2.224278746338528
80,0038,page0038.clip,0,3600,16,3408,16,-192,0.015160590277777778,1381,2060,25.87774916060446,0.6929679673433592,7.6705896854400635,0.3640104850640783,2.221930287680046
81,0007,page0007.clip,720,5760,888,5952,168,192,0.037747395833333336,2304,6540,19.628313184275317,0.6099627238261188,6.631936550140381,0.6168485906650573,2.216905181634564
82,0040,page0040.clip,1440,3600,1344,3792,-96,192,0.07798611111111112,8922,9063,24.766093172794665,0.6244885981852745,7.1876280307769775,0.6587916881504859,2.2119507352913654
83,0029,page0029.clip,3600,3600,3640,3704,40,104,0.034926215277777777,5409,3974,31.56841272939794,0.6716509226159009,7.599855422973633,0.4588448215269202,2.2053593857063136
84,0032,page0032.clip,720,720,768,840,48,120,0.07391493055555555,7973,11492,33.491297461558005,0.6000751002643885,6.993884801864624,0.7293328492815782,2.1850648203742797
85,0008,page0008.clip,2160,3600,2120,3448,-40,-152,0.04970052083333333,5931,10536,35.30774020652375,0.6263227194665705,7.347608327865601,0.6479239020151158,2.1804310533718247
86,0031,page0031.clip,3600,5760,3728,5936,128,176,0.026111111111111113,1120,2498,10.823191292252817,0.6315820095957729,6.708075523376465,0.4522513167099297,2.1780959966715154
87,0012,page0012.clip,2160,4320,2336,4488,176,168,0.018797743055555555,1028,2343,12.458732385544028,0.6521361718863393,6.766547679901123,0.33531757811093593,2.175625385940221
88,0034,page0034.clip,2880,4320,3008,4512,128,192,0.05199652777777778,2978,4301,22.84867215487203,0.6043494339320006,6.865395784378052,0.655262624808017,2.172878112630806
89,0015,page0015.clip,720,3600,872,3744,152,144,0.042608506944444444,2149,2944,20.121719506137353,0.6214779276731759,7.574802398681641,0.7244302610344938,2.1719733674571464
90,0011,page0011.clip,3600,2160,3696,2352,96,192,0.062473958333333336,5904,8660,30.966564923659533,0.6174656136459379,7.200196027755737,0.6548173361990044,2.171142731637745
91,0023,page0023.clip,0,4320,160,4480,160,160,0.0133984375,961,2373,11.021526091512834,0.6447817131944785,6.679698467254639,0.34370989155575854,2.162936785766072
92,0019,page0019.clip,1440,3600,1264,3568,-176,-32,0.021484375,3668,5863,38.46862217255344,0.6500728858309993,6.64311420917511,0.296857921314758,2.159227924371781
93,0007,page0007.clip,1440,5760,1600,5952,160,192,0.03637152777777778,2024,4600,22.092759838359957,0.6284675617446697,6.696247696876526,0.43665738829859657,2.1524141799869203
94,0011,page0011.clip,720,2880,848,3040,128,160,0.0308984375,2013,3527,20.437269155403303,0.632748262129787,7.645259618759155,0.6146591830440576,2.12641673333235
95,0020,page0020.clip,2160,4320,2208,4272,48,-48,0.05176649305555556,3346,5668,26.10977341620758,0.5990883008123243,7.565001964569092,0.8022938340204281,2.1242761783641457
96,0032,page0032.clip,4320,2880,4208,2896,-112,16,0.02750434027777778,3177,6034,22.87227654859892,0.6144966220861308,7.483502149581909,0.6517575481391643,2.0971887190256036
97,0005,page0005.clip,2160,3600,2256,3792,96,192,0.022278645833333333,1834,4099,20.901139400559625,0.5691208707514183,6.9783923625946045,0.7973341574901369,2.08779320723028
98,0015,page0015.clip,2160,4320,2328,4448,168,128,0.030868055555555555,2339,3521,21.30147782757971,0.6061765704490958,7.402978420257568,0.6670648837741301,2.083939075213269
99,0032,page0032.clip,2880,3600,2840,3576,-40,-24,0.0634375,5143,8251,31.75111549870089,0.595002422833625,7.470527410507202,0.746365546349763,2.077999069146495
100,0033,page0033.clip,3600,4320,3664,4512,64,192,0.0768532986111111,8367,12091,34.12157340330836,0.5617698996464288,6.668018102645874,0.7457873715689162,2.071875774958102
101,0034,page0034.clip,2880,5040,3016,5216,136,176,0.040681423611111114,5197,6314,16.84860762167912,0.5868583468630423,6.746991395950317,0.5783093940591678,2.047540970372482
102,0034,page0034.clip,1440,4320,1608,4512,168,192,0.029548611111111112,2394,2586,14.88902494269311,0.5707442905363452,6.960495471954346,0.7177882551634511,2.0358529624216177
103,0027,page0027.clip,2160,3600,2312,3792,152,192,0.014522569444444444,1241,2218,12.882047288669956,0.6745257020520645,9.212282180786133,0.5975403258442431,2.0082043347784904
104,0035,page0035.clip,2160,5040,2312,5216,152,176,0.021410590277777777,2698,2217,12.713146314164272,0.6390811462736041,8.194611549377441,0.563090761143235,2.00695603040712
105,0040,page0040.clip,1440,720,1360,912,-80,192,0.06986111111111111,3631,6019,21.96452808958558,0.5950171617019374,7.4806036949157715,0.6305836478178231,1.9834319877807913
106,0005,page0005.clip,3600,4320,3648,4480,48,160,0.0208203125,3125,4537,18.691991919989448,0.5718162240751952,7.3695878982543945,0.745827141473772,1.9818252539041143
107,0033,page0033.clip,2880,4320,2992,4496,112,176,0.060455729166666666,10177,14368,36.453389891694755,0.5942554159540694,7.834482431411743,0.7075484881167026,1.9704193839813602
108,0032,page0032.clip,2880,4320,2848,4264,-32,-56,0.04415798611111111,2846,5306,28.279897212501616,0.5770334816110853,7.689010858535767,0.7780007546353729,1.9697658400565712
109,0008,page0008.clip,3600,4320,3496,4184,-104,-136,0.022105034722222222,1493,1300,11.251066969708896,0.6067862002054129,8.395824909210205,0.7604021639632327,1.9630877503556092
110,0032,page0032.clip,4320,3600,4200,3576,-120,-24,0.05392795138888889,4930,10164,36.18209463779054,0.5764546394339226,7.8993377685546875,0.7932546479615216,1.9370093618278927
111,0032,page0032.clip,3600,3600,3512,3568,-88,-32,0.07864149305555555,6596,13302,39.58836826005538,0.5597806165132613,7.444968938827515,0.7756054454080511,1.9303936511272441
112,0025,page0025.clip,1440,5040,1472,4944,32,-96,0.029752604166666665,2987,4885,27.316262069537743,0.5900665777981038,7.238164067268372,0.5214533977997194,1.9198627937766202
113,0032,page0032.clip,2160,2160,2136,2200,-24,40,0.0216796875,1937,2405,17.01949339857173,0.6008891995955266,8.227091789245605,0.6664120624649894,1.8921572901005028
114,0029,page0029.clip,0,2880,176,2904,176,24,0.018806423611111112,1932,3656,21.284002729984707,0.5837617803874052,7.66024923324585,0.6293953000335253,1.8902752953146764
115,0032,page0032.clip,2880,5040,2840,4952,-40,-88,0.029244791666666665,3400,6878,21.78163191073532,0.5774102513618167,7.829698920249939,0.7088230919793245,1.8881699463425552
116,0009,page0009.clip,3600,1440,3608,1440,8,0,0.05963975694444444,6070,11787,32.825554006908106,0.5647926490470953,7.683299779891968,0.7334414306586164,1.874056433783976
117,0033,page0033.clip,2160,3600,2280,3792,120,192,0.024717881944444443,2846,4414,16.56172860229864,0.5952709782412654,7.639362573623657,0.5239096331780266,1.8676100830240168
118,0035,page0035.clip,2160,1440,2352,1632,192,192,0.032486979166666666,3089,4020,17.21780907838963,0.5910686764988459,8.106597661972046,0.6591866047449044,1.8613731338957438
119,0020,page0020.clip,2880,5760,2936,5704,56,-56,0.06261284722222223,4784,5122,26.45883850565324,0.5738591418877423,7.684910774230957,0.6606434593536628,1.8608283220754502
120,0013,page0013.clip,1440,4320,1352,4512,-88,192,0.06859809027777777,4457,4446,18.11984760262442,0.5984947041075914,8.425158977508545,0.6915002041337298,1.8606418883432319
121,0011,page0011.clip,2160,3600,2288,3792,128,192,0.058307291666666664,4854,5025,17.545193671294722,0.5527497871913944,7.755390405654907,0.7972448790909371,1.8504667580987402
122,0032,page0032.clip,2160,5760,2144,5648,-16,-112,0.023875868055555555,2543,3705,17.252871220048355,0.575599945283746,8.268517971038818,0.7632156568583808,1.834868657697671
123,0033,page0033.clip,3600,5040,3680,5184,80,144,0.0251171875,3521,5811,25.564788955773196,0.5662289307298514,8.10073971748352,0.7782544376955387,1.8336002603089834
124,0032,page0032.clip,4481,2880,4369,2896,-112,16,0.018993055555555555,2690,4751,19.334148271239876,0.5926983315418478,8.270021438598633,0.6370608172677746,1.819136023803732
125,0007,page0007.clip,4320,5040,4392,5216,72,176,0.013841145833333334,1029,2468,15.129604906149128,0.6142281053219274,8.094007849693298,0.4546761295457995,1.816079860307617
126,0020,page0020.clip,2880,1440,3024,1384,144,-56,0.04496527777777778,3640,4464,26.704623585482352,0.6056414292959176,9.192615985870361,0.7819967905398035,1.8152813817373583
127,0032,page0032.clip,2160,5040,2160,4952,0,-88,0.044830729166666666,3096,6343,29.453121000752912,0.5506340166513723,7.70743203163147,0.7540449758547099,1.8149196576143356
128,0032,page0032.clip,3600,1440,3512,1512,-88,72,0.015499131944444444,1804,2404,18.308519115829306,0.6101288176439855,9.188734531402588,0.750904784464908,1.8136210095113363
129,0013,page0013.clip,3600,5760,3504,5816,-96,56,0.018289930555555556,2566,3113,19.583922597240445,0.618212615180678,8.248280882835388,0.46292423510884106,1.8117462874233856
130,0021,page0021.clip,4320,4320,4344,4304,24,-16,0.02234375,960,1929,20.971250023427086,0.5838730632933057,6.708704352378845,0.23426455259303147,1.7650360880651845
131,0002,page0002.clip,2880,2160,2792,2080,-88,-80,0.036297743055555554,2372,4362,28.807604551660734,0.5436985662076875,7.8642871379852295,0.7704330550561307,1.7619818474862963
132,0013,page0013.clip,4320,720,4200,880,-120,160,0.017955729166666667,960,1297,10.397336372530898,0.6533435145690565,8.948776245117188,0.35147140345782024,1.7581394465881008
133,0027,page0027.clip,1440,5760,1592,5952,152,192,0.027547743055555556,5384,6612,22.465931473427112,0.551270605364361,7.917785406112671,0.7200738493456521,1.7488550250757924
134,0008,page0008.clip,2160,5040,2160,4888,0,-152,0.014848090277777778,1273,2880,12.87269243237574,0.5677112281882871,7.664181709289551,0.5367380900147914,1.7351102710953583
135,0002,page0002.clip,2160,3600,2128,3448,-32,-152,0.05506510416666666,4954,8726,40.336212824870266,0.5503552870072033,8.038085699081421,0.7348879709977199,1.7320696720179083
136,0040,page0040.clip,720,2880,640,3072,-80,192,0.032703993055555554,1911,4429,16.767489496399712,0.5764727858482893,8.380892038345337,0.6393636338816321,1.7176764286776849
137,0001,page0001.clip,1440,5040,1376,5008,-64,-32,0.06575520833333333,4570,5859,37.27019887052255,0.561025392500366,8.30587911605835,0.7152630820851708,1.7161616049582964
138,0005,page0005.clip,720,5040,888,5184,168,144,0.025134548611111113,1920,3361,16.603777765926054,0.5720420957771952,8.896292448043823,0.7926614095496437,1.7150811169169264
139,0023,page0023.clip,3600,2880,3632,3072,32,192,0.03312065972222222,2293,5027,23.43726993374093,0.5420056739169117,7.857001066207886,0.7144025841558603,1.7101502236676693
140,0010,page0010.clip,3600,5760,3760,5952,160,192,0.016575520833333333,2550,3133,13.27737556247344,0.5379590158099953,7.050848007202148,0.5363717655353236,1.7087228900378058
141,0032,page0032.clip,0,1440,72,1528,72,88,0.04158420138888889,1592,3725,18.01612610896723,0.5932732384658509,7.929387092590332,0.3768094862656423,1.681936362823702
142,0040,page0040.clip,1440,5760,1336,5928,-104,168,0.05961371527777778,4097,9377,23.51716159223713,0.5076119694517603,7.22908353805542,0.7135752837828349,1.6631033666739856
143,0005,page0005.clip,720,4320,888,4496,168,176,0.0201953125,1306,3296,19.644284210605953,0.6108264711429614,9.798317432403564,0.6978942837462746,1.652784296231114
144,0011,page0011.clip,1440,4320,1576,4472,136,152,0.029635416666666668,2473,4234,22.957087364004074,0.5441557316444363,8.16627311706543,0.7058776244059397,1.6522261343338476
145,0033,page0033.clip,2160,5040,2288,5192,128,152,0.05391493055555555,4764,9438,33.85504021992597,0.5551342272686083,8.815662145614624,0.7942422272876511,1.6479324890502374
146,0009,page0009.clip,3600,4320,3608,4368,8,48,0.05723090277777778,2780,4597,36.905894621746924,0.5556437179251884,8.514107942581177,0.7108004574055562,1.6440373670341517
147,0026,page0026.clip,2880,5040,2872,4992,-8,-48,0.025108506944444445,1386,3951,30.73656250146602,0.5539419653831796,7.881901144981384,0.5614217683930142,1.6424670126340326
148,0011,page0011.clip,0,4320,152,4464,152,144,0.030013020833333334,2046,3597,19.314983766545023,0.6347272529428089,9.918269872665405,0.5632461468149212,1.6405792076329
149,0005,page0005.clip,0,5040,184,5184,184,144,0.05213107638888889,4115,6843,20.082610578291252,0.5474100170254391,7.755640506744385,0.5544775784077537,1.6295040465045214
150,0040,page0040.clip,1440,2880,1568,2840,128,-40,0.019401041666666667,5143,5443,22.17031778180374,0.5585237198093616,8.439029693603516,0.646347114038276,1.6218903515567256
151,0032,page0032.clip,4320,2160,4208,2200,-112,40,0.022265625,2917,5407,24.01723555904623,0.5428218429700572,7.82200288772583,0.5900959657407359,1.6217854098977087
152,0002,page0002.clip,4320,3600,4304,3504,-16,-96,0.011189236111111112,1138,3619,21.42549480101951,0.5923765071956437,8.650713801383972,0.4840058826834541,1.6189444818481873
153,0029,page0029.clip,1440,3600,1560,3704,120,104,0.02423611111111111,2060,3061,22.632346832413283,0.6036028981253252,9.26146388053894,0.5633132135543524,1.6163722853623197
154,0002,page0002.clip,2880,720,2736,592,-144,-128,0.07006944444444445,7194,9586,45.30739436337673,0.5444051739805101,8.488691806793213,0.7328443064056128,1.6105629536683983
155,0015,page0015.clip,2880,720,3072,816,192,96,0.06452690972222222,3388,4833,19.472700571889142,0.52450107355228,8.16132664680481,0.768198648435427,1.60479895714878
156,0026,page0026.clip,720,5760,696,5736,-24,-24,0.03375434027777778,3582,4261,30.459613364811492,0.5481120289745331,8.843761920928955,0.7867708102163047,1.6012244088599186
157,0028,page0028.clip,2160,5760,2320,5944,160,184,0.09924479166666667,7773,14061,32.84809517156247,0.5472950506596274,8.695226192474365,0.7544614804553829,1.6009991991675698
158,0040,page0040.clip,2160,5040,2048,5208,-112,168,0.04529947916666666,4521,3938,17.656301541419023,0.5789443361437059,9.25935435295105,0.6849541449571523,1.590814126094041
159,0016,page0016.clip,720,720,680,800,-40,80,0.03614149305555556,1639,1557,14.839286323790231,0.5729120140636753,8.263156175613403,0.46517140263990875,1.5840659573076226
160,0011,page0011.clip,0,3600,168,3792,168,192,0.018932291666666667,1262,1546,10.661205754091307,0.6174783438971856,10.2280855178833,0.6709867528837392,1.5785640182162592
161,0011,page0011.clip,3600,1440,3568,1584,-32,144,0.02537326388888889,1113,3895,14.712080040879052,0.5769264865704933,8.229216694831848,0.41965122049143133,1.5745100702792418
162,0006,page0006.clip,720,5040,800,5072,80,32,0.07523003472222223,4910,3387,16.595370333717508,0.5493933287651621,8.132243394851685,0.5638560319782888,1.5716027904381047
163,0020,page0020.clip,2880,4320,2920,4232,40,-88,0.028237847222222223,2530,2534,18.303932977747834,0.6108701594207777,9.76103401184082,0.5865485765796241,1.5713828559994236
164,0001,page0001.clip,1440,2160,1472,2136,32,-24,0.08799045138888889,6233,11739,49.14293220990243,0.5274309100941631,8.032735586166382,0.6751281480302846,1.5707099516617666
165,0025,page0025.clip,720,720,680,664,-40,-56,0.0723220486111111,5752,7934,35.13856443728933,0.5242361755776258,8.487571239471436,0.8068471283263122,1.5691443326548917
166,0020,page0020.clip,2880,2160,2928,2056,48,-104,0.062348090277777775,5352,5861,27.90545695727488,0.5553427030270169,9.039139747619629,0.7336772196602646,1.5558273413393708
167,0028,page0028.clip,2880,5760,2984,5936,104,176,0.0159765625,924,2721,13.94800859334915,0.570525158097333,8.486699223518372,0.5002358897057437,1.5554746575475853
168,0011,page0011.clip,2160,1440,2288,1592,128,152,0.028993055555555557,1434,2370,16.33984959804452,0.567148150972644,8.26101303100586,0.45018932629917974,1.5436896097013921
169,0006,page0006.clip,2880,2880,3024,3056,144,176,0.043715277777777777,2886,5313,20.27391113427211,0.5134998823173397,8.289886236190796,0.7787320603405861,1.5325078126210079
170,0020,page0020.clip,1440,720,1488,632,48,-88,0.04138454861111111,5922,4417,23.571244267000196,0.5643169520440451,8.996509313583374,0.6288265280287361,1.5253441199265396
171,0008,page0008.clip,3600,2880,3536,2768,-64,-112,0.06428385416666667,11534,11438,41.06369338303588,0.5474057156311607,8.385922908782959,0.5589255712164624,1.5069844533723817
172,0027,page0027.clip,720,5760,888,5952,168,192,0.07938802083333334,7892,13820,32.06528528086003,0.4990240906235089,8.05388617515564,0.7690219670206322,1.4995607917029221
173,0002,page0002.clip,1440,4320,1384,4168,-56,-152,0.060069444444444446,5829,6986,36.54533159588938,0.5371374550746145,9.071231365203857,0.7663401609636376,1.4845131311032111
174,0032,page0032.clip,1440,4320,1464,4264,24,-56,0.09401909722222222,7051,8859,29.78217503370444,0.5539770249821425,8.86135220527649,0.606755765980882,1.48301929664012
175,0020,page0020.clip,2160,1440,2264,1344,104,-96,0.0923828125,8415,9612,39.84245880078842,0.5201713100401216,8.60936164855957,0.7418901127864374,1.472496310717844
176,0005,page0005.clip,720,3600,872,3792,152,192,0.04736545138888889,4396,8817,23.430703072229424,0.5385605074066021,7.977532148361206,0.4617080627831484,1.466662557587288
177,0008,page0008.clip,720,5040,648,4848,-72,-192,0.0440234375,1513,4180,23.01508325034651,0.5305143531842669,8.091017007827759,0.5350005913247226,1.4623688374155606
178,0023,page0023.clip,1440,3600,1568,3728,128,128,0.02681857638888889,1886,5691,25.57975935489276,0.5527420015081331,8.698702096939087,0.5376846041556899,1.4541172714774
179,0019,page0019.clip,1440,720,1256,752,-184,32,0.07194444444444445,8248,9349,37.02733012536234,0.5141896284123473,8.696019172668457,0.776331330125027,1.4528093716280663
180,0027,page0027.clip,4320,720,4416,736,96,16,0.012960069444444444,604,2054,22.724786316511974,0.5381893860561915,8.762748003005981,0.6382874957565112,1.44902732628497
181,0008,page0008.clip,2880,5760,2824,5720,-56,-40,0.019934895833333334,1134,2926,19.43562366494307,0.572784595565801,9.186938762664795,0.5258857033238831,1.4472437879551523
182,0005,page0005.clip,4481,2880,4321,2848,-160,-32,0.04945746527777778,4977,9233,34.519229275559255,0.5069575884306129,8.228662490844727,0.695763067795468,1.4456658982204935
183,0020,page0020.clip,2880,3600,3016,3496,136,-104,0.0417578125,3938,2336,20.150208045592468,0.5411326704918751,9.078883171081543,0.6859828854152075,1.4386730265752328
184,0025,page0025.clip,0,5040,176,5136,176,96,0.02671875,1006,1408,15.471558404454722,0.5602314150419777,8.246152639389038,0.3582200300930872,1.4385025714065507
185,0027,page0027.clip,4320,5760,4400,5624,80,-136,0.030807291666666667,2294,4767,15.730379368232711,0.5469733078723652,8.29394245147705,0.4474760017530533,1.4340588504688585
186,0040,page0040.clip,2160,5760,2056,5928,-104,168,0.07801215277777777,5924,11406,30.054903861352642,0.5365508609251367,9.457196950912476,0.8022147259708415,1.4330866952198615
187,0032,page0032.clip,0,2160,56,2328,56,168,0.024830729166666666,960,2032,13.904240168603442,0.572218714830776,7.5854562520980835,0.10759910868115555,1.430081610679188
188,0019,page0019.clip,2160,2160,1968,2208,-192,48,0.035559895833333334,2246,4502,27.524278039784956,0.49357907022090314,8.216288566589355,0.7473178172923294,1.422491891620508
189,0001,page0001.clip,3600,0,3664,56,64,56,0.020941840277777776,984,5200,17.557762913231645,0.5276632913386203,7.714666664600372,0.406502301695153,1.4205849651291496
190,0032,page0032.clip,4481,3600,4361,3584,-120,-16,0.03485243055555556,2891,7361,31.93981568154132,0.5192359210644244,9.093918800354004,0.7942246210692168,1.4127755421066945
191,0007,page0007.clip,2160,1440,2336,1632,176,192,0.016046006944444444,978,3295,12.727021084948209,0.5384655297914576,7.508533000946045,0.27718222862748965,1.4123668316700704
192,0031,page0031.clip,1440,4320,1616,4512,176,192,0.05297743055555556,5123,5862,16.821232865474965,0.5661331348389315,9.136502265930176,0.5070481529861147,1.4090037433975138
193,0011,page0011.clip,720,4320,864,4456,144,136,0.012534722222222221,897,2397,10.69545278294495,0.5580319417203699,10.086293816566467,0.7696709984353415,1.3886377440368292
194,0009,page0009.clip,2880,5760,2896,5728,16,-32,0.0450390625,4841,7430,35.64888085967736,0.577076246712476,9.506672143936157,0.4985990390981688,1.3829260360536837
195,0005,page0005.clip,4320,1440,4288,1344,-32,-96,0.03159288194444444,2442,1597,11.604974586831164,0.5334517404818208,9.187188386917114,0.6871185104908966,1.379515833418398
196,0009,page0009.clip,720,4320,696,4312,-24,-8,0.06682291666666666,4182,4787,32.22090279912195,0.5206875702235411,9.19883394241333,0.7603843658514094,1.3719785553161667
197,0008,page0008.clip,1440,3600,1344,3408,-96,-192,0.05052951388888889,5535,13739,33.30336325296557,0.5157742905594678,8.692386627197266,0.6618529154107429,1.3698764596864796
198,0005,page0005.clip,4320,2880,4144,2840,-176,-40,0.09070746527777777,9869,15079,41.3694642274583,0.509422015579532,8.987967729568481,0.772696437578563,1.3676736820468143
199,0040,page0040.clip,2160,4320,2048,4504,-112,184,0.06525607638888889,7572,5482,17.897785537842662,0.5483422061333346,9.575451374053955,0.6643586592833941,1.3581076832825973
200,0020,page0020.clip,1440,2160,1448,2200,8,40,0.061857638888888886,3833,3117,22.857822683578153,0.5466684981257517,9.711225032806396,0.7027946652193863,1.353333216242988
201,0040,page0040.clip,2160,2880,2056,3072,-104,192,0.13893663194444444,12904,6406,23.59737389196219,0.49782734679197166,8.917171478271484,0.7759237965402863,1.3264414755377905
202,0028,page0028.clip,2880,4320,3016,4512,136,192,0.05809895833333333,3563,5918,28.68289515566796,0.5120154962758856,9.368202686309814,0.7976855622586154,1.3245853939243575
203,0008,page0008.clip,2160,1440,2080,1328,-80,-112,0.055047743055555556,4562,14385,34.98171978581352,0.49044147870176213,8.240970611572266,0.6465035071502542,1.321216076914561
204,0019,page0019.clip,1440,2880,1248,2872,-192,-8,0.062161458333333336,4102,4618,33.5190971855332,0.5134475136260469,9.286560535430908,0.764014844849928,1.3211373369239952
205,0032,page0032.clip,3600,2160,3520,2216,-80,56,0.03176649305555555,2754,4120,21.921558549934797,0.524595781519122,8.746381759643555,0.5568192534328694,1.3191579584131945
206,0033,page0033.clip,4320,5040,4368,5184,48,144,0.011180555555555555,731,2318,15.70979467723813,0.5333921977845562,8.917933702468872,0.5305124927977275,1.3077842426671882
207,0015,page0015.clip,720,4320,872,4464,152,144,0.053802083333333334,4716,4276,20.61893639070222,0.5326232866343372,9.456169605255127,0.6694865783424299,1.3074717747946045
208,0020,page0020.clip,4320,720,4384,584,64,-136,0.043719618055555555,4842,2815,29.906366288736123,0.5375608367268884,10.062365055084229,0.7859803054006066,1.3041154169380813
209,0016,page0016.clip,1440,2880,1248,3072,-192,192,0.15432291666666667,8439,9333,29.097841358278817,0.5260835596079688,9.146697521209717,0.6138233913885719,1.292137006908758
210,0020,page0020.clip,720,1440,744,1344,24,-96,0.08473524305555556,6336,9480,38.3916881290667,0.5173022729835965,9.116717338562012,0.658122939690064,1.2896662489576314
211,0029,page0029.clip,4320,5760,4440,5832,120,72,0.019227430555555557,820,1610,20.06035330783972,0.5900820763503841,10.230608463287354,0.4787804338094946,1.2873130361420455
212,0001,page0001.clip,3600,720,3672,632,72,-88,0.035798611111111114,1833,6606,23.18839112878602,0.5040090324599804,8.925678253173828,0.6880685746594902,1.2853643713927285
213,0008,page0008.clip,1440,1440,1368,1328,-72,-112,0.06591145833333334,5896,11322,31.209682900253295,0.5032106531947965,9.050506353378296,0.7227488431873397,1.2841510698481953
214,0025,page0025.clip,720,4320,704,4208,-16,-112,0.012213541666666666,1333,3608,28.547795491769243,0.5158662274201608,8.283511519432068,0.4517744136650908,1.2840483641464628
215,0029,page0029.clip,1440,0,1568,120,128,120,0.03751736111111111,3637,10319,40.60481983424381,0.49039157443020626,9.012566566467285,0.7893604594732656,1.2809329264361864
216,0035,page0035.clip,4481,3600,4401,3512,-80,-88,0.15975260416666667,1247,2493,13.848581938474592,0.5675123159824833,9.570088863372803,0.4418174495002782,1.2769977668380788
217,0001,page0001.clip,720,2880,752,2864,32,-16,0.0207421875,1556,2572,22.233705943068003,0.5395485698747147,10.060456275939941,0.7319626522301728,1.271221715969723
218,0009,page0009.clip,3600,2160,3616,2192,16,32,0.03417100694444444,2403,8411,29.10494495323234,0.5282558774356367,9.588852882385254,0.677247994297797,1.2653072061393704
219,0001,page0001.clip,3600,3600,3672,3568,72,-32,0.053307291666666666,5705,10746,40.19642723095533,0.5499643282700518,9.716083526611328,0.5692572551965085,1.2620107401852
220,0006,page0006.clip,720,2880,672,2760,-48,-120,0.052999131944444444,5187,3505,26.157772635519702,0.5625586091305489,9.549884796142578,0.44767873711845807,1.2609590761189953
221,0033,page0033.clip,1440,3600,1584,3744,144,144,0.05295138888888889,5172,6242,24.820120800600698,0.5326023865181618,9.606398582458496,0.6398870710732865,1.253641872957739
222,0019,page0019.clip,2880,5040,2712,5120,-168,80,0.08790798611111111,5106,5517,30.034969456191813,0.4914348978071931,9.089696407318115,0.7673303308505176,1.2530994722527566
223,0009,page0009.clip,2880,1440,2912,1448,32,8,0.038276909722222224,4965,10042,28.127603053230956,0.504824653958982,9.362223863601685,0.7464958899341939,1.2488752090219284
224,0021,page0021.clip,3600,4320,3720,4496,120,176,0.02151909722222222,1332,1821,20.080810702966875,0.5287223582180532,9.465490818023682,0.621982698285886,1.2480997861142387
225,0023,page0023.clip,2160,1440,2208,1600,48,160,0.0541796875,7268,13418,39.48501940042924,0.4687603699352509,8.733655452728271,0.8100534749619477,1.2451135391001582
226,0038,page0038.clip,2160,5040,2264,4848,104,-192,0.15404513888888888,18086,10667,41.12326496703755,0.5048868408589388,9.2012939453125,0.6976688569876288,1.2423105008222968
227,0002,page0002.clip,720,720,640,544,-80,-176,0.05639756944444444,3443,3308,25.015277531330906,0.5353222781404334,10.234820365905762,0.758715229181147,1.2366195008659324
228,0016,page0016.clip,0,4320,0,4440,0,120,0.011059027777777777,858,2345,15.22983752463885,0.5417661376328127,9.115696549415588,0.4369801529787773,1.2352755006639675
229,0033,page0033.clip,2880,5040,2984,5200,104,160,0.030056423611111112,4425,7921,24.012118973730296,0.5317939180323515,9.800283908843994,0.6704258964812434,1.2352535255779535
230,0025,page0025.clip,720,1440,552,1408,-168,-32,0.044071180555555554,4577,2300,25.16045185091052,0.5013587011142451,9.245993375778198,0.7214308714188196,1.2347395275506412
231,0032,page0032.clip,3600,5760,3544,5624,-56,-136,0.07956597222222223,6986,12215,29.371965545840506,0.4726435458194158,8.377973556518555,0.6673124742191974,1.2214729971687261
232,0020,page0020.clip,2160,720,2200,632,40,-88,0.022400173611111112,1981,2268,17.269410797746314,0.525538250429397,10.06328821182251,0.7393698329895747,1.2065294761741425
233,0026,page0026.clip,720,1440,672,1432,-48,-8,0.034995659722222225,2938,5276,28.84477633583158,0.5227894307784479,9.713800430297852,0.6688467578103892,1.2062644740809803
234,0004,page0004.clip,1440,720,1632,864,192,144,0.020616319444444444,1543,4183,31.07292487855335,0.4713477130437285,7.835070848464966,0.5189365241105104,1.2048736148140575
235,0040,page0040.clip,720,4320,648,4488,-72,168,0.08241753472222223,9385,7468,23.19172779370773,0.5439559987034372,9.672674894332886,0.5115189811081061,1.1944601995370938
236,0032,page0032.clip,1440,5040,1464,4944,24,-96,0.07015190972222222,1871,5697,27.664317754691904,0.4939618552027029,8.869906067848206,0.61911370022799,1.1911190226262653
237,0032,page0032.clip,3600,5040,3528,4920,-72,-120,0.012352430555555556,1354,3764,15.53557243743308,0.5138414255074182,9.703026294708252,0.698130744374784,1.1871064640952675
238,0023,page0023.clip,2880,3600,2960,3792,80,192,0.04624565972222222,4949,8857,23.290507635197656,0.4936687112183858,9.518176794052124,0.7746478973972891,1.1844265151993354
239,0023,page0023.clip,0,3600,96,3408,96,-192,0.0123828125,1979,2528,12.408862177183371,0.5278532074581642,9.09019136428833,0.4453462729760109,1.177504782813964
240,0012,page0012.clip,1440,5760,1616,5944,176,184,0.07330729166666666,3510,8161,29.787080710184966,0.5328956853128217,10.152952432632446,0.6790963114199732,1.1771649891735976
241,0027,page0027.clip,3600,5760,3760,5952,160,192,0.03599392361111111,3565,6026,22.56477127877386,0.5340962322580336,10.54526162147522,0.7539863524243916,1.1646179189346375
242,0020,page0020.clip,2880,720,2992,632,112,-88,0.032556423611111114,2222,3688,30.41178821175848,0.5393206640966915,10.571123123168945,0.7271124029049191,1.1640686181736037
243,0009,page0009.clip,3600,5040,3776,4992,176,-48,0.0263671875,2208,6196,32.09258627127038,0.5442078838220523,9.584748983383179,0.4484349889642322,1.1628376136050114
244,0037,page0037.clip,1440,2160,1576,2352,136,192,0.14807291666666667,9858,19600,61.602245499827625,0.49563289178651393,8.939884662628174,0.5834057466557245,1.1569121237315145
245,0008,page0008.clip,1440,0,1312,0,-128,0,0.012973090277777778,932,1841,15.266165121799308,0.5536709537716212,10.156786441802979,0.5135557375382117,1.1478420705280796
246,0004,page0004.clip,1440,4320,1624,4408,184,88,0.020872395833333335,1336,1794,19.11402240604424,0.47382548228609106,8.81549882888794,0.6745841782460146,1.145694988249679
247,0025,page0025.clip,1440,4320,1392,4256,-48,-64,0.027730034722222224,3636,4026,26.9458363876518,0.5024527867433988,9.78835391998291,0.7307370291550752,1.139182773044472
248,0005,page0005.clip,4481,2160,4449,2336,-32,176,0.01761284722222222,2083,1304,12.330577792235912,0.5704328700698076,9.918826222419739,0.33208338294723194,1.1340658122228757
249,0002,page0002.clip,2160,2880,2144,2760,-16,-120,0.057664930555555556,6782,11400,43.26455983461034,0.4830741327106787,9.247420310974121,0.7055494867108689,1.1303261907272648
250,0020,page0020.clip,720,720,792,648,72,-72,0.03700954861111111,2874,4253,28.45079982744402,0.5055411767730169,9.925413131713867,0.726812041777896,1.1240728909446278
251,0027,page0027.clip,1440,1440,1592,1424,152,-16,0.031727430555555554,1618,3175,17.37754593672904,0.48659712308166747,8.77878475189209,0.5365481635330978,1.1064671958563972
252,0032,page0032.clip,0,720,64,816,64,96,0.027061631944444445,1073,3177,17.655142527507913,0.5037134353899375,8.356101870536804,0.3189641596528905,1.1025181305646392
253,0005,page0005.clip,2160,2880,2240,2992,80,112,0.10389322916666667,7080,10970,30.647761595219404,0.4984281795421148,10.223560333251953,0.8176213664345787,1.1015259242078468
254,0025,page0025.clip,720,3600,712,3536,-8,-64,0.02829861111111111,3190,5677,37.96105933033653,0.5076047209681637,9.611227750778198,0.596034442474613,1.092605608664869
255,0023,page0023.clip,720,3600,880,3776,160,176,0.04071180555555556,3831,4968,24.085135423818564,0.489790531996949,9.906121253967285,0.7729904662237513,1.0861207821702887
256,0020,page0020.clip,720,5040,744,5056,24,16,0.040026041666666665,3287,4250,24.057669843493485,0.5193019872101651,10.544232845306396,0.7480141984007572,1.086074725710152
257,0001,page0001.clip,2880,2880,2976,2880,96,0,0.06697916666666667,8785,12722,45.142444432188796,0.5174132079280532,9.746670246124268,0.5549173500818345,1.0816658704808804
258,0025,page0025.clip,720,2880,696,2792,-24,-88,0.020694444444444446,1724,3183,31.90637101062471,0.49911306325787674,10.149766206741333,0.7602354086082523,1.073800401827719
259,0016,page0016.clip,4320,1440,4392,1600,72,160,0.01228298611111111,915,2646,23.97905996896737,0.48883022079879973,8.630705952644348,0.4360616072993154,1.066859199304581
260,0031,page0031.clip,2880,2880,3000,3072,120,192,0.020147569444444444,1997,6191,20.194996647001638,0.48117129478055903,8.795436382293701,0.5179314824859882,1.0611143834328454
261,0020,page0020.clip,2160,3600,2256,3536,96,-64,0.09637152777777777,8671,9369,34.50781882001073,0.4837948450577215,9.83747911453247,0.7465536498442619,1.048721322257523
262,0026,page0026.clip,2880,1440,2816,1320,-64,-120,0.09163628472222222,6402,6625,24.95263277282712,0.5123096830061262,10.357337474822998,0.6978659314980602,1.0483736652644797
263,0040,page0040.clip,4320,2160,4168,2336,-152,176,0.017408854166666668,2372,3725,18.644893200470204,0.516427312489111,9.732157230377197,0.5142227589581333,1.0470833235366224
264,0020,page0020.clip,2160,2880,2208,2720,48,-160,0.04084201388888889,4186,4349,22.492828678825354,0.5052694023447699,9.719004154205322,0.574704244987988,1.0423095768731756
265,0001,page0001.clip,2880,4320,2968,4368,88,48,0.06671006944444445,7063,11273,43.113465257906,0.4773038468332804,9.819310665130615,0.7739020077945172,1.0417787073758928
266,0005,page0005.clip,720,2880,896,3072,176,192,0.047026909722222225,4456,5241,17.228054703560893,0.5141349124635091,10.254706859588623,0.6513271312677938,1.0407948954140558
267,0011,page0011.clip,0,720,176,912,176,192,0.028645833333333332,1815,2623,14.129613150856589,0.5450502683815478,10.935117244720459,0.6247819910702532,1.0380534858198496
268,0032,page0032.clip,2160,6480,2120,6312,-40,-168,0.013129340277777778,935,4551,28.620348713478183,0.4824441860362162,9.67992639541626,0.6951502562579194,1.0323558561041644
269,0027,page0027.clip,1440,4320,1608,4512,168,192,0.05776041666666667,4836,6625,31.01431840265962,0.47517395677251173,9.479612350463867,0.6862269738059267,1.0289288928145264
270,0027,page0027.clip,0,5040,192,5232,192,192,0.04595486111111111,7540,9557,29.0316744967286,0.4907611538564295,9.991485595703125,0.7166928797260901,1.0288629539223941
271,0016,page0016.clip,2160,720,2096,912,-64,192,0.11920138888888888,6785,10271,36.36596959879966,0.47048487319112525,9.202430248260498,0.6431047873922161,1.0264221462172998
272,0009,page0009.clip,2880,720,2912,728,32,8,0.04715277777777778,5890,9290,24.72183333472125,0.49798669066760326,10.288053512573242,0.7352753557766228,1.0205430354446658
273,0040,page0040.clip,720,5760,632,5920,-88,160,0.03452690972222222,3538,4014,16.49195198800419,0.510030606894175,10.714051246643066,0.7500365628266932,1.0073720354036162
274,0020,page0020.clip,720,5760,792,5664,72,-96,0.024375,1618,3549,31.12373954673522,0.4753042121379813,9.82463002204895,0.7387385037399943,1.0025858592721117
275,0004,page0004.clip,720,720,880,912,160,192,0.07046875,5980,8194,44.601351181932394,0.45510557454249984,9.38265085220337,0.7426070264874808,0.9930833234618098
276,0005,page0005.clip,0,3600,192,3768,192,168,0.010525173611111112,1604,3025,12.215654243204146,0.5026784022598481,9.337105751037598,0.43139835808157423,0.9910895475569801
277,0025,page0025.clip,2880,1440,2824,1376,-56,-64,0.025924479166666667,2004,2228,25.691317764881074,0.502145945210355,9.730611085891724,0.532572948061366,0.9906658673225233
278,0002,page0002.clip,1440,2880,1384,2728,-56,-152,0.052022569444444444,4736,8324,43.468121296886885,0.46146900772532723,9.406283378601074,0.704630509271282,0.989792770323447
279,0014,page0014.clip,0,4320,128,4344,128,24,0.018741319444444446,1270,1786,15.797793591750278,0.5471003680493385,11.112531661987305,0.5871165810108576,0.9826887726579173
280,0012,page0012.clip,0,5760,64,5768,64,8,0.024171006944444445,4239,3776,18.015330314172402,0.48547343655082736,8.78429388999939,0.3729707309801136,0.9688849895383498
281,0010,page0010.clip,2160,5040,2344,5232,184,192,0.033077256944444446,2433,3533,18.670091685563424,0.45442009338467837,9.114177227020264,0.6354330815961738,0.9576114867962783
282,0015,page0015.clip,4320,2160,4304,2352,-16,192,0.022183159722222224,960,2210,12.829573788516793,0.5434919833354375,10.474025249481201,0.4121688175235687,0.9523899207998019
283,0015,page0015.clip,4481,2160,4465,2352,-16,192,0.022183159722222224,960,2210,12.829627712071048,0.5434919833354375,10.474025249481201,0.4121688175235687,0.9523899207998019
284,0001,page0001.clip,2160,2160,2216,2136,56,-24,0.03493489583333333,3972,6800,41.10009450454758,0.5157646963742715,10.85038423538208,0.6768752413898,0.9502468279067814
285,0009,page0009.clip,2880,2160,2856,2152,-24,-8,0.030299479166666667,4072,8678,26.74404309732878,0.5106665103675403,10.779372692108154,0.688331948335797,0.948123572084708
286,0016,page0016.clip,1440,3600,1248,3440,-192,-160,0.06366753472222222,4965,12003,29.808979202622073,0.48039539169723156,8.752526998519897,0.3638879611352463,0.9425819276903753
287,0038,page0038.clip,1440,2160,1480,2120,40,-40,0.061614583333333334,5785,12360,40.5183411011006,0.46558007411796876,9.91632342338562,0.747067924126595,0.9422900252139957
288,0001,page0001.clip,0,4320,0,4416,0,96,0.04911024305555556,5094,10186,40.96443138195078,0.47737594729856964,9.1240816116333,0.474086145836094,0.941332330835063
289,0023,page0023.clip,3600,3600,3632,3792,32,192,0.04529513888888889,2698,5170,17.5961561556955,0.469641572508786,9.846158981323242,0.7020799103189684,0.9406399945344561
290,0001,page0001.clip,720,3600,656,3704,-64,104,0.05816840277777778,7220,5362,34.39069577833903,0.4813188929504228,9.782246828079224,0.6101279564779004,0.9382474643185894
291,0008,page0008.clip,1440,2160,1392,2048,-48,-112,0.04924045138888889,3984,12605,32.42332698588934,0.4817566090107665,10.208790302276611,0.7112151390190344,0.9359970958137377
292,0023,page0023.clip,2160,5760,2256,5864,96,104,0.031440972222222224,2871,8424,25.10121986442188,0.47792630716225937,10.304165840148926,0.7556942035858708,0.9333537306502081
293,0008,page0008.clip,1440,2880,1352,2736,-88,-144,0.09845052083333333,7629,13008,34.48748184576191,0.45694387745512155,9.714884757995605,0.7386722045741189,0.932680199335782
294,0038,page0038.clip,4320,1440,4144,1608,-176,168,0.01982204861111111,2179,1314,12.746634797807621,0.5660897369484285,10.535711288452148,0.25985737387465846,0.931192326151439
295,0017,page0017.clip,720,720,632,688,-88,-32,0.025173611111111112,1271,1321,14.533906397602097,0.47665291938366905,9.602704524993896,0.5789784303596731,0.9259064362073046
296,0025,page0025.clip,3600,720,3504,912,-96,192,0.01001736111111111,663,1526,19.29798802452203,0.4721758340922033,8.573315858840942,0.34375436284864314,0.9212194889717424
297,0008,page0008.clip,3600,720,3464,528,-136,-192,0.02378472222222222,3398,3515,28.95375967411146,0.5204665254267926,9.242693424224854,0.2014252852519052,0.9149341704905165
298,0009,page0009.clip,2880,5040,2960,5064,80,24,0.06321614583333333,6296,10923,35.50638635061609,0.5015516323136388,10.943073749542236,0.7360321833025637,0.9079691583017977
299,0020,page0020.clip,3600,2160,3664,2056,64,-104,0.0591015625,8696,10959,41.60390920179281,0.4761213098048214,10.383301734924316,0.7527626482831834,0.9061563206657905
300,0020,page0020.clip,720,0,784,192,64,192,0.019605034722222223,1231,2742,20.167383311989248,0.47480606600156405,8.849535942077637,0.3730625759533903,0.9025732023550053
301,0006,page0006.clip,3600,1440,3760,1560,160,120,0.03072482638888889,2135,5461,24.39696656559255,0.46478699889989444,9.332786321640015,0.5464988911627702,0.8945768431016852
302,0038,page0038.clip,3600,5040,3488,4888,-112,-152,0.013580729166666666,1674,3622,24.59683709476179,0.4961712226003074,9.859936356544495,0.4733153100927612,0.8875210897668466
303,0019,page0019.clip,2160,720,1984,736,-176,16,0.030807291666666667,3558,5102,27.43556045448277,0.4723113270839318,10.387789726257324,0.7498673608310039,0.8838925788329973
304,0019,page0019.clip,1440,5760,1248,5856,-192,96,0.13866753472222224,3623,5905,34.879274612869146,0.465543776788381,10.17251443862915,0.7338117369259046,0.8802653857567987
305,0001,page0001.clip,2160,1440,2208,1424,48,-16,0.04956597222222222,4579,9523,41.973705325575075,0.4783374343580215,10.252440452575684,0.6712589056825896,0.8782062058210425
306,0020,page0020.clip,2880,5040,2912,4984,32,-56,0.074765625,10454,6528,25.932100801570144,0.4806345024711789,10.436592817306519,0.6992325962140213,0.8752400258658077
307,0028,page0028.clip,0,2160,160,2344,160,184,0.028723958333333334,3166,3811,20.49618500165373,0.47177838318006715,10.067452430725098,0.6463863562363122,0.8625105147443659
308,0029,page0029.clip,1440,4320,1560,4384,120,64,0.015855034722222223,1334,2058,20.754944503429396,0.530420884389984,11.699713706970215,0.6863399510386594,0.8612336413868042
309,0040,page0040.clip,2880,5760,2768,5920,-112,160,0.019578993055555556,2114,3474,14.197469560572795,0.4706413465863475,10.038881063461304,0.6355632812605629,0.8538811452479271
310,0028,page0028.clip,0,2880,176,2992,176,112,0.01965277777777778,4996,6258,26.018919179534688,0.4704469465381622,10.124295234680176,0.6522679365803715,0.8491900350190733
311,0028,page0028.clip,3600,3600,3464,3456,-136,-144,0.021493055555555557,2845,6051,20.42666948735124,0.5027132844835986,10.243133544921875,0.4800794561058579,0.8490032783183041
312,0020,page0020.clip,4320,2160,4208,2136,-112,-24,0.0117578125,1843,1045,12.269229402529575,0.5176778637143081,11.578201055526733,0.7172551273556557,0.8465532093507184
313,0031,page0031.clip,2880,3600,2992,3792,112,192,0.04554253472222222,2023,9155,27.68659536452345,0.47760744161582497,9.416552782058716,0.4198870094930794,0.8406362592618452
314,0015,page0015.clip,720,2160,832,2128,112,-32,0.046545138888888886,3862,1733,30.13963964820738,0.5045627512867598,9.565974473953247,0.2883026903827336,0.8402610139493364
315,0018,page0018.clip,3600,4320,3792,4352,192,32,0.04497829861111111,4878,15187,29.856977555240434,0.470911717520982,9.73796033859253,0.5364013650905661,0.836087611958857
316,0008,page0008.clip,0,4320,0,4128,0,-192,0.015338541666666667,1027,2895,17.499404150313747,0.5006436187395312,10.319064378738403,0.49414903140887634,0.8347244430770768
317,0005,page0005.clip,2160,2160,2256,2344,96,184,0.03924045138888889,2832,5983,22.210895609912097,0.4903532725332143,10.620340347290039,0.6309012313765027,0.8324192783092655
318,0001,page0001.clip,1440,2880,1472,2856,32,-24,0.07241319444444444,4918,10728,49.479734069833874,0.47175984663905857,10.372333526611328,0.6828200026321646,0.8305885299787588
319,0019,page0019.clip,720,2160,528,2168,-192,8,0.039288194444444445,3959,5597,33.657490067276754,0.48562449628830523,11.058192729949951,0.7618064877567715,0.8259291256569532
320,0007,page0007.clip,4320,720,4256,912,-64,192,0.023042534722222223,3123,6617,17.87395542041372,0.4875135059839751,9.400469303131104,0.33515919410504763,0.825601024577693
321,0008,page0008.clip,720,720,616,656,-104,-64,0.027569444444444445,6117,5544,27.59518263533573,0.5115919020058814,10.138503074645996,0.3636822274356395,0.8212046770487197
322,0035,page0035.clip,2880,5040,2952,5232,72,192,0.0554296875,2682,6615,21.558549971888926,0.47672876979973483,10.219623565673828,0.5929642921717707,0.8140905696013252
323,0025,page0025.clip,1440,1440,1424,1464,-16,24,0.018298611111111113,1614,1173,14.734222401931095,0.4917895441488385,10.5050048828125,0.5691294062261337,0.8132502691625993
324,0006,page0006.clip,0,2880,144,2896,144,16,0.05688802083333333,6407,3555,33.372064815774266,0.4802838979301674,10.17004919052124,0.5558402133625473,0.8120818222366268
325,0008,page0008.clip,0,5040,0,5016,0,-24,0.025503472222222223,978,2594,16.327681214708605,0.4344520716409901,8.416268110275269,0.4006410620503203,0.8095195857901532
326,0001,page0001.clip,3600,4320,3664,4304,64,-16,0.054774305555555555,6122,7788,25.02669861688676,0.4811195442612549,10.684815406799316,0.6724265769542301,0.8065759015097952
327,0007,page0007.clip,0,5040,48,5168,48,128,0.02115017361111111,4350,2485,12.186371236902767,0.5097168814366546,11.136747360229492,0.6060734890365406,0.8060937263666067
328,0015,page0015.clip,720,5040,896,5168,176,128,0.045564236111111114,2780,6703,27.80524529133854,0.5132463817439817,11.778979778289795,0.7357684258394791,0.799050693733533
329,0025,page0025.clip,1440,0,1408,8,-32,8,0.022052951388888888,2295,2520,24.177076182400505,0.49378757515030064,11.041499614715576,0.6714444665896852,0.7977935260801359
330,0015,page0015.clip,3600,1440,3792,1464,192,24,0.02830295138888889,1421,4915,27.86581684295834,0.451973059478778,9.762776374816895,0.6054171176997046,0.7916437165902748
331,0039,page0039.clip,2160,4320,2352,4488,192,168,0.02298611111111111,1440,4830,29.915936373411693,0.47809951693468117,9.988964319229126,0.4967828641186385,0.7901310121224915
332,0023,page0023.clip,2880,2160,2992,2256,112,96,0.04858940972222222,4322,6415,20.80681872669185,0.49289446303290063,10.279186248779297,0.47239604481309083,0.7865519012591164
333,0026,page0026.clip,720,720,616,680,-104,-40,0.028880208333333334,1987,4258,29.381374831781024,0.4643969960886522,10.203174352645874,0.6312492300373276,0.7863494939439482
334,0005,page0005.clip,1440,3600,1568,3792,128,192,0.039388020833333336,3475,4622,22.146757451604003,0.4547331299694298,10.660475730895996,0.7969054196859195,0.779094839416685
335,0032,page0032.clip,3600,720,3520,840,-80,120,0.04138454861111111,6508,8635,25.209565040781964,0.4827836544019085,11.333810806274414,0.7898070913360008,0.7790017838234606
336,0025,page0025.clip,1440,3600,1392,3528,-48,-72,0.029796006944444446,4859,4506,28.198721908972193,0.46200724110338576,9.871403217315674,0.5510604368843783,0.7766039115612968
337,0005,page0005.clip,1440,0,1488,136,48,136,0.017491319444444445,1112,1704,12.561410317575696,0.4655481926625342,10.298066139221191,0.628106400113428,0.770612855559175
338,0015,page0015.clip,2880,3600,3064,3736,184,136,0.04509548611111111,3331,4766,25.593454538477353,0.49954926487138107,11.629733562469482,0.7457803674602203,0.7684239058311849
339,0028,page0028.clip,2160,5040,2304,5208,144,168,0.030542534722222223,4251,7092,19.30813255881963,0.45920679365158296,10.308733701705933,0.6676320246851135,0.7683928476648191
340,0020,page0020.clip,2160,5760,2256,5696,96,-64,0.054040798611111114,4086,5609,29.154777559046597,0.4889063899666587,11.158197402954102,0.6904509310830593,0.7652532141089204
341,0040,page0040.clip,3600,1440,3496,1632,-104,192,0.03769097222222222,6902,7450,25.111315826450273,0.48319191155490204,11.113443374633789,0.7124808678124184,0.763255577097687
342,0025,page0025.clip,0,4320,64,4264,64,-56,0.03634548611111111,2318,3152,27.121543394348052,0.442528017608432,10.439451217651367,0.7970223787064725,0.7623677474770647
343,0029,page0029.clip,2160,2880,2240,2920,80,40,0.025846354166666665,3391,6535,29.614668793782947,0.4620093872139376,10.570451974868774,0.7020753528509813,0.7576168233767179
344,0019,page0019.clip,720,3600,544,3608,-176,8,0.029058159722222223,2484,3020,24.96081761136801,0.48076357766088645,11.108089923858643,0.7091007137397594,0.749480474524511
345,0012,page0012.clip,3600,5040,3720,5016,120,-24,0.02615451388888889,1409,3818,28.028385898936772,0.44955993402291455,10.470885753631592,0.7381507342897009,0.7441431068200153
346,0002,page0002.clip,1440,3600,1488,3704,48,104,0.03648003472222222,4034,4293,29.596026117292542,0.4900868365460577,11.62197494506836,0.7692017711260598,0.7414006106174644
347,0008,page0008.clip,2880,1440,2816,1312,-64,-128,0.060386284722222225,5508,9469,36.13830718950398,0.4597028356222309,10.540600299835205,0.6701426138658351,0.7265082092367816
348,0025,page0025.clip,1440,720,1264,760,-176,40,0.13866753472222224,10813,12493,42.90370250375619,0.4608806959091625,10.613414764404297,0.6755694068781297,0.7221760521674571
349,0008,page0008.clip,720,1440,576,1368,-144,-72,0.03340277777777778,2908,3973,27.027380760731724,0.4972206683628796,10.69758152961731,0.46316386197826775,0.7171181254735501
350,0016,page0016.clip,1440,1440,1536,1288,96,-152,0.10995225694444444,7610,11247,44.377393388248336,0.4740182676522053,10.684858322143555,0.5977740040186129,0.7113388770472056
351,0019,page0019.clip,1440,2160,1264,2184,-176,24,0.041905381944444445,3573,4992,27.473875069976174,0.4309932529796901,10.031654834747314,0.7000546195188513,0.7086789935640688
352,0031,page0031.clip,720,5040,896,5200,176,160,0.06154513888888889,3599,3240,14.618911781700634,0.44100861582925793,9.721848964691162,0.5586999045910803,0.7076332098809217
353,0009,page0009.clip,2160,5040,2152,5088,-8,48,0.067421875,3925,8197,30.831291649271364,0.44820110266982155,10.871947765350342,0.7970452140197553,0.7042521314948433
354,0039,page0039.clip,3600,5760,3632,5944,32,184,0.044561631944444444,2447,2852,23.111583284675156,0.4778865092810762,11.453068256378174,0.7560406670995844,0.7036514288094136
355,0011,page0011.clip,4320,5760,4328,5744,8,-16,0.053936631944444445,429,1862,10.963837777899329,0.4909199760526841,10.791961789131165,0.4996934550685852,0.6959622864920554
356,0015,page0015.clip,2160,5040,2320,5176,160,136,0.07093315972222222,4877,10381,41.05702890336098,0.4634676821788897,10.923054456710815,0.7017861695138634,0.694156455163376
357,0001,page0001.clip,2880,5040,2952,5056,72,16,0.07642361111111111,6684,9039,44.74227321425185,0.4622015329603688,10.663095951080322,0.6444053448356909,0.6939127504543319
358,0026,page0026.clip,720,2160,656,2208,-64,48,0.02993923611111111,2373,4040,30.895673587206588,0.47185530164563394,11.070441007614136,0.6717852692484253,0.6826165221040829
359,0020,page0020.clip,1440,0,1392,120,-48,120,0.02717013888888889,5324,2504,16.961105773349065,0.46086830881607593,10.275245666503906,0.5359874990239908,0.678082409998791
360,0008,page0008.clip,2160,720,2032,640,-128,-80,0.043546006944444444,5141,10406,32.27880562673231,0.46077020144447256,10.49788522720337,0.5911894702175549,0.677225537955733
361,0001,page0001.clip,2880,3600,2968,3600,88,0,0.04537326388888889,3855,5955,41.98237249438428,0.4774751261445457,11.537004470825195,0.7417558353875334,0.6733794048677159
362,0033,page0033.clip,1440,2880,1584,3072,144,192,0.052960069444444445,7490,7996,23.30414536433452,0.46579849280582375,10.398643493652344,0.5240338361740117,0.6684908342378592
363,0011,page0011.clip,3600,5760,3488,5944,-112,184,0.07542100694444444,1245,2014,11.453208860391944,0.4805029186062903,11.214561462402344,0.6327119373944484,0.6657718504665415
364,0001,page0001.clip,720,1440,728,1424,8,-16,0.08885416666666666,7652,7020,36.1428866639307,0.45952370852057284,10.990696430206299,0.7036101641489927,0.6623673878807986
365,0019,page0019.clip,2160,4320,1992,4344,-168,24,0.06341579861111112,3079,6274,33.6485629100218,0.43991942547339363,10.88246774673462,0.7979574272173824,0.6614695197939505
366,0027,page0027.clip,2160,4320,2304,4496,144,176,0.030516493055555555,1783,4204,17.624424218885387,0.486447412719187,11.78149938583374,0.7293098700482538,0.6593850824677899
367,0031,page0031.clip,2160,720,2280,912,120,192,0.062200520833333335,7676,7673,20.155583028635586,0.46534173589443606,10.046913623809814,0.42204604998528084,0.6549627946984421
368,0008,page0008.clip,2160,5760,2176,5616,16,-144,0.014513888888888889,1942,5696,20.178851129847214,0.448481831757093,10.138738632202148,0.5424743590900833,0.648640919617102
369,0018,page0018.clip,2880,720,2784,712,-96,-8,0.07709635416666667,10086,12363,42.856925011020834,0.4460009443678877,10.849440097808838,0.732660568485712,0.6462451570662406
370,0016,page0016.clip,1440,720,1488,832,48,112,0.10427083333333333,11913,13723,36.94649857463406,0.45514627480362096,11.17526912689209,0.7541062378191258,0.6439625388949873
371,0036,page0036.clip,4320,2160,4296,2264,-24,104,0.033953993055555555,2543,5411,21.215820974019813,0.48135172558081496,10.799942970275879,0.49576031222237643,0.6433782836268
372,0040,page0040.clip,720,2160,640,2344,-80,184,0.04039496527777778,3839,5707,23.156746511194033,0.47361406915951937,10.497101783752441,0.45719674515609277,0.6344073851719824
373,0005,page0005.clip,0,5760,184,5888,184,128,0.03080295138888889,3195,4963,15.976836718301529,0.46588900704837244,10.644400596618652,0.5215844609843588,0.6178324847056187
374,0009,page0009.clip,720,5760,720,5760,0,0,0.028723958333333334,1475,2158,20.186472389696473,0.427412502514347,10.17847990989685,0.6447013403881158,0.6171276029028574
375,0025,page0025.clip,3600,3600,3456,3536,-144,-64,0.025651041666666666,962,4777,24.843287415983642,0.4558701143109497,9.54880440235138,0.3046307549267666,0.6132942950258857
376,0022,page0022.clip,3600,2160,3776,2352,176,192,0.0592578125,7619,11473,29.221360520420767,0.4522244181063241,10.341516017913818,0.5126994132901105,0.602978417580945
377,0029,page0029.clip,0,2160,152,2208,152,48,0.04837239583333333,3327,4129,37.34198251453741,0.41088330569005144,10.302029132843018,0.759706838268444,0.6017761724964088
378,0008,page0008.clip,2880,720,2816,616,-64,-104,0.06365017361111111,8367,13685,36.17292049168754,0.4594372467925496,11.04825496673584,0.6363619415452907,0.5966247938518124
379,0020,page0020.clip,3600,720,3744,608,144,-112,0.04687065972222222,4302,7278,39.2010143252945,0.4417394189888822,11.302406787872314,0.8076782185937691,0.5943583122449634
380,0035,page0035.clip,2880,5760,3024,5944,144,184,0.04955295138888889,2010,4460,22.412288983610768,0.46592874549459246,10.76285696029663,0.5170119293662344,0.5906818789066235
381,0004,page0004.clip,2160,1440,2248,1632,88,192,0.03228732638888889,2399,4569,27.444855087932197,0.44703430123314036,10.692866086959839,0.6165317746799335,0.5898237085176803
382,0002,page0002.clip,720,4320,672,4256,-48,-64,0.05293402777777778,3680,9453,41.85974546796078,0.43589859268513104,10.943929672241211,0.7449369960158718,0.5866566257901104
383,0025,page0025.clip,2160,2160,2176,2080,16,-80,0.03185329861111111,3307,3206,32.43595543758897,0.4886494874760603,11.216639041900635,0.47920240737175224,0.5832815548975759
384,0022,page0022.clip,1440,4320,1336,4136,-104,-184,0.03861979166666667,4895,2139,14.235243187635085,0.4879280993657393,11.54608941078186,0.5634813601364025,0.581207702781446
385,0028,page0028.clip,720,4320,904,4512,184,192,0.042782118055555554,2997,5065,26.15355803680092,0.4275162284894421,10.766853332519531,0.7429523866142079,0.5785723852346703
386,0019,page0019.clip,3600,2880,3424,2960,-176,80,0.054375,5230,7385,35.271477659296266,0.462398180630489,11.580531597137451,0.7204530786555254,0.5722470466493752
387,0008,page0008.clip,2160,2880,2112,2736,-48,-144,0.09578559027777778,7840,10984,32.85551441961764,0.43974140502482284,11.134257316589355,0.746595338683007,0.5691318327526486
388,0023,page0023.clip,2160,2160,2264,2352,104,192,0.053372395833333336,5541,9735,28.081095239464762,0.431958564779097,10.899771690368652,0.7287615826627328,0.5628477519519407
389,0001,page0001.clip,3600,5040,3664,4872,64,-168,0.06831163194444445,10196,13497,49.54638920924967,0.449645696665699,10.740078449249268,0.5775511273328099,0.5622536953448889
390,0029,page0029.clip,2880,2160,2872,2312,-8,152,0.0170703125,2052,4451,27.526053472218322,0.4276468974696807,10.615830898284912,0.6765472955881182,0.5563061441619157
391,0027,page0027.clip,2880,5760,2928,5952,48,192,0.06720052083333333,4028,7465,27.49127333354546,0.4451550385212451,11.424326419830322,0.7650945809760913,0.5529855734210344
392,0031,page0031.clip,2880,720,2912,600,32,-120,0.056519097222222224,6078,6101,17.834795130056925,0.4447291781778872,11.247838497161865,0.7228896929348145,0.5523899458049143
393,0033,page0033.clip,720,3600,896,3704,176,104,0.03505642361111111,3702,7309,27.92103618166158,0.47066877857828304,11.097019672393799,0.5209554344554455,0.5507043059770116
394,0019,page0019.clip,4320,720,4168,752,-152,32,0.09521267361111112,3162,4823,29.479227534513367,0.43667056686270284,11.011512279510498,0.7088844978637822,0.5481579767024402
395,0015,page0015.clip,720,1440,832,1552,112,112,0.09827256944444444,3150,3314,34.95088427820452,0.44931361489353966,10.602825164794922,0.5197615697362159,0.5418122972976864
396,0019,page0019.clip,3600,2160,3408,2168,-192,8,0.08126736111111112,7226,6467,30.70013760304885,0.4304774734224912,11.2767972946167,0.8053778006472733,0.5413301487069346
397,0019,page0019.clip,720,1440,552,1456,-168,16,0.07334201388888889,6120,7540,30.84115360505361,0.4451691123238444,11.669625282287598,0.8093490343311848,0.53939973262665
398,0025,page0025.clip,3600,2160,3576,2088,-24,-72,0.016223958333333333,1441,3384,36.37495338178621,0.4691147943644397,11.04653811454773,0.5004605488908339,0.5366347880253197
399,0019,page0019.clip,2160,3600,2000,3648,-160,48,0.021041666666666667,2056,4731,24.73835321799194,0.44358008077095396,11.525777339935303,0.7790386580027493,0.5359758622699086
400,0002,page0002.clip,2160,2160,2176,2080,16,-80,0.03665798611111111,6131,7294,35.202323005362146,0.4507563636689998,11.30364465713501,0.6785348793373105,0.5358807903878453
401,0029,page0029.clip,0,1440,168,1528,168,88,0.04032118055555556,2902,4670,39.99413045600787,0.43453823158642413,10.730222702026367,0.6340699189345606,0.5339025526744954
402,0010,page0010.clip,2160,5760,2144,5944,-16,184,0.017352430555555555,1119,3068,19.538406336898408,0.4443565775461067,10.546467065811157,0.5265312326842444,0.5337144607156976
403,0016,page0016.clip,1440,0,1512,176,72,176,0.03128038194444444,3498,3702,19.521724036813435,0.49287600010902166,10.980444431304932,0.327315287979114,0.5301433446674131
404,0009,page0009.clip,720,2160,736,2200,16,40,0.030516493055555555,2088,4494,19.771530847287636,0.48240931225749323,11.29247522354126,0.4626016143487021,0.5236328080581756
405,0012,page0012.clip,0,5040,192,5176,192,136,0.08323350694444444,7593,9655,32.01032227899507,0.416553569877751,10.888054370880127,0.7672180732179934,0.5189314337871243
406,0001,page0001.clip,720,4320,744,4336,24,16,0.04338107638888889,4688,8556,40.948980574503565,0.4334944422015994,11.451314926147461,0.7992869125892383,0.5166387558498952
407,0028,page0028.clip,720,1440,832,1328,112,-112,0.08337239583333333,7609,11302,36.75917082019743,0.42899005829014936,10.911769390106201,0.6924581359312697,0.5165629221745224
408,0010,page0010.clip,1440,2880,1408,3072,-32,192,0.015147569444444444,1890,3900,16.421297367461946,0.43238281720866373,10.607333660125732,0.5926522735213702,0.5145691728352682
409,0006,page0006.clip,3600,2880,3712,2952,112,72,0.06111545138888889,3406,10493,30.603422886915713,0.441200050414554,11.04287314414978,0.6410533511178573,0.5102683041370999
410,0001,page0001.clip,2160,4320,2224,4312,64,-8,0.05762152777777778,5285,6708,36.753512565916196,0.4324885304354175,10.872138977050781,0.6496950779949421,0.5077709191628846
411,0029,page0029.clip,2160,5760,2328,5792,168,32,0.053198784722222225,4404,5828,38.414243562077175,0.46427120484802026,11.777216911315918,0.6703714947054816,0.502209837741303
412,0025,page0025.clip,3600,2880,3568,2800,-32,-80,0.04673177083333333,3392,6426,37.764166060829794,0.478954511104644,11.708231925964355,0.5602563998420408,0.5013312902039814
413,0028,page0028.clip,720,2160,912,2296,192,136,0.06692274305555555,7120,9053,33.023325116938835,0.42152881220513766,11.216585159301758,0.7856212728699181,0.4928240474612712
414,0029,page0029.clip,3600,2160,3736,2216,136,56,0.0480078125,4245,6734,31.939216685482407,0.44526332820848313,11.297025680541992,0.650709762262258,0.4874793147438238
415,0035,page0035.clip,2880,4320,3008,4512,128,192,0.053376736111111114,4887,8800,25.787420722800533,0.438006224390159,11.157310485839844,0.6598531464313536,0.4864515419279092
416,0021,page0021.clip,1440,720,1560,816,120,96,0.08019097222222223,4092,7985,38.65704522064845,0.43625545000152643,11.634315013885498,0.7883275933073486,0.48507632187641114
417,0033,page0033.clip,3600,3600,3672,3792,72,192,0.029010416666666667,2569,3502,18.158131349445974,0.42164103183280677,11.269614696502686,0.7877725416798679,0.4845002532073911
418,0027,page0027.clip,3600,4320,3672,4512,72,192,0.046397569444444446,4864,7091,22.912332669988967,0.4320029046140485,10.623132228851318,0.5600535205565943,0.48343089374525405
419,0029,page0029.clip,1440,2160,1528,2320,88,160,0.068359375,5902,8518,28.94467590411826,0.43212448123294256,11.37987232208252,0.7333651050631694,0.471340025798744
420,0009,page0009.clip,1440,720,1448,744,8,24,0.015260416666666667,1591,6222,24.484582277383073,0.3977965313798977,10.66277003288269,0.7576880718435506,0.46257910779779066
421,0027,page0027.clip,2880,4320,2992,4512,112,192,0.027335069444444443,3541,7165,21.23851128744612,0.46076725355324766,11.31301498413086,0.523660315692459,0.4601615234940332
422,0037,page0037.clip,720,2880,856,3072,136,192,0.08129340277777777,8591,13822,49.52506005724714,0.41970296868009244,11.006953716278076,0.702718483543981,0.45929888698003174
423,0016,page0016.clip,720,5040,624,5200,-96,160,0.028919270833333333,1036,2752,32.97829872844062,0.4200543202243469,9.698247909545898,0.3645271100404257,0.45224370724489527
424,0014,page0014.clip,2160,5760,2336,5952,176,192,0.04012152777777778,4032,5686,20.83510321033472,0.4531368009312975,10.950619220733643,0.4677388882104482,0.44975127107811724
425,0035,page0035.clip,2160,5760,2304,5952,144,192,0.07875868055555556,3732,3169,16.984017049641615,0.4362343779154471,11.338303089141846,0.6702494505101221,0.44971083215696395
426,0040,page0040.clip,4320,2880,4176,3064,-144,184,0.0128125,1031,2170,11.395148145533769,0.45748918023906476,12.175809383392334,0.7460560702867658,0.4491288807462692
427,0023,page0023.clip,720,2880,872,3072,152,192,0.053381076388888886,5172,8890,24.90233331520259,0.39873625921034794,10.756223201751709,0.7554091459566149,0.44676397246668975
428,0013,page0013.clip,4320,5040,4240,5200,-80,160,0.018680555555555554,1619,2895,15.947485052923255,0.4767947018219818,12.017070293426514,0.5730557368570355,0.4390040399102344
429,0029,page0029.clip,3600,2880,3568,2952,-32,72,0.052825520833333334,5637,4964,41.591218444025294,0.4914967215911812,12.466115951538086,0.5799826084639451,0.42824650441944484
430,0009,page0009.clip,720,3600,736,3568,16,-32,0.01197048611111111,2527,2730,13.747930378835784,0.46673452288941325,12.296157360076904,0.6922314138922486,0.42822627354548404
431,0026,page0026.clip,1440,3600,1432,3520,-8,-80,0.04407552083333333,4050,5838,30.82998725288009,0.4228683530214372,11.460708618164062,0.7521685463510553,0.4239348785552176
432,0011,page0011.clip,2880,5040,3040,5232,160,192,0.03485243055555556,1675,3234,11.169885027459946,0.4722975114434805,11.670915126800537,0.4930833514734522,0.42177121303605647
433,0007,page0007.clip,3600,2160,3560,2248,-40,88,0.05529079861111111,2745,5134,17.22671385095547,0.4477124810413347,11.989840030670166,0.7261132140287593,0.4214849702956476
434,0026,page0026.clip,1440,1440,1400,1416,-40,-24,0.052096354166666664,4081,6389,31.918074349050713,0.43750204887803434,11.732068538665771,0.7222872916136153,0.41892636994790955
435,0026,page0026.clip,1440,2160,1440,2160,0,0,0.06259114583333333,8631,9676,40.55300681311936,0.42237443282361825,11.315398693084717,0.7075456576892158,0.4148289516525203
436,0028,page0028.clip,3600,2160,3704,2352,104,192,0.10633680555555555,3221,7248,26.10501060489972,0.4429198662752827,11.911547660827637,0.7237947581037041,0.411325605693849
437,0028,page0028.clip,1440,2880,1560,3056,120,176,0.10654079861111111,7389,12497,33.77884032633806,0.42011223164178974,11.608409404754639,0.7900523310870536,0.41092114212766384
438,0015,page0015.clip,0,5040,152,5184,152,144,0.029774305555555554,3169,1764,18.55700268202024,0.457516993345493,12.138559341430664,0.6879079119196084,0.4101994279770186
439,0008,page0008.clip,720,4320,704,4168,-16,-152,0.05001302083333333,2344,4022,15.620780096669655,0.4560361056773874,11.833606719970703,0.6158732925158192,0.40615781840545157
440,0036,page0036.clip,4320,5040,4408,5200,88,160,0.010381944444444444,1822,2785,14.56721764183678,0.43081474217462906,10.603018522262573,0.46369204853129825,0.4044236452456692
441,0015,page0015.clip,3600,6480,3536,6376,-64,-104,0.014118923611111112,414,2464,15.285614353436657,0.42882586947943213,11.052236795425415,0.5877582245300931,0.40388856793615197
442,0001,page0001.clip,720,5040,720,5136,0,96,0.10545572916666666,8431,13870,52.127414012846124,0.4596042496561916,11.428344249725342,0.48745871637717053,0.40231937143762597
443,0019,page0019.clip,2160,2880,1968,2920,-192,40,0.02784722222222222,2494,3723,22.6960847062696,0.46736208358804027,12.51224422454834,0.7007696142860055,0.39497726445933756
444,0021,page0021.clip,2880,2160,2840,2024,-40,-136,0.06970052083333333,5242,15197,42.50910594736157,0.4085468957308761,11.188941240310669,0.7353871336756747,0.3932559375327861
445,0021,page0021.clip,2880,720,3040,800,160,80,0.09411024305555556,6422,12243,39.62888546383574,0.42299617273399487,11.273321151733398,0.6660919363189065,0.3931901823784195
446,0005,page0005.clip,2880,2880,2704,2784,-176,-96,0.04677083333333333,6552,13148,41.330010313711846,0.43309761376734135,11.727293491363525,0.7112927598948567,0.38906357847988704
447,0029,page0029.clip,2160,3600,2248,3712,88,112,0.024622395833333335,2756,2983,24.1826496296874,0.4941904912398328,12.92113971710205,0.6231042671708361,0.38520792651542224
448,0015,page0015.clip,2880,0,2992,152,112,152,0.07997395833333333,1082,1903,13.822608693519356,0.4757796235486017,12.794677257537842,0.7038551640333094,0.3830467974620876
449,0019,page0019.clip,3600,5760,3424,5840,-176,80,0.12806857638888888,5680,3587,26.127194262720543,0.42230149851396964,11.82612943649292,0.7927504480821074,0.38048196373694987
450,0030,page0030.clip,3600,5040,3704,5232,104,192,0.03088107638888889,2048,4449,16.687859629156783,0.4495214551723428,11.472394943237305,0.5316353569630529,0.37843657278469556
451,0026,page0026.clip,2880,3600,2832,3520,-48,-80,0.04978298611111111,4401,9105,34.08991172688805,0.3945856693106054,11.113001108169556,0.7806556476445701,0.37485264303477195
452,0038,page0038.clip,0,2160,80,2352,80,192,0.01796875,1920,2476,22.378115757452026,0.46351006913624476,10.94098973274231,0.3068724295095761,0.3748503427404227
453,0013,page0013.clip,3600,720,3488,912,-112,192,0.03177951388888889,2285,2663,12.48521850639162,0.40615614934354827,10.308009624481201,0.5042686731941546,0.3725937603768246
454,0017,page0017.clip,2160,3600,2240,3416,80,-184,0.1333203125,8285,9841,49.88354137880978,0.42883516671554056,11.70795202255249,0.7099810246614768,0.370570248796386
455,0001,page0001.clip,1440,720,1480,656,40,-64,0.030125868055555557,2578,3171,29.136599170347843,0.45049656159930856,12.051626682281494,0.6591070649351928,0.3694431234883978
456,0038,page0038.clip,0,2880,64,3056,64,176,0.02488715277777778,2538,3329,28.860197692350905,0.48158064249387295,11.737990856170654,0.3852960193644297,0.36854185672677775
457,0017,page0017.clip,2160,4320,2008,4280,-152,-40,0.14029947916666666,7632,8996,41.31578984303377,0.46351069925728805,12.539973735809326,0.6976465493811657,0.36767598862950734
458,0034,page0034.clip,4481,5040,4409,5064,-72,24,0.010186631944444444,829,1791,12.313401877070142,0.4329434119114066,10.744102001190186,0.431086195511132,0.36076561572790156
459,0020,page0020.clip,3600,5760,3680,5736,80,-24,0.06827690972222222,9326,8808,33.877837245553245,0.40509852135097696,11.445840835571289,0.7788747330752557,0.35942422610083136
460,0036,page0036.clip,3600,5760,3744,5952,144,192,0.07656684027777778,6733,8107,27.17321840996594,0.4251691935640775,11.749219417572021,0.7191436461428127,0.35131700122023335
461,0016,page0016.clip,2160,1440,2192,1600,32,160,0.1044357638888889,6301,10486,39.194201246982836,0.42580336718115436,11.205176591873169,0.5747412324387043,0.34777450348210137
462,0019,page0019.clip,2880,5760,2736,5904,-144,144,0.13560763888888888,4919,5107,40.987650139714276,0.4407966988485139,10.479081153869629,0.2956187457690673,0.34466226008389755
463,0021,page0021.clip,720,1440,912,1632,192,192,0.019149305555555555,1024,3413,28.59871328099813,0.4115105440971161,10.403513550758362,0.4498197396321001,0.3367058020395883
464,0019,page0019.clip,1440,5040,1264,5056,-176,16,0.08176649305555556,6659,8752,43.40025802058817,0.41859287262139383,11.925375938415527,0.7839973270927486,0.33508703709806253
465,0009,page0009.clip,3600,720,3600,744,0,24,0.056480034722222225,6241,13336,24.97508299922633,0.42352221263088374,12.030318260192871,0.7779040403673521,0.33387064340972605
466,0011,page0011.clip,2880,720,2968,872,88,152,0.050269097222222225,6115,6833,21.287527380920373,0.42124827782968655,11.679163932800293,0.7016218607995919,0.3317060912280476
467,0025,page0025.clip,2160,5760,2080,5624,-80,-136,0.03556423611111111,4714,6362,22.98454451686051,0.4402896119044694,12.179351806640625,0.7049050607374939,0.32950174678421706
468,0026,page0026.clip,2880,2880,2816,2832,-64,-48,0.034817708333333336,3410,5575,33.278481484784535,0.4149626919716487,11.666301012039185,0.7236636469457174,0.3204841750069808
469,0008,page0008.clip,4320,2880,4184,2776,-136,-104,0.0116796875,4784,2876,12.465144182609912,0.4445986504581076,11.860384464263916,0.585261979380194,0.3191259429419101
470,0030,page0030.clip,4320,3600,4296,3696,-24,96,0.02749565972222222,1563,2045,11.096183989802192,0.4873413683724325,12.611777305603027,0.50489419766872,0.3182667388765329
471,0013,page0013.clip,2880,3600,2768,3792,-112,192,0.05580295138888889,5186,7912,27.82518195862601,0.4353954567956882,12.14031171798706,0.7104139841202507,0.31724612767722926
472,0026,page0026.clip,720,4320,784,4400,64,80,0.0528125,5568,3773,34.51686711336377,0.40984388280453193,10.754362106323242,0.5164795211586475,0.311530609684929
473,0005,page0005.clip,4320,4320,4312,4480,-8,160,0.03552951388888889,3471,4450,19.213256746895365,0.4176360908628214,11.94221830368042,0.7623421581519703,0.3096105200995988
474,0026,page0026.clip,1440,720,1344,640,-96,-80,0.06593315972222222,7197,10793,41.49475608884347,0.40379138032152295,11.56637191772461,0.7539129052297786,0.3088128422465156
475,0021,page0021.clip,4481,2160,4465,2320,-16,160,0.031371527777777776,1313,2260,26.221009686887577,0.44153220200747006,11.199905157089233,0.4256889061073854,0.30823110350541194
476,0013,page0013.clip,1440,720,1288,912,-152,192,0.045625,4750,7739,30.3186300511597,0.41708019479532954,11.770906448364258,0.718747626161408,0.30621778523292253
477,0031,page0031.clip,720,4320,872,4480,152,160,0.04377170138888889,1878,3579,17.271682379432473,0.45333047167201423,12.002237796783447,0.5466229982120608,0.3035031975730301
478,0022,page0022.clip,2160,4320,2344,4496,184,176,0.05649305555555555,6113,11475,29.58667153138103,0.40373183539627366,11.232344150543213,0.6635714166553077,0.3030474801969716
479,0033,page0033.clip,0,3600,184,3648,184,48,0.018485243055555555,1774,4169,20.37214855554926,0.40348104301514864,10.957629203796387,0.5926855670243495,0.30002782793594546
480,0001,page0001.clip,2160,5040,2192,5216,32,176,0.05370225694444444,4746,3071,21.947056037513452,0.41846249496791943,11.809264183044434,0.7102223785714038,0.29863754108783336
481,0035,page0035.clip,3600,5040,3680,5232,80,192,0.08452256944444445,5472,7647,28.644984735110576,0.41180142630167604,11.095168590545654,0.5711379543280666,0.29688377686170286
482,0009,page0009.clip,2880,6480,2888,6448,8,-32,0.017035590277777776,453,2956,23.120294080134045,0.36633788918736526,9.716302514076233,0.5048292897299144,0.292292374905511
483,0035,page0035.clip,3600,3600,3680,3792,80,192,0.03144965277777778,1868,3458,28.864308450683776,0.42120731341265094,11.950809478759766,0.7095742106769447,0.2835340398528573
484,0001,page0001.clip,2160,5760,2216,5736,56,-24,0.05667534722222222,3258,6012,40.659073961490044,0.42863312126470016,12.081550359725952,0.6957594218210784,0.2834630718351733
485,0027,page0027.clip,4320,5040,4480,4864,160,-176,0.040581597222222224,2500,3071,13.457040931997152,0.4453359995168346,12.686652183532715,0.7422096632523535,0.2831172914795125
486,0010,page0010.clip,3600,5040,3728,5088,128,48,0.06504340277777777,4805,8416,24.868671665852446,0.4435548817657548,12.075443744659424,0.6000791713264847,0.28274899695807676
487,0036,page0036.clip,3600,5040,3712,5216,112,176,0.052052951388888886,3950,11803,30.294065101540095,0.3931490664362369,10.707481384277344,0.5670798888856642,0.2779129664342472
488,0001,page0001.clip,1440,4320,1576,4288,136,-32,0.040924479166666666,3205,3966,26.203680668366452,0.47585156464984657,13.15121841430664,0.6578787553526503,0.27531714467002455
489,0029,page0029.clip,0,720,136,816,136,96,0.018198784722222222,1079,1611,25.68190730751976,0.4793205796581908,13.420537948608398,0.6956361303186908,0.2690042128242268
490,0029,page0029.clip,720,4320,880,4392,160,72,0.02606770833333333,2092,3181,16.896603897695684,0.48551678958940175,13.256697177886963,0.6156662395491636,0.2687775040089466
491,0035,page0035.clip,4320,3600,4240,3512,-80,-88,0.15975260416666667,1247,3503,18.181012488967284,0.4699207652464636,12.191274642944336,0.4418174495002782,0.2648028572436731
492,0015,page0015.clip,1440,3600,1608,3408,168,-192,0.029895833333333333,1430,4412,25.485900976491166,0.436796081645271,10.66120982170105,0.26351610917469703,0.2625513312259027
493,0012,page0012.clip,3600,2880,3720,3056,120,176,0.07601128472222222,3011,4529,25.750524703159844,0.4041100789671685,11.411445140838623,0.6530705786529195,0.2607178295904533
494,0029,page0029.clip,720,5760,896,5792,176,32,0.022981770833333335,1487,2967,24.170638044584813,0.424045786660041,11.712439060211182,0.6021420732308321,0.25945477984263454
495,0018,page0018.clip,2880,2880,2864,2808,-16,-72,0.12021701388888889,8442,4816,32.21515906273755,0.4486124948936738,12.197157382965088,0.5669825989374766,0.25721707702533214
496,0022,page0022.clip,2880,5760,3072,5888,192,128,0.046996527777777776,5566,7245,18.35567861518527,0.4016448916963419,10.801888942718506,0.5099427208380859,0.2558008466084766
497,0037,page0037.clip,2160,5760,2272,5592,112,-168,0.0203125,2276,3657,30.280850099460892,0.4363613598281527,12.69429063796997,0.762162210126501,0.2526784396479702
498,0036,page0036.clip,4320,1440,4368,1248,48,-192,0.011254340277777778,2328,2625,10.783767021320834,0.4677436337187526,11.932679653167725,0.37203829701662794,0.24981287557352022
499,0022,page0022.clip,3600,1440,3752,1624,152,184,0.11427083333333334,7788,10804,32.261611020118586,0.41664754093933715,11.782116889953613,0.6529566899265895,0.2491796786472349
500,0022,page0022.clip,1440,2880,1336,3040,-104,160,0.04549045138888889,7699,13201,28.789491134082258,0.39287544478664177,11.30641508102417,0.6796800031357517,0.24683821023697627
501,0023,page0023.clip,2160,2880,2192,2960,32,80,0.051432291666666664,4511,8247,29.822813987595065,0.4205133676812246,11.97080659866333,0.6688531382655711,0.24348802928591395
502,0033,page0033.clip,2880,5760,3000,5912,120,152,0.024375,1780,9071,29.775059846089874,0.38660244124660104,11.149962425231934,0.6712817409958722,0.24004511398331607
503,0027,page0027.clip,4481,5760,4457,5680,-24,-80,0.015551215277777778,960,4284,15.13552029886002,0.412468486946118,10.503991723060608,0.34158553579360623,0.23481251875335318
504,0019,page0019.clip,3600,1440,3432,1488,-168,48,0.03640190972222222,2044,3721,24.290404229712784,0.432175418008982,12.567263126373291,0.7326094768709094,0.2335120462669792
505,0031,page0031.clip,720,2880,584,2888,-136,8,0.07749131944444444,7760,9634,36.473124329735185,0.4505918248477888,12.847242832183838,0.6855550591045875,0.23195460508584653
506,0027,page0027.clip,0,3600,176,3776,176,176,0.046158854166666666,6842,8136,23.59930725789129,0.4208177935489907,12.147783279418945,0.6942264335102619,0.22991345866937374
507,0014,page0014.clip,720,5760,888,5856,168,96,0.037894965277777776,5654,9143,24.099025099525033,0.4226841217647462,11.529690265655518,0.527850739599876,0.22976314737252812
508,0018,page0018.clip,2880,5040,3024,5016,144,-24,0.02822048611111111,1848,3871,25.328623677625096,0.43819060773480667,12.597246170043945,0.6971097276256333,0.2291915867657508
509,0029,page0029.clip,720,1440,824,1544,104,104,0.05054253472222222,6118,9116,40.85511303674071,0.398230984960855,11.681646347045898,0.7173969845434224,0.22874324302983295
510,0030,page0030.clip,2880,720,2920,752,40,32,0.08202256944444444,6212,12106,33.560901305712086,0.3986902399963561,11.918241500854492,0.7724125313096407,0.22773292485859487
511,0027,page0027.clip,2880,2880,3024,3072,144,192,0.1174609375,6548,7506,26.444749411596984,0.3963534450227887,11.753714561462402,0.7438593227436395,0.22611177101637459
512,0034,page0034.clip,3600,1440,3680,1632,80,192,0.04911892361111111,7206,9606,27.811856064577583,0.4005442496724605,11.50829792022705,0.6555984862119921,0.2255404532864861
513,0027,page0027.clip,2160,1440,2032,1296,-128,-144,0.08009114583333334,6598,15241,38.794560050861904,0.39183378810448216,11.490421295166016,0.703370537279566,0.2237811113128606
514,0007,page0007.clip,3600,720,3728,808,128,88,0.07640190972222222,5276,12127,28.475157981433572,0.42376495271954717,12.077303886413574,0.6479040410493616,0.22168721915451006
515,0026,page0026.clip,0,5760,48,5824,48,64,0.05200954861111111,6808,4529,31.86293018842855,0.42055668011590985,11.577956199645996,0.5367754132789384,0.2166124912735008
516,0026,page0026.clip,720,2880,672,2840,-48,-40,0.04437065972222222,3663,5790,39.55157873005159,0.44472275217289337,12.971306800842285,0.7340444556333298,0.21658796520267343
517,0016,page0016.clip,1440,5040,1632,5048,192,8,0.04705729166666667,4620,3285,27.396319535448047,0.42956453278873297,10.647046089172363,0.24682694924604454,0.21587500550602812
518,0026,page0026.clip,2880,4320,2816,4192,-64,-128,0.037296006944444446,4634,4412,28.638545192374508,0.4091462182038445,11.577472686767578,0.6067292846932096,0.21561998142027444
519,0017,page0017.clip,2160,1440,1984,1336,-176,-104,0.04938802083333333,3907,6372,30.122358993169108,0.40197438203250524,12.098652839660645,0.7720379554144489,0.2077717065619561
520,0018,page0018.clip,3600,1440,3784,1336,184,-104,0.05263020833333333,7138,12556,41.61259275909555,0.4117704706804226,12.16272258758545,0.7215819874626022,0.2035734258551044
521,0018,page0018.clip,2880,2160,2800,2104,-80,-56,0.1259157986111111,4360,3728,24.582654460082228,0.4531137286771902,12.06544017791748,0.43803455917760176,0.20290825514453592
522,0001,page0001.clip,2880,5760,3024,5696,144,-64,0.054973958333333336,7246,4885,29.086527925665717,0.44830070509225195,12.061444759368896,0.46042971699944235,0.19755834718703397
523,0013,page0013.clip,3600,2160,3464,2336,-136,176,0.0244140625,1426,3608,23.876218439545838,0.4289019292878043,12.334765434265137,0.6480067040124393,0.1959619227959455
524,0035,page0035.clip,1440,3600,1552,3768,112,168,0.015651041666666667,1449,6687,27.4895875915405,0.4068225180505581,10.913601994514465,0.42634273485681795,0.19246637923535181
525,0011,page0011.clip,1440,720,1616,912,176,192,0.02912326388888889,1924,3676,12.129984783971288,0.4352918807791288,12.07659912109375,0.538923755714707,0.19227858424865918
526,0021,page0021.clip,720,5040,904,5056,184,16,0.06396701388888888,8215,13637,51.36622987940809,0.38641504219760126,11.728322505950928,0.7534691997412246,0.18918606959080053
527,0008,page0008.clip,2880,5040,2840,4976,-40,-64,0.029574652777777776,1667,4529,26.846387237191227,0.4513377157979462,12.287015438079834,0.4853410768836308,0.18755835288066836
528,0005,page0005.clip,720,1440,864,1632,144,192,0.06588975694444445,6149,11292,33.174484214784854,0.39840227305482917,11.731553554534912,0.6767323767617415,0.18708655577655653
529,0021,page0021.clip,4320,720,4464,848,144,128,0.03394097222222222,3516,3630,30.117091758608876,0.42142355486812244,12.013531684875488,0.5961211303130622,0.1813083416159642
530,0016,page0016.clip,2160,4320,2120,4512,-40,192,0.03378472222222222,1770,2636,32.2117712534824,0.44437426626297605,12.521157264709473,0.5757997163720435,0.17827965147062041
531,0036,page0036.clip,720,5040,560,4960,-160,-80,0.09262152777777778,7405,9090,30.816977695322645,0.42392577552924127,12.988020896911621,0.8129802329299118,0.17240888460781134
532,0031,page0031.clip,2880,1440,2856,1632,-24,192,0.13744791666666667,10650,6185,27.85467940411968,0.4170747705055266,12.280677795410156,0.6787262450194212,0.17221928946113862
533,0007,page0007.clip,2880,5760,2984,5936,104,176,0.0521875,2133,3698,13.083201083570966,0.4312842689392815,12.86807918548584,0.73644811222307,0.1719639973776952
534,0021,page0021.clip,4320,2160,4400,2256,80,96,0.07343315972222222,3928,3230,29.83294865251873,0.40206461001605565,11.4584379196167,0.5632435562541707,0.16923031116027487
535,0001,page0001.clip,1440,1440,1488,1384,48,-56,0.03681857638888889,3719,8502,32.751214710990084,0.39763619289599916,11.738553047180176,0.6569025457098149,0.16599239161181245
536,0017,page0017.clip,3600,5760,3744,5712,144,-48,0.076015625,6264,12199,44.520111299145064,0.4337410919658061,12.817796468734741,0.7009902916832752,0.16593839942870248
537,0030,page0030.clip,3600,1440,3672,1632,72,192,0.08846354166666667,8186,10385,26.79257908589606,0.42947302837444734,12.174150943756104,0.5650423648820029,0.16456884502661845
538,0012,page0012.clip,720,2880,688,2864,-32,-16,0.07291666666666667,3581,6695,26.667331034557368,0.43401373490860684,13.047922611236572,0.7550215692843231,0.16450140772317834
539,0009,page0009.clip,0,2880,64,2776,64,-104,0.0160546875,4122,7387,20.164517862249212,0.43291607519249803,11.93040919303894,0.4788750372502372,0.1615985671548918
540,0022,page0022.clip,2880,1440,3032,1632,152,192,0.06389756944444444,6263,10254,31.666070222357007,0.39674210517841063,12.308267593383789,0.7981944635260585,0.16061257803614182
541,0009,page0009.clip,720,5040,680,5024,-40,-16,0.05088107638888889,3597,6541,30.325453846575932,0.41664965235949575,12.321363925933838,0.6735941522791762,0.1578507984340517
542,0030,page0030.clip,4481,1440,4417,1624,-64,184,0.024427083333333332,1782,4340,17.58904890783481,0.4164832983490516,11.989553928375244,0.579737320739545,0.14829556266184513
543,0001,page0001.clip,0,3600,0,3608,0,8,0.03341579861111111,5039,2309,21.516368322331132,0.4281072704342908,11.810569286346436,0.4612019439698449,0.14738405007804312
544,0028,page0028.clip,3600,5040,3696,5192,96,152,0.026766493055555556,1455,3034,13.13270994462501,0.43858494025066724,12.688095092773438,0.6104823355939074,0.14369155117377447
545,0007,page0007.clip,720,1440,688,1336,-32,-104,0.040056423611111114,2224,3501,15.53691406377976,0.4383541748870724,13.257258892059326,0.7468125140259289,0.13776910724423963
546,0038,page0038.clip,1440,0,1336,0,-104,0,0.015381944444444445,1449,4861,28.5801673046911,0.36909686924918655,11.208300113677979,0.66639939750132,0.13694384151139316
547,0019,page0019.clip,1440,4320,1520,4312,80,-8,0.07578559027777777,7882,11227,49.51010295566398,0.42625595386745974,12.541143417358398,0.6415108729304143,0.13625978420995033
548,0021,page0021.clip,2880,5040,3016,5232,136,192,0.016176215277777777,1331,1697,21.94894195104786,0.3825616299763931,11.279195785522461,0.5988756159911142,0.13606948557036447
549,0040,page0040.clip,3600,2160,3784,2272,184,112,0.065859375,8979,12122,27.321852850309952,0.4065684251370209,12.493205070495605,0.7445728783103767,0.12985941423428482
550,0040,page0040.clip,3600,2880,3472,3072,-128,192,0.06811631944444445,3415,11595,30.939878081782812,0.3883664427036775,11.813588380813599,0.6863346739704638,0.1281822765320385
551,0020,page0020.clip,2160,5040,2240,4976,80,-64,0.03283420138888889,4367,5959,27.68365810514132,0.4326209571687239,13.08852243423462,0.7283899811150694,0.1281122838887513
552,0026,page0026.clip,2160,2880,2112,2856,-48,-24,0.035490451388888886,4034,4519,28.989520238861314,0.42969211253714606,13.124423503875732,0.7546432514680471,0.12729046308502168
553,0020,page0020.clip,3600,2880,3648,2912,48,32,0.04616753472222222,3089,4189,26.716214928807418,0.4489907549772055,13.110837459564209,0.6288236976012493,0.12584524105418493
554,0029,page0029.clip,2160,720,2296,792,136,72,0.040750868055555556,2494,6196,26.60122955335094,0.42256767766941794,12.683632373809814,0.6767674452785685,0.11752586980798152
555,0035,page0035.clip,720,2160,840,2312,120,152,0.04598090277777778,2532,7070,26.433021826207185,0.41714764005472665,12.586645603179932,0.685741675425322,0.11700241997790428
556,0040,page0040.clip,2160,720,2056,896,-104,176,0.030416666666666668,1873,2181,10.570068441616499,0.3796499561913346,10.944777965545654,0.5027677790526367,0.11150841108965143
557,0031,page0031.clip,3600,2160,3696,2352,96,192,0.04100694444444444,2456,4763,25.03781566936844,0.4435983517209049,13.2252516746521,0.6720562227135948,0.11058640184498025
558,0035,page0035.clip,0,1440,88,1632,88,192,0.0351171875,2419,3075,19.361262491732823,0.43180413386911004,12.13445234298706,0.4628877273915971,0.10244038266141553
559,0008,page0008.clip,1440,720,1376,616,-64,-104,0.041245659722222223,2459,6995,29.54542778713026,0.37263970162021903,11.84678602218628,0.7555751817113868,0.09830144903294868
560,0028,page0028.clip,4481,5040,4417,5000,-64,-40,0.0128515625,662,2830,14.51721362427591,0.419971114735415,11.774555683135986,0.44156808404136333,0.09819890428296812
561,0032,page0032.clip,1440,3600,1456,3576,16,-24,0.016471354166666667,2012,4048,20.466197913945372,0.4262681221134801,13.241224765777588,0.7682568880789673,0.09770116787505667
562,0021,page0021.clip,1440,3600,1584,3696,144,96,0.06379774305555555,5891,4578,31.895208697983342,0.4019208607790366,12.235463619232178,0.6637803405825056,0.09353585251475194
563,0025,page0025.clip,720,5040,736,4928,16,-112,0.03704861111111111,2572,4594,34.38103605859225,0.41478233206290194,12.099577903747559,0.5446389644905637,0.08970725115744849
564,0030,page0030.clip,4320,1440,4368,1624,48,184,0.058307291666666664,4430,6120,20.476876258114387,0.4321272575828373,12.647565364837646,0.5701460574006861,0.08724006086720593
565,0040,page0040.clip,3600,4320,3464,4496,-136,176,0.05378038194444444,6636,3682,13.965057094215956,0.4274133951096171,12.316749095916748,0.5163814636369041,0.08682232727425943
566,0027,page0027.clip,720,4320,896,4512,176,192,0.0196875,2727,5870,19.91168426890474,0.3728919991730346,10.978144407272339,0.5221669533664566,0.08656467710387061
567,0025,page0025.clip,2160,1440,2096,1296,-64,-144,0.1232638888888889,9020,5812,35.59857741485196,0.3962423220975896,12.214998245239258,0.6793577661623906,0.08169817437000848
568,0028,page0028.clip,1440,3600,1584,3792,144,192,0.022296006944444443,1217,2678,18.948184343903655,0.3627323982444669,11.490928649902344,0.699691269386912,0.07522927675139557
569,0010,page0010.clip,3600,3600,3456,3672,-144,72,0.05716145833333333,2421,1813,12.769827145201779,0.3810904867426387,12.126923084259033,0.7429447108786508,0.07442358556430717
570,0013,page0013.clip,1440,5760,1280,5952,-160,192,0.0940625,2497,3574,16.780110123099437,0.4136080203209678,12.614376068115234,0.6602824599157378,0.0733908559143821
571,0001,page0001.clip,3600,1440,3664,1432,64,-8,0.03428385416666667,2374,9192,37.79969838603463,0.4072628258691116,12.321294784545898,0.6154088145679136,0.0643822240907092
572,0028,page0028.clip,1440,4320,1576,4512,136,192,0.06607204861111111,4689,6173,32.03233619776404,0.3957322654612073,12.69395399093628,0.7795637262882097,0.06352151014934859
573,0001,page0001.clip,0,5040,8,5048,8,8,0.04669704861111111,4169,5646,32.56480600891585,0.4146791833016406,11.810474872589111,0.435352945013996,0.05958329800157769
574,0014,page0014.clip,2160,5040,2320,5168,160,128,0.0941796875,7870,12427,27.01790665299338,0.3803149334475422,11.726059913635254,0.6274664356613456,0.05833583303973666
575,0026,page0026.clip,720,5040,616,5024,-104,-16,0.07155815972222222,6184,6501,37.50208941023183,0.390851657661778,12.289808750152588,0.6969661913707135,0.05386949137494301
576,0034,page0034.clip,1440,3600,1632,3792,192,192,0.04715277777777778,5727,8987,26.06956902008777,0.3635095214331942,11.89081859588623,0.7653907684219051,0.05169650272624926
577,0015,page0015.clip,4320,2880,4400,2928,80,48,0.01681423611111111,713,1136,13.049956073003363,0.45805773629226676,13.343217849731445,0.5357150583850571,0.05021715822309042
578,0036,page0036.clip,2160,2880,2296,3072,136,192,0.04479166666666667,2683,5778,25.64860372852739,0.4171453648086593,12.751921653747559,0.6413197471150397,0.04839829098581627
579,0033,page0033.clip,720,2880,888,3056,168,176,0.0644140625,7078,9776,37.65092913537361,0.4265111472021261,12.483972072601318,0.5156380206748411,0.048271738030239264
580,0030,page0030.clip,720,3600,816,3464,96,-136,0.09733072916666667,4886,4970,19.33573475864793,0.41892674185715406,12.715121269226074,0.6160599088365539,0.04445738250979869
581,0028,page0028.clip,2880,2160,2888,2016,8,-144,0.028094618055555555,2870,4718,24.2346877621852,0.4475293977188484,13.02876091003418,0.514999351503134,0.04389428778991339
582,0027,page0027.clip,4320,1440,4320,1576,0,136,0.011380208333333334,1010,3381,20.537731450148392,0.41770679576577624,12.326956987380981,0.5244172871384416,0.04267641106343806
583,0016,page0016.clip,720,1440,872,1392,152,-48,0.023715277777777776,2388,5051,27.474806191742477,0.40531324097875804,12.386668682098389,0.6152384132385436,0.04142319906494718
584,0014,page0014.clip,2880,720,2768,608,-112,-112,0.04883246527777778,6892,9196,22.86884083599742,0.4197226188728598,12.24104118347168,0.48025825277099365,0.03461145988675751
585,0016,page0016.clip,3600,4320,3592,4416,-8,96,0.02737847222222222,3500,4927,29.170476567873674,0.404853479576245,12.916383743286133,0.7394724959526524,0.032568645986120304
586,0029,page0029.clip,1440,720,1368,592,-72,-128,0.014739583333333334,1020,7447,37.094128612186715,0.38152563802551753,10.629554748535156,0.3110201091646089,0.03053332775224349
587,0019,page0019.clip,720,720,552,696,-168,-24,0.07611979166666667,7231,8964,40.90212904821598,0.3914293623410288,12.316195964813232,0.6635174946130183,0.02472161443291221
588,0036,page0036.clip,2160,5760,2304,5952,144,192,0.10637152777777778,5849,5474,21.7671449378604,0.42203478948358203,13.459675312042236,0.7576941164853018,0.024394178197704175
589,0005,page0005.clip,4320,2160,4480,1992,160,-168,0.022916666666666665,4089,1358,13.09709360463813,0.43188492447289284,11.939548254013062,0.31560038847831134,0.023995282344501212
590,0019,page0019.clip,720,5040,672,5056,-48,16,0.04414930555555555,4556,2453,19.642863591769824,0.37503917408649384,12.246322631835938,0.742679898001927,0.02007526246682334
591,0002,page0002.clip,2880,2880,2784,2784,-96,-96,0.03973090277777778,2839,2728,27.782125977371315,0.3864097374926867,12.64078664779663,0.758822497585559,0.01094935597255442
592,0004,page0004.clip,0,720,176,912,176,192,0.036041666666666666,2740,7402,40.45744304187102,0.41950346135821953,12.693464517593384,0.5650827104670254,0.010890571646041125
593,0009,page0009.clip,2160,2160,2136,2168,-24,8,0.0350390625,3512,4072,18.650619959467445,0.4246053270194402,13.674720764160156,0.7732728853189095,0.00670079052029704
594,0028,page0028.clip,4320,2880,4328,3048,8,168,0.03786458333333333,2963,3210,14.007399526607713,0.41854986142796313,13.171577453613281,0.6835756787977719,0.00529435945537704
595,0001,page0001.clip,720,720,704,576,-16,-144,0.06359809027777778,9910,4596,29.32779006657174,0.3794881852276619,12.334025382995605,0.7164548359771221,0.003799718320886103
596,0040,page0040.clip,2160,2160,2200,2096,40,-64,0.03969184027777778,4671,6824,26.953787097253443,0.44061810145321656,13.469058990478516,0.614690845453231,0.0010313855329642796
597,0027,page0027.clip,1440,5040,1408,5016,-32,-24,0.028628472222222222,2886,7207,32.022451525379054,0.41599207261914584,12.993769645690918,0.648808242698001,0.00025302811594651864
598,0015,page0015.clip,2880,1440,3040,1520,160,80,0.046050347222222225,4075,6336,23.80305392523798,0.4100175077602992,13.369760513305664,0.7799196405513281,7.114858142598379e-05
599,0031,page0031.clip,2160,1440,2216,1616,56,176,0.10502604166666667,10984,10004,27.17750249263215,0.39829951769358757,12.780903339385986,0.7048152066581274,-0.0008309140827577055
600,0031,page0031.clip,720,2160,864,2280,144,120,0.04435329861111111,4157,6045,25.9587010381741,0.4837057518674338,14.219752788543701,0.5291206900478164,-0.0021252463333184535
601,0013,page0013.clip,4320,3600,4152,3600,-168,0,0.03015625,1895,2865,15.67330851943123,0.40525549893919893,12.334845066070557,0.5460669871176355,-0.003837928824008241
602,0007,page0007.clip,720,2880,912,3024,192,144,0.02197048611111111,795,3575,18.074092371958507,0.40381065689216267,11.610509872436523,0.3723624049505311,-0.005158766066066189
603,0034,page0034.clip,2880,2880,3048,2904,168,24,0.06208333333333333,7773,8509,24.108315030790322,0.38430068881226903,12.714063167572021,0.7693634413062336,-0.005818436408072447
604,0009,page0009.clip,3600,2880,3520,2776,-80,-104,0.013172743055555556,1619,2785,18.61189334210174,0.41606555548199325,13.044773578643799,0.6529659008092581,-0.006254217671387341
605,0002,page0002.clip,2160,4320,2168,4232,8,-88,0.06887586805555555,8103,7237,36.37392109840461,0.3871990672319079,12.865041732788086,0.7879553201328239,-0.006648754291818881
606,0039,page0039.clip,2160,720,2160,912,0,192,0.15116753472222222,8793,11645,46.10243768101441,0.40390920330901886,12.061224460601807,0.48131721643780523,-0.007645102425022976
607,0036,page0036.clip,0,4320,144,4512,144,192,0.010494791666666666,430,1922,12.367739832701696,0.41384480065724283,11.663910269737244,0.31795487238713827,-0.009194152751523854
608,0035,page0035.clip,3600,4320,3680,4512,80,192,0.12259982638888889,5813,10466,34.132143381339965,0.3703374606796172,12.400843143463135,0.7688152978407543,-0.01342908702193768
609,0006,page0006.clip,1440,2880,1520,2848,80,-32,0.08442274305555555,11463,6326,36.10152656665239,0.38261222937052813,12.647858142852783,0.7509093899062423,-0.015782969792922152
610,0031,page0031.clip,0,5760,64,5952,64,192,0.04467447916666667,1844,1262,11.021769166761816,0.38061184114188745,11.590713739395142,0.4957252916788966,-0.018503308826473774
611,0035,page0035.clip,720,4320,784,4504,64,184,0.04569878472222222,3608,3820,18.507348243115533,0.4229514182011699,13.606394290924072,0.7349323943172572,-0.018575851725159298
612,0026,page0026.clip,3600,5040,3600,4880,0,-160,0.028116319444444444,1937,5257,39.43548752782074,0.3820665537833667,11.250102281570435,0.3972698310202465,-0.02187182258105641
613,0015,page0015.clip,720,720,808,624,88,-96,0.13590711805555555,6389,5429,25.565153548425236,0.4205324273229138,12.82998275756836,0.5507848779778745,-0.022706512516803612
614,0031,page0031.clip,0,0,0,192,0,192,0.012669270833333333,876,1603,11.367437687197283,0.41779670851223516,12.359450340270996,0.44964746734218797,-0.023188551619273134
615,0016,page0016.clip,2880,720,2864,896,-16,176,0.04712673611111111,4885,6139,38.04461932424359,0.3883049897662322,12.943387031555176,0.7788615883781139,-0.02406318677738295
616,0018,page0018.clip,2880,4320,2912,4304,32,-16,0.08618489583333333,5488,10428,40.71871289936026,0.4294075916118291,12.674700736999512,0.45473451310938157,-0.024114578853251967
617,0026,page0026.clip,2160,4320,2088,4240,-72,-80,0.027747395833333334,2176,4787,31.542084040753664,0.3932598520281535,12.79177188873291,0.7097383754711746,-0.024264417228874957
618,0038,page0038.clip,3600,720,3752,888,152,168,0.07889756944444444,5294,8392,39.58963874774458,0.38987272085836727,11.980657577514648,0.5166635469186316,-0.03343707367618809
619,0029,page0029.clip,720,2880,848,2992,128,112,0.029214409722222223,2933,4167,20.656580670932698,0.4031553885767714,12.713654518127441,0.606241923458674,-0.04196042197469213
620,0009,page0009.clip,1440,3600,1408,3608,-32,8,0.061336805555555554,4025,6253,36.54156247252881,0.37841790237854767,12.712964534759521,0.7525087733296287,-0.048496376395463336
621,0028,page0028.clip,720,2880,576,2712,-144,-168,0.03145399305555555,8643,9200,29.03004212890052,0.372560518621816,11.864624977111816,0.5762241845483572,-0.04914305467459773
622,0029,page0029.clip,1440,5040,1624,5000,184,-40,0.05176215277777778,6844,10066,40.08473266414267,0.3940769387452371,12.81954574584961,0.677532668140275,-0.051498320931516406
623,0011,page0011.clip,3600,2880,3600,2808,0,-72,0.014092881944444444,1213,1802,14.660512882934638,0.45187496623854195,13.654242515563965,0.5237866774890696,-0.052444329928827915
624,0036,page0036.clip,4481,2160,4417,2224,-64,64,0.012317708333333333,1193,3946,18.947530958454262,0.418842909635808,12.775559425354004,0.5044574962888619,-0.05733133986067124
625,0019,page0019.clip,2880,4320,2696,4320,-184,0,0.02877170138888889,2166,6887,34.49438974318261,0.3913760177364209,12.890258312225342,0.7031502916424213,-0.05865134044902687
626,0013,page0013.clip,2880,720,2768,912,-112,192,0.086640625,8369,10910,28.730095603912215,0.3685700775316756,12.65473222732544,0.782494226177258,-0.062100676864903726
627,0021,page0021.clip,1440,5040,1632,5216,192,176,0.04628472222222222,3929,7260,43.20622178797509,0.3611317704093707,12.244818687438965,0.7255624320291822,-0.06285493981759349
628,0027,page0027.clip,0,2880,40,2784,40,-96,0.022105034722222222,1270,2809,14.882619773325395,0.40847827014825633,13.305136680603027,0.6929500546337923,-0.06427594167229034
629,0035,page0035.clip,1440,2160,1520,2336,80,176,0.09462673611111111,8955,9720,31.34418963421151,0.39194597116099483,13.409623622894287,0.8154897187236472,-0.06980309379496574
630,0040,page0040.clip,2160,1440,2056,1632,-104,192,0.036571180555555555,4285,4048,20.68922139792296,0.37877388655550837,12.539247035980225,0.6799418416649471,-0.07002650108654562
631,0026,page0026.clip,3600,1440,3744,1408,144,-32,0.08501302083333333,8053,8746,51.43371380902575,0.3976268865651547,13.358665466308594,0.7644112006447634,-0.07206969992013468
632,0040,page0040.clip,720,5040,632,5200,-88,160,0.01965277777777778,1356,4134,18.943051738390416,0.39554917768826164,13.004999160766602,0.6877415883247531,-0.07306067305220965
633,0028,page0028.clip,720,5760,912,5920,192,160,0.019114583333333334,1819,3926,15.590945298494118,0.380284917031686,12.860438346862793,0.7453367579183607,-0.0743936778794404
634,0001,page0001.clip,2160,720,2216,568,56,-152,0.046796875,3956,10016,31.074900307925496,0.38046774259226585,13.015304565429688,0.7790627885964073,-0.07747196924748256
635,0037,page0037.clip,3600,3600,3712,3624,112,24,0.024427083333333332,2560,5903,21.84673243660313,0.38174765388392123,12.540410995483398,0.6459428906144945,-0.08258961718547808
636,0015,page0015.clip,0,5760,96,5576,96,-184,0.06588107638888889,4579,1730,14.708674938208167,0.38796356733182774,12.872042655944824,0.6868216993915688,-0.08513333501657105
637,0023,page0023.clip,2880,2880,3000,3064,120,184,0.04589409722222222,4522,6568,26.011935947204005,0.3672265402649485,12.449263572692871,0.7044493139387846,-0.09016056206280443
638,0030,page0030.clip,2880,3600,3064,3792,184,192,0.13496527777777778,6843,11595,23.59903603456095,0.397310321712836,13.02760362625122,0.6580690656211219,-0.09251386418916674
639,0016,page0016.clip,720,5760,720,5704,0,-56,0.07081597222222222,7097,4855,34.250022985194114,0.39568364386624394,13.407101154327393,0.7615427302936869,-0.09376782729930966
640,0015,page0015.clip,720,5760,896,5904,176,144,0.051141493055555556,3462,9120,35.852984590011104,0.371433865440737,12.615244388580322,0.7134788573548974,-0.09509646462846166
641,0031,page0031.clip,4320,2880,4448,2984,128,104,0.025403645833333332,2649,4835,21.413178456838423,0.41736891843961915,13.567967891693115,0.6641370224191796,-0.09543936820518384
642,0018,page0018.clip,2880,1440,2800,1576,-80,136,0.07619791666666667,7991,5332,28.506435647140787,0.3911103753180266,12.690178871154785,0.6035164136823505,-0.09967076669494374
643,0022,page0022.clip,2880,4320,3000,4496,120,176,0.08895833333333333,8749,14748,32.95209242983092,0.3815056575752146,13.055455684661865,0.7540628699132276,-0.10031255312571807
644,0008,page0008.clip,2160,2160,2112,2040,-48,-120,0.027977430555555554,2421,10480,34.805382914044976,0.3715215820619131,12.90292477607727,0.7753123282564601,-0.10272718230072064
645,0009,page0009.clip,720,720,760,760,40,40,0.05901041666666667,6367,4716,28.588329351378896,0.4033488473277167,12.86086106300354,0.5628071427143961,-0.10518226179060786
646,0034,page0034.clip,0,3600,176,3688,176,88,0.03276041666666667,3808,7234,20.50896362468714,0.40680920766664985,13.376043319702148,0.6683358896357096,-0.10649391389861262
647,0032,page0032.clip,2160,3600,2168,3584,8,-16,0.022925347222222222,1707,3369,21.30677066224262,0.3999802494267929,13.464742183685303,0.7246006623638639,-0.11336665971200521
648,0017,page0017.clip,2160,2160,2224,2064,64,-96,0.04830729166666667,4426,9419,47.62162860160861,0.3951198945346036,12.421562194824219,0.49329553758826183,-0.11407653622121666
649,0008,page0008.clip,3600,1440,3584,1376,-16,-64,0.029166666666666667,5524,2780,18.431325599229922,0.39144067494251183,11.684523820877075,0.3290463102673065,-0.11646434124901056
650,0031,page0031.clip,1440,2880,1480,2712,40,-168,0.0828125,7449,9117,21.77354319507801,0.3738139606301535,12.5774564743042,0.661920797697077,-0.11688485355241118
651,0018,page0018.clip,2160,5760,2088,5696,-72,-64,0.10462239583333334,6765,5498,35.69573282927074,0.403422359276213,13.532917499542236,0.7137894368048809,-0.11844015408347752
652,0022,page0022.clip,1440,1440,1624,1592,184,152,0.04724826388888889,4237,9242,33.76912940893097,0.4112141232724786,13.129467487335205,0.563037318834418,-0.11939302603711421
653,0002,page0002.clip,3600,5760,3568,5592,-32,-168,0.013424479166666666,979,5314,31.503247417631673,0.35746283250637845,11.224200248718262,0.4210842323466152,-0.12065850133446787
654,0014,page0014.clip,720,5040,896,5104,176,64,0.12592447916666666,8037,10408,28.82848375468361,0.3704441938692379,12.687283515930176,0.704504051527977,-0.12163249261746423
655,0029,page0029.clip,2160,4320,2336,4384,176,64,0.054526909722222225,4049,6123,31.771264413267787,0.4026644950880558,13.656350135803223,0.7416238127359495,-0.12464850153160634
656,0028,page0028.clip,720,720,656,576,-64,-144,0.035182291666666664,7428,14056,34.86060946444053,0.3553183014772121,12.20383596420288,0.670488741566118,-0.12778469220162159
657,0036,page0036.clip,3600,1440,3696,1616,96,176,0.06940538194444444,6320,13410,29.75498617895539,0.3942360556784523,13.465240001678467,0.7403972781672545,-0.12954989940962813
658,0015,page0015.clip,0,2160,160,2184,160,24,0.019952256944444444,960,1785,14.86850049079948,0.5018350786996302,14.793942928314209,0.3926541473762864,-0.13548987426366194
659,0021,page0021.clip,2880,1440,2928,1512,48,72,0.060286458333333334,3569,14256,43.85267130026896,0.3625833162652158,11.800416469573975,0.5087971652795195,-0.14012898036510069
660,0020,page0020.clip,1440,5040,1568,4960,128,-80,0.04079861111111111,4724,10067,43.72773719896862,0.3986788141309421,12.986370325088501,0.5786833942741928,-0.1409332789436355
661,0007,page0007.clip,1440,3600,1560,3424,120,-176,0.04688368055555556,3373,5827,20.14096009267337,0.410392030364784,13.73147201538086,0.6914275724860197,-0.14119219326343657
662,0022,page0022.clip,2880,3600,2864,3784,-16,184,0.012291666666666666,1549,2327,12.414293973040355,0.42128813769123374,13.611870765686035,0.5888251517725452,-0.14487334326300239
663,0011,page0011.clip,3600,3600,3696,3768,96,168,0.06931857638888889,5132,5701,16.888920467155337,0.3730884334886152,13.207674503326416,0.78781341497171,-0.14584200124483915
664,0019,page0019.clip,2880,2880,2704,2808,-176,-72,0.05782986111111111,4978,9409,42.272991524809285,0.38522972816245493,12.607203960418701,0.5551297760633803,-0.15118833042076146
665,0027,page0027.clip,720,3600,528,3448,-192,-152,0.046861979166666665,6789,8498,22.95604625389578,0.3785443599172718,13.401507377624512,0.7953203802933557,-0.151323371703859
666,0005,page0005.clip,720,5760,888,5904,168,144,0.03284722222222222,2721,6145,20.18762985476422,0.40557422920892067,13.893682956695557,0.7445146866401836,-0.15525369598236116
667,0014,page0014.clip,0,5040,48,5184,48,144,0.05822048611111111,4837,4193,24.078038908749576,0.3936788768750088,13.207769870758057,0.6473055735426354,-0.15531513094245908
668,0028,page0028.clip,1440,5760,1440,5632,0,-128,0.0224609375,2402,4935,28.281495090946756,0.39580908587664426,13.322495937347412,0.6590432603833735,-0.15821914977956264
669,0038,page0038.clip,4320,720,4256,856,-64,136,0.021671006944444446,1310,1806,13.92567543019246,0.42827481197803724,12.753969669342041,0.31391376552298256,-0.1582888615598364
670,0027,page0027.clip,2880,5040,2920,4944,40,-96,0.06817708333333333,8946,11158,31.928309154653824,0.37067245394915693,12.982927799224854,0.7284403051563164,-0.1604710459741333
671,0005,page0005.clip,4481,5040,4369,5040,-112,0,0.013962673611111111,1209,4283,17.705830732831124,0.3671237681741208,12.716281652450562,0.6831083224490323,-0.16115083166028266
672,0001,page0001.clip,3600,2160,3704,2160,104,0,0.03328559027777778,4235,8292,35.957312113670355,0.3857609646924457,13.467140674591064,0.7509001790235738,-0.16390316823712536
673,0038,page0038.clip,1440,4320,1536,4128,96,-192,0.12243923611111111,7670,6258,28.959070405958972,0.3987831904505516,13.59452772140503,0.7008322674774912,-0.16432377804625486
674,0033,page0033.clip,3600,2160,3680,2352,80,192,0.032352430555555554,2313,2440,11.331214895843562,0.4063321528386318,13.885069847106934,0.721399592796424,-0.16823353099108873
675,0005,page0005.clip,4320,5040,4352,5184,32,144,0.041167534722222225,2660,3237,16.60337717348785,0.416344539183909,14.122411727905273,0.7180736965794849,-0.1683006923979219
676,0022,page0022.clip,1440,720,1432,656,-8,-64,0.03162760416666666,3918,5247,16.851265934761642,0.4051780962766992,13.176159858703613,0.5434890433573992,-0.1745502556713071
677,0029,page0029.clip,2880,2880,2992,2920,112,40,0.029526909722222223,2515,3394,28.990622948773503,0.389437305128818,13.466700077056885,0.7138838963255819,-0.17504637270682144
678,0027,page0027.clip,2880,1440,2928,1408,48,-32,0.04660590277777778,5840,13693,31.981734141395837,0.37095111312193657,13.167452812194824,0.7543297456438823,-0.1752712003141761
679,0001,page0001.clip,0,5760,16,5688,16,-72,0.07069444444444445,6626,8852,42.46100330912244,0.38628822560895365,13.075047969818115,0.6345532024345814,-0.1759259039711899
680,0005,page0005.clip,4481,4320,4401,4464,-80,144,0.01965277777777778,1962,2407,14.711589185298136,0.3849896570172442,13.439944744110107,0.7324616709880859,-0.177071326945332
681,0002,page0002.clip,2880,3600,2824,3440,-56,-160,0.032100694444444446,3751,9271,35.92431071780595,0.3463291988801548,12.485115766525269,0.7347956702776445,-0.1775406226821643
682,0013,page0013.clip,720,4320,640,4512,-80,192,0.05994791666666666,3825,3628,14.112759571291697,0.38692938487976203,13.741512298583984,0.7935792356288971,-0.17879214681486888
683,0034,page0034.clip,720,1440,592,1360,-128,-80,0.04907552083333333,7092,8683,28.6034826802989,0.3830435423944354,13.501410961151123,0.7553390568963082,-0.18079323474100117
684,0006,page0006.clip,720,4320,808,4152,88,-168,0.041041666666666664,3024,10158,60.243710677513775,0.3727892354761609,12.71977710723877,0.62159900745472,-0.18273003810317362
685,0010,page0010.clip,2160,720,2272,904,112,184,0.08447482638888888,8598,9827,30.602073930017205,0.3724330146842195,13.253876209259033,0.7565769131749499,-0.18334863789074918
686,0020,page0020.clip,2160,0,2000,160,-160,160,0.020121527777777776,3804,2497,21.179156379075874,0.38452046496174686,12.648800373077393,0.5284348151024325,-0.18440989772479838
687,0020,page0020.clip,1440,5760,1552,5704,112,-56,0.040373263888888886,4994,7563,29.212798165810085,0.3778251482980915,13.391790866851807,0.75588403412087,-0.18452520458320798
688,0031,page0031.clip,1440,5040,1568,5072,128,32,0.04446614583333333,4588,4156,13.260987346202848,0.387434069185466,12.520929336547852,0.4731225052102335,-0.18851751721405346
689,0015,page0015.clip,3600,2160,3760,2296,160,136,0.047200520833333336,4606,6644,21.045327799900576,0.3902487388091856,13.71208667755127,0.7515014289844394,-0.18997249827677443
690,0025,page0025.clip,2160,720,2032,800,-128,80,0.016575520833333333,1738,2173,20.758643728096697,0.38645550328010075,13.395081996917725,0.6931706360843677,-0.1922023741155473
691,0028,page0028.clip,2160,2880,2288,2792,128,-88,0.10432291666666667,9974,10273,25.467957225953437,0.37736483892359773,12.880393028259277,0.6167052463035264,-0.19589021399104584
692,0026,page0026.clip,2880,5760,2856,5824,-24,64,0.027621527777777776,1956,5645,35.197184438954956,0.3516140695705306,12.249548435211182,0.6157070648676585,-0.19927368729545658
693,0016,page0016.clip,1440,2160,1616,2304,176,144,0.06531684027777777,7062,5469,23.754618884482202,0.3943723657012444,13.554469585418701,0.6738719179596527,-0.19993455420979633
694,0009,page0009.clip,0,3600,104,3568,104,-32,0.012534722222222221,3448,5809,26.023192912387973,0.3783636557720382,12.719025611877441,0.5604038699114336,-0.2036637475861504
695,0033,page0033.clip,2880,3600,3000,3664,120,64,0.05434027777777778,5085,7201,26.924758388907513,0.36738512456153477,13.365249633789062,0.7897825289822177,-0.20429828076436451
696,0033,page0033.clip,720,1440,552,1432,-168,-8,0.04294704861111111,3936,6047,28.719362848868144,0.3759820959434272,13.574535846710205,0.78415851753945,-0.20766987559334504
697,0008,page0008.clip,3600,2160,3544,1992,-56,-168,0.043680555555555556,2854,4869,22.644127810926896,0.37242848721130756,12.924510478973389,0.6437298801066564,-0.20777575565281514
698,0029,page0029.clip,1440,1440,1552,1512,112,72,0.03537760416666667,4662,6438,23.388002995319685,0.39290374349797097,13.09721565246582,0.5583757007104827,-0.2082238524349232
699,0029,page0029.clip,720,5040,856,5104,136,64,0.031584201388888886,1763,6923,29.20893984773048,0.3472688796053881,12.520957708358765,0.6990561982162473,-0.20860218507181483
700,0018,page0018.clip,2880,3600,2856,3520,-24,-80,0.0826953125,6926,8080,46.17255017810414,0.4234031001806208,13.411052227020264,0.4442335791602989,-0.20980808117270988
701,0039,page0039.clip,2160,1440,2096,1336,-64,-104,0.07013454861111111,3735,12026,36.85088217229196,0.4067648268520881,11.831907510757446,0.1489612489315979,-0.21338836874577038
702,0039,page0039.clip,2160,3600,2296,3792,136,192,0.07006076388888889,5320,6798,32.225909660727524,0.35724607275284515,13.04230785369873,0.7546887781745708,-0.21848018443586392
703,0014,page0014.clip,720,1440,736,1600,16,160,0.05591579861111111,3904,7048,28.7013007983163,0.3923828354381995,13.872545719146729,0.7392102736366792,-0.22122674772900486
704,0028,page0028.clip,720,0,712,192,-8,192,0.03178385416666667,4987,3355,14.421075041849493,0.35737899487474867,12.906856060028076,0.7130464735762903,-0.22403905877084018
705,0016,page0016.clip,3600,2160,3424,2256,-176,96,0.15616319444444443,8109,10727,43.48593897252042,0.3593691112853284,13.124943256378174,0.7503019034102364,-0.22790157212080375
706,0030,page0030.clip,2880,2160,3032,2136,152,-24,0.09274305555555555,5622,3113,16.12403882839998,0.3935890097309674,13.030060768127441,0.5105607614704829,-0.2296184957942653
707,0039,page0039.clip,2880,3600,2696,3688,-184,88,0.052999131944444444,4895,9404,35.36684561728202,0.3693203419471872,12.39970588684082,0.5000067210260138,-0.23333409081141726
708,0037,page0037.clip,2160,1440,2304,1376,144,-64,0.06302083333333333,8454,6577,24.70277336822279,0.3807475197623464,13.366900444030762,0.6699867004873293,-0.23365312960455709
709,0005,page0005.clip,3600,2880,3784,3032,184,152,0.06568142361111111,8770,8196,33.143699435655975,0.3710126643931338,13.236181259155273,0.6876343678936884,-0.24206543555043536
710,0026,page0026.clip,2880,2160,2816,2104,-64,-56,0.037651909722222224,3370,4735,32.17728301428124,0.36777459222587194,13.453811168670654,0.760515860796174,-0.24347658396783212
711,0007,page0007.clip,720,3600,752,3784,32,184,0.020399305555555556,1355,2236,12.2081914127507,0.46028568520340646,15.236028671264648,0.6260921911565217,-0.2449035553106802
712,0037,page0037.clip,720,3600,688,3552,-32,-48,0.03298177083333333,3092,10047,42.674800974399595,0.3724941704411241,13.465583324432373,0.7183126997953975,-0.2559956528445363
713,0011,page0011.clip,2880,4320,3056,4384,176,64,0.04684027777777778,3780,4028,18.986940113210174,0.4249981624084988,13.909186363220215,0.5007488207343543,-0.25624740401406565
714,0029,page0029.clip,3600,4320,3608,4512,8,192,0.01792534722222222,1171,1941,34.84008399998969,0.3695635901679959,12.530696153640747,0.496295119097325,-0.26128518461031014
715,0005,page0005.clip,1440,720,1584,912,144,192,0.08348090277777778,6672,14296,34.52897574562665,0.36480944510648805,13.510396480560303,0.7691994684053927,-0.26267249585530617
716,0026,page0026.clip,2880,720,2864,648,-16,-72,0.04746527777777778,5134,9612,38.532195557042655,0.35222554811803525,13.240508556365967,0.7797235255078414,-0.26319515027674434
717,0015,page0015.clip,3600,4320,3728,4352,128,32,0.065859375,4615,11220,34.46198737138816,0.3710524626114676,13.288632869720459,0.6721086096087727,-0.2647773731997358
718,0034,page0034.clip,4320,5040,4248,5064,-72,24,0.01342013888888889,1075,1791,12.131359656253498,0.39699012316102406,13.717376708984375,0.616736716819311,-0.2651353525363063
719,0036,page0036.clip,1440,3600,1568,3456,128,-144,0.07641059027777777,4872,5855,25.075240595577302,0.40472137197580205,14.289260387420654,0.7110420032088721,-0.265411615038023
720,0031,page0031.clip,1440,3600,1440,3720,0,120,0.115546875,7482,10428,24.207251854762564,0.3866161309753594,13.733476638793945,0.6794303498367535,-0.2700703930125893
721,0014,page0014.clip,1440,2160,1632,2352,192,192,0.032556423611111114,2601,4492,24.56701457805129,0.3714905580183019,13.650195121765137,0.7450415779128388,-0.2765529719312473
722,0032,page0032.clip,0,3600,48,3448,48,-152,0.02142795138888889,728,1946,11.098474937108,0.3940407908585691,12.556219339370728,0.3286732695192261,-0.27810129796591954
723,0001,page0001.clip,3600,2880,3664,2904,64,24,0.04910590277777778,6638,9737,33.154714929641194,0.4173304675781275,14.018866062164307,0.5461909982202315,-0.28016807596603915
724,0015,page0015.clip,3600,2880,3792,3040,192,160,0.02701388888888889,3312,8104,20.03823136677782,0.39625804242039075,13.408373832702637,0.5189703932936566,-0.28520823980364857
725,0019,page0019.clip,2880,2160,2856,2312,-24,152,0.092890625,6330,11805,42.02681307089873,0.37253577319298525,13.398471355438232,0.6621912234554269,-0.28726242635837873
726,0022,page0022.clip,2880,2160,3016,2328,136,168,0.069375,6725,11205,32.69332984835073,0.3636008865058383,13.71118688583374,0.7955212446982184,-0.28781594887898176
727,0010,page0010.clip,2880,720,2704,864,-176,144,0.05342881944444444,10555,7954,29.183186094305288,0.36018321778378476,13.33633041381836,0.7202477527293701,-0.29015179166125216
728,0027,page0027.clip,2880,720,3048,608,168,-112,0.05513020833333333,7425,9214,29.62736251774852,0.37929972468721235,14.075308322906494,0.7828969144539282,-0.2922455095820946
729,0012,page0012.clip,720,5040,880,5128,160,88,0.08336805555555556,5355,9164,32.73321521325491,0.36649719999262304,13.814454078674316,0.7974304399980326,-0.292460463773322
730,0035,page0035.clip,4320,720,4280,864,-40,144,0.011384548611111111,2296,5244,16.968256106524233,0.3810808138449764,13.017517566680908,0.5046029514776711,-0.2944170829291631
731,0006,page0006.clip,2880,1440,2992,1584,112,144,0.09647135416666666,9803,12152,31.113305383308276,0.3746605601618515,13.757641315460205,0.7293509352334848,-0.29474471409599556
732,0036,page0036.clip,1440,4320,1592,4512,152,192,0.0666232638888889,5291,7602,23.30668202554646,0.34844916777476115,13.285131931304932,0.768786753699151,-0.2997511444278598
733,0006,page0006.clip,720,720,784,864,64,144,0.01627170138888889,4262,1943,16.340831201299558,0.3692266675973929,12.524299621582031,0.4449732322279305,-0.30274800054709716
734,0026,page0026.clip,1440,2880,1384,2856,-56,-24,0.03477864583333334,4356,7775,42.361862643527566,0.3473139323840372,13.408184051513672,0.8026196210214844,-0.30297145156536076
735,0025,page0025.clip,2160,2880,2136,2720,-24,-160,0.0518359375,4216,5353,40.841549548711065,0.38907327684447357,14.307268619537354,0.7654373025687207,-0.3037374976301265
736,0020,page0020.clip,3600,3600,3600,3488,0,-112,0.05891493055555556,5046,7369,34.67117801085311,0.41604054256380707,14.491699695587158,0.6346825865520676,-0.3103911570567425
737,0020,page0020.clip,2880,2880,2912,2696,32,-184,0.014895833333333334,1573,872,11.949767878286876,0.39748704743068847,14.332144260406494,0.7097686946266255,-0.3111786592265561
738,0039,page0039.clip,3600,720,3784,904,184,184,0.02701388888888889,1662,5754,32.94328064802337,0.37687894753680434,13.25006914138794,0.5442331579463235,-0.3302325642365076
739,0007,page0007.clip,2880,2880,2712,2696,-168,-184,0.09116753472222222,4916,9874,25.17052465210733,0.37172610995283795,14.03233528137207,0.7719356762381491,-0.3302879655197051
740,0019,page0019.clip,4481,720,4481,552,0,-168,0.012044270833333334,784,925,15.444697277630544,0.387266716023194,13.04223108291626,0.4239698291826538,-0.332936773121159
741,0002,page0002.clip,720,2880,608,2808,-112,-72,0.05472222222222222,4512,8273,37.71647444593197,0.3881575108785442,13.745388984680176,0.5925040358784215,-0.33428701384057685
742,0007,page0007.clip,3600,0,3560,192,-40,192,0.03940538194444444,4734,4717,16.326397171252204,0.3782927325391362,13.791085243225098,0.6638162246462355,-0.3357004062323504
743,0010,page0010.clip,2880,5040,3016,5232,136,192,0.04718315972222222,3985,4926,24.103248070798504,0.38030524544201694,13.937248229980469,0.6869678741805864,-0.33634911944154033
744,0012,page0012.clip,720,1440,568,1624,-152,184,0.0613671875,7254,10162,36.639807575709135,0.3646004607250232,13.569859504699707,0.6911209268505092,-0.33807285583441815
745,0019,page0019.clip,1440,1440,1272,1440,-168,0,0.04043402777777778,2388,5551,32.56679595841313,0.36558305531848867,13.760356903076172,0.7288210696133012,-0.3410992483321501
746,0027,page0027.clip,720,1440,896,1328,176,-112,0.04098090277777778,6336,4982,22.102530506853434,0.3491546110443107,13.471212387084961,0.7465774446244893,-0.3512074664958472
747,0009,page0009.clip,2880,4320,2904,4392,24,72,0.028641493055555557,4782,10105,28.899978539056665,0.39202173553202874,13.721320629119873,0.540029013661598,-0.3521322372345525
748,0031,page0031.clip,720,1440,840,1552,120,112,0.08148871527777778,6809,8189,28.893179295479413,0.3534933332521808,13.787593841552734,0.7960635833886825,-0.35320123533869685
749,0017,page0017.clip,2880,3600,2856,3544,-24,-56,0.06779947916666666,5662,10601,41.45209545294884,0.35664195468752335,13.772810459136963,0.7710826141776597,-0.3544862270476481
750,0012,page0012.clip,3600,5760,3504,5840,-96,80,0.037513020833333334,3748,2413,14.41711079681015,0.413636596853676,13.96143388748169,0.4471233017041995,-0.36640515186459877
751,0029,page0029.clip,3600,1440,3656,1600,56,160,0.09599392361111111,9905,3694,28.75124829880002,0.3670508462479388,13.22767162322998,0.5500464242439236,-0.37024295401116347
752,0012,page0012.clip,2160,3600,2192,3664,32,64,0.0208984375,1543,1687,11.928427590010651,0.3928077747043823,14.190372467041016,0.6256159117651968,-0.37354289047413447
753,0034,page0034.clip,720,3600,736,3440,16,-160,0.05210503472222222,5596,10288,29.85786212294551,0.3564820536138957,13.798843383789062,0.754579494889575,-0.37369481277667416
754,0006,page0006.clip,2160,5040,2032,4928,-128,-112,0.05884548611111111,7374,6816,25.027562261692076,0.3850423297638848,14.393192291259766,0.7222822544121559,-0.37560100590280465
755,0008,page0008.clip,720,0,744,160,24,160,0.01373263888888889,5773,3337,20.916260089441828,0.4685120191883741,13.974764823913574,0.09473555934089008,-0.3766044213681322
756,0004,page0004.clip,1440,2880,1264,3040,-176,160,0.04768229166666667,3761,7200,34.34200257103264,0.34838705885308036,13.620664119720459,0.7553032687792727,-0.3779549146552721
757,0019,page0019.clip,2160,1440,1992,1472,-168,32,0.025138888888888888,2157,1549,15.62360761729852,0.3873268805960536,14.498708724975586,0.7310873305365674,-0.37823747758559534
758,0011,page0011.clip,1440,2880,1504,2712,64,-168,0.04087239583333333,1940,2912,16.380200402132175,0.4113183000867303,14.022684574127197,0.4620387430656225,-0.37831441993929005
759,0014,page0014.clip,2880,1440,2920,1456,40,16,0.06046440972222222,7247,6837,21.9865079749649,0.3669792612512148,13.166071891784668,0.5242045733168124,-0.3789544134474101
760,0034,page0034.clip,3600,2160,3408,2104,-192,-56,0.0350390625,4446,7989,26.519372122838888,0.3644697778662327,13.567398071289062,0.6375142133724695,-0.3811193542286735
761,0021,page0021.clip,1440,0,1544,168,104,168,0.041202256944444446,1955,2688,20.589384059206335,0.3932305354715817,14.30629014968872,0.6402417380293769,-0.38291196215633405
762,0006,page0006.clip,2880,5760,2760,5896,-120,136,0.023971354166666667,3845,6312,26.34410134259939,0.41300708682417925,14.444194316864014,0.5509815687015279,-0.3830181742906844
763,0009,page0009.clip,1440,4320,1392,4384,-48,64,0.012174479166666667,899,1624,13.274759828989536,0.4599821450892709,15.545498847961426,0.5216107024052951,-0.3919004822216952
764,0022,page0022.clip,720,720,568,632,-152,-88,0.1376171875,6413,11947,28.975950899699956,0.3404866252647948,13.4588623046875,0.7425341069996872,-0.39531204901377615
765,0008,page0008.clip,1440,5760,1552,5632,112,-128,0.017977430555555556,1592,6579,23.01567272520233,0.3635587268415061,13.334985256195068,0.5625664604313303,-0.399150248686419
766,0037,page0037.clip,1440,2880,1584,2736,144,-144,0.045078125,6869,14245,53.274315168347584,0.36382235734972457,14.063673496246338,0.7367219440890735,-0.4042453572293859
767,0027,page0027.clip,2880,3600,2960,3728,80,128,0.08552517361111112,3698,10654,33.75546553528919,0.3605700370379755,13.581882953643799,0.6341682163230401,-0.40619183248045043
768,0038,page0038.clip,2160,2880,2024,2688,-136,-192,0.06692708333333333,8370,12080,39.356404742066154,0.35528447004856684,13.897893905639648,0.7441786333428195,-0.40781352421083994
769,0014,page0014.clip,0,1440,168,1632,168,192,0.040325520833333336,3598,4283,20.07744434206904,0.3723694961803018,13.69846248626709,0.586432433105974,-0.4086990698671301
770,0015,page0015.clip,2880,4320,3072,4456,192,136,0.07483940972222222,4362,4410,25.129403810865814,0.3506418302682082,13.853111743927002,0.7527388535029561,-0.41522211464199454
771,0036,page0036.clip,720,3600,888,3792,168,192,0.025828993055555555,1475,2224,12.422847795226723,0.4066460948536231,14.845253944396973,0.6450826805252674,-0.4197541701910654
772,0031,page0031.clip,4320,3600,4416,3424,96,-176,0.0216015625,2689,6267,25.193838098833663,0.3496471387886753,13.63236379623413,0.6971222006959138,-0.42053930474671897
773,0034,page0034.clip,2880,2160,3072,2280,192,120,0.06809895833333333,4515,10833,31.443210256044125,0.3560797443901853,13.95873737335205,0.7365300986734905,-0.4221246737806915
774,0002,page0002.clip,3600,1440,3520,1632,-80,192,0.03274739583333333,7631,5219,31.341692870173997,0.37232223525555386,12.313863754272461,0.2169900458681209,-0.4275695378822266
775,0005,page0005.clip,3600,720,3688,888,88,168,0.03246527777777778,3143,6918,31.802987825005065,0.36346640601610875,14.054715633392334,0.7068949472073534,-0.4280951388320403
776,0026,page0026.clip,2160,2160,2072,2096,-88,-64,0.04717881944444444,4643,3169,25.922856318701324,0.3576106977581636,13.985757827758789,0.7236778470564983,-0.430155799115741
777,0006,page0006.clip,2160,1440,2328,1632,168,192,0.02640190972222222,2655,6221,21.707054530365177,0.40733972853196665,14.51501178741455,0.53863888997884,-0.43539260284000497
778,0006,page0006.clip,2160,5760,2224,5952,64,192,0.03316840277777778,5772,9837,38.22195895052366,0.3609028559609081,13.823690414428711,0.6501791290685186,-0.44008049982638664
779,0008,page0008.clip,720,2160,640,2016,-80,-144,0.023975694444444445,1690,3716,23.991665668922476,0.3840675632743832,14.553068161010742,0.6827120626008913,-0.44410616574951967
780,0009,page0009.clip,1440,6480,1480,6528,40,48,0.012157118055555555,575,1457,13.976029311367325,0.3653732319416963,13.862813949584961,0.6248762586975652,-0.4457956232504588
781,0001,page0001.clip,720,5760,752,5704,32,-56,0.07851128472222223,12745,8691,48.696322862496366,0.36425796321047793,12.963466167449951,0.40694883761119366,-0.44584434734864603
782,0001,page0001.clip,720,0,600,0,-120,0,0.043823784722222224,1757,3156,23.47669212009856,0.34582238080599087,14.013648986816406,0.7842135429687258,-0.4462470589583465
783,0036,page0036.clip,4481,5760,4473,5632,-8,-128,0.014314236111111111,2119,2928,14.73789741335644,0.3737155980980544,13.89784574508667,0.5777250307165279,-0.44881113395383965
784,0030,page0030.clip,3600,720,3504,800,-96,80,0.06914930555555555,5367,8078,30.46713215511712,0.3524643728682405,14.083324432373047,0.7531141489983564,-0.45185170293472177
785,0035,page0035.clip,2160,0,2224,128,64,128,0.02588107638888889,2650,1852,11.707647628138009,0.358985030698687,14.234697818756104,0.7491929515156085,-0.4526600490452989
786,0007,page0007.clip,1440,4320,1312,4136,-128,-184,0.027105034722222223,1433,1149,12.627031406091639,0.39700312954366423,15.130870342254639,0.7353619476683776,-0.4528688625979045
787,0036,page0036.clip,2160,3600,2272,3424,112,-176,0.03449652777777778,1889,4074,21.490623565599876,0.3782178240839529,14.20887279510498,0.6136273243184325,-0.45978357914648577
788,0015,page0015.clip,2160,2160,2032,2160,-128,0,0.03705295138888889,3126,4073,40.27870051927996,0.39289271316980034,14.46260929107666,0.583971880126416,-0.4608807882651975
789,0028,page0028.clip,4320,5040,4336,5144,16,104,0.02751736111111111,2333,4355,18.26252977405146,0.36950850453633544,13.68535327911377,0.5319570662295944,-0.46396248015740116
790,0040,page0040.clip,2880,3600,2752,3408,-128,-192,0.07971788194444444,3600,11164,34.597528435213576,0.35913639231046846,13.989944458007812,0.6650001109092407,-0.47030684132182765
791,0022,page0022.clip,1440,3600,1552,3728,112,128,0.04415798611111111,4906,9357,30.67233014024533,0.3485415903337794,14.295461654663086,0.8050226059843634,-0.47236629447622946
792,0040,page0040.clip,1440,0,1360,144,-80,144,0.029053819444444445,1529,2881,12.959889841225667,0.37470978609378774,14.40262508392334,0.6624857318340877,-0.4769875008484594
793,0037,page0037.clip,1440,1440,1256,1488,-184,48,0.05875,5767,8254,33.76086815136776,0.3657396514216424,13.96798324584961,0.6063402208471536,-0.4798262153839874
794,0025,page0025.clip,2880,4320,2880,4208,0,-112,0.09394097222222222,5197,5366,32.593617862406994,0.3534139463055707,14.453680992126465,0.802599328295605,-0.48158700426095535
795,0035,page0035.clip,720,5760,848,5872,128,112,0.030698784722222223,2157,2997,15.795741032966005,0.4016403109537605,15.437744617462158,0.7450051181689421,-0.48334327418847556
796,0006,page0006.clip,3600,3600,3792,3752,192,152,0.03455729166666666,2631,7375,28.54392243132336,0.3568203146286812,14.392162799835205,0.7598590097258656,-0.4864437790429428
797,0008,page0008.clip,2880,2160,2864,2032,-16,-128,0.0426953125,3309,9737,34.22659088777158,0.3757277879848779,14.84654951095581,0.7520516832771968,-0.48902961564501524
798,0010,page0010.clip,2880,5760,3016,5944,136,184,0.03340711805555555,3771,5159,18.485069191505477,0.3704002221054482,14.358838558197021,0.6608421649579,-0.49109286914584327
799,0025,page0025.clip,0,1440,192,1488,192,48,0.014288194444444444,731,1824,17.802928671031662,0.34612116973371465,12.851097822189331,0.4324504135863843,-0.4936533849001856
800,0012,page0012.clip,720,720,784,840,64,120,0.05769097222222222,5584,7613,30.83793906804654,0.36266639784178933,14.615501880645752,0.7700212518434865,-0.49375138544541497
801,0025,page0025.clip,720,5760,656,5576,-64,-184,0.022391493055555555,1232,1292,17.327350175743415,0.38669231317233027,14.657439708709717,0.6294711458954999,-0.4944494591638924
802,0004,page0004.clip,2880,1440,2872,1264,-8,-176,0.030490451388888888,3136,3835,27.37595171097409,0.38624735734707033,13.47061014175415,0.3228153880086997,-0.5046329312085187
803,0004,page0004.clip,720,2160,672,2104,-48,-56,0.027035590277777778,2343,4894,30.194958337991356,0.37605861412201963,14.807274341583252,0.7162377565808947,-0.5081715924418364
804,0004,page0004.clip,720,1440,760,1440,40,0,0.04421875,3429,5492,37.78055251860554,0.3910766995481226,15.13671350479126,0.704608249638166,-0.5082726035071067
805,0006,page0006.clip,2160,2160,2056,2112,-104,-48,0.03268663194444445,2985,3588,27.64428027436163,0.383731975802064,14.199615001678467,0.5158184004604355,-0.5086084009570251
806,0026,page0026.clip,3600,3600,3416,3672,-184,72,0.04377170138888889,3637,3411,25.988937334103674,0.3822630246706878,15.207314014434814,0.7719371634119132,-0.5125979488039938
807,0002,page0002.clip,4320,4320,4176,4176,-144,-144,0.0665234375,4344,5215,33.62896825978878,0.3732617048043249,14.404106616973877,0.6262425396267486,-0.513518767671752
808,0036,page0036.clip,2880,5760,3000,5952,120,192,0.045260416666666664,3990,4286,20.531433879250134,0.3787521808077198,14.928698539733887,0.7220142273211675,-0.5143674220512443
809,0029,page0029.clip,1440,5760,1528,5696,88,-64,0.04704427083333333,4227,3267,24.54050889774003,0.38656573756474255,15.265998363494873,0.7556753500604084,-0.5158307048269353
810,0027,page0027.clip,2160,720,1976,888,-184,168,0.07154513888888889,9487,8499,29.25694846613926,0.3457702641598159,14.24843978881836,0.7550307321936445,-0.5168120512096772
811,0031,page0031.clip,720,3600,784,3632,64,32,0.055499131944444446,5679,8609,19.129586749938778,0.351065605863769,14.310084819793701,0.7309297860642557,-0.5219451057884907
812,0019,page0019.clip,4320,4320,4176,4320,-144,0,0.027999131944444443,2959,2427,17.381582356896157,0.41143471476672916,15.813037872314453,0.7173159095865993,-0.5315812729599659
813,0029,page0029.clip,1440,2880,1536,3008,96,128,0.0269140625,2489,1206,11.031784170127898,0.3992758735497933,14.575978755950928,0.4801317950276886,-0.5347109474190683
814,0025,page0025.clip,3600,1440,3552,1328,-48,-112,0.032243923611111114,2110,4867,29.813473078389404,0.34743650580324437,14.345091342926025,0.7414784055204875,-0.5386530151525936
815,0035,page0035.clip,4320,1440,4416,1520,96,80,0.03180121527777778,2580,3509,13.388914878471757,0.3460887143081024,13.646913051605225,0.5693284956171488,-0.543476242286814
816,0020,page0020.clip,3600,5040,3528,5192,-72,152,0.045112847222222224,7703,9707,28.5188868978128,0.34421967905000944,14.36785078048706,0.7607350989930267,-0.5438836816529438
817,0012,page0012.clip,2880,2880,2712,2688,-168,-192,0.057634548611111114,4498,5066,18.13386694762473,0.36099065823260534,14.895410060882568,0.7718464458122964,-0.55665156436365
818,0025,page0025.clip,720,2160,824,1984,104,-176,0.05274305555555556,5887,5184,36.991947049803215,0.3833511426234985,14.288914203643799,0.4786263434181836,-0.5581260528767202
819,0004,page0004.clip,2160,720,2144,592,-16,-128,0.03431857638888889,3429,3495,22.51519711561789,0.36249310512192423,14.120445251464844,0.5618679684956243,-0.5621291498868481
820,0007,page0007.clip,1440,2880,1560,3008,120,128,0.04241753472222222,3794,3990,18.852842515558407,0.3857556151308167,14.939863681793213,0.6211956475511886,-0.5622381426636083
821,0007,page0007.clip,3600,1440,3776,1584,176,144,0.0675390625,6901,7331,23.97813001746126,0.3532775702131503,14.331260204315186,0.6687165101726528,-0.5648909816591634
822,0018,page0018.clip,2880,5760,2840,5800,-40,40,0.022504340277777778,1883,3435,23.0642642032924,0.3464607810874032,13.485088109970093,0.49798085454573,-0.5663290329204187
823,0031,page0031.clip,4320,1440,4384,1632,64,192,0.022039930555555556,970,1966,11.777111507816521,0.3650971759445638,13.49293851852417,0.3818532600736322,-0.5676192159231095
824,0036,page0036.clip,2160,2160,2256,2320,96,160,0.03505642361111111,3680,4832,17.453316710410522,0.3688064641981931,14.556938171386719,0.6164610619661126,-0.5741864637134886
825,0035,page0035.clip,720,2880,840,2752,120,-128,0.0534375,3232,3815,15.574354274502307,0.37568215221892814,14.858631134033203,0.6458886807321217,-0.5766045211263028
826,0026,page0026.clip,0,5040,48,4968,48,-72,0.042144097222222225,6054,4161,32.462483620312206,0.35290096686909117,14.204332828521729,0.6179792744859816,-0.5819783117701045
827,0018,page0018.clip,1440,1440,1384,1296,-56,-144,0.09076822916666667,8580,6203,31.942313999567695,0.36186894561231653,14.852248191833496,0.7229060998195681,-0.5827800304494622
828,0037,page0037.clip,1440,3600,1488,3616,48,16,0.08993055555555556,5937,6844,31.497733587305156,0.3412449930692683,14.512516021728516,0.7510523504809954,-0.5954363586145655
829,0037,page0037.clip,2880,5760,2880,5776,0,16,0.016922743055555557,1971,2824,21.72706731370959,0.3685114786899081,13.345834255218506,0.2867634175634296,-0.5971987235434175
830,0039,page0039.clip,2880,4320,2776,4368,-104,48,0.06093315972222222,4915,7231,38.241964510150915,0.36112221992543886,15.170011520385742,0.7838296602441708,-0.6013274762546175
831,0004,page0004.clip,3600,2160,3712,2104,112,-56,0.1162109375,3457,6780,36.751441516132964,0.34302627527534746,14.379593849182129,0.6888827303353741,-0.6096812091913896
832,0030,page0030.clip,1440,1440,1424,1632,-16,192,0.07893229166666667,8584,7685,20.39146474458583,0.35509019626828897,14.578771114349365,0.6588073274616837,-0.6132573795590817
833,0025,page0025.clip,1440,2880,1432,2840,-8,-40,0.016453993055555557,2633,4343,28.32349624149365,0.3412995166712573,14.032084941864014,0.6057220362947148,-0.6153417759807444
834,0008,page0008.clip,2160,4320,2080,4200,-80,-120,0.02460503472222222,2261,6283,24.897666587976264,0.4062384289501939,15.221591472625732,0.49335569616569147,-0.618441592841624
835,0031,page0031.clip,2880,5760,3056,5952,176,192,0.017495659722222223,2646,5106,18.647883584625983,0.3910174600157494,15.321289539337158,0.5948478217308155,-0.6332923504040324
836,0030,page0030.clip,4481,720,4337,896,-144,176,0.027782118055555555,3240,2389,10.210805708730856,0.35977095377611645,14.046672821044922,0.45813711870854545,-0.643970100361566
837,0012,page0012.clip,3600,3600,3792,3768,192,168,0.021024305555555556,1463,3655,14.999045190557936,0.36937066743512165,14.887105941772461,0.6048336658506622,-0.6467009184983545
838,0039,page0039.clip,720,4320,744,4376,24,56,0.022881944444444444,2822,3150,22.558716106910815,0.3768694025277546,15.032964706420898,0.5914473749322772,-0.6490880286995853
839,0030,page0030.clip,4320,720,4248,600,-72,-120,0.03568142361111111,4830,3062,10.80343726776635,0.345826367703696,13.908349514007568,0.5036618103516627,-0.6496086160017036
840,0023,page0023.clip,1440,2160,1552,2248,112,88,0.02831597222222222,2302,4176,15.511473261974883,0.41191289499379946,15.278736591339111,0.4299824727113524,-0.6521968651297432
841,0020,page0020.clip,0,3600,32,3408,32,-192,0.016050347222222223,1429,2173,17.75912344234277,0.41747865789823413,15.31899881362915,0.3981807969108456,-0.6578618357059833
842,0029,page0029.clip,2880,1440,2728,1456,-152,16,0.0674609375,8264,6217,31.6488212417946,0.35169905530751183,14.529585838317871,0.6110824821677867,-0.6585559053917855
843,0036,page0036.clip,3600,3600,3744,3528,144,-72,0.07743055555555556,5603,5933,23.7554799156428,0.3454847147474853,15.022897243499756,0.772727380387528,-0.6589739706525025
844,0028,page0028.clip,3600,4320,3640,4472,40,152,0.0622265625,3912,5660,25.067924811457004,0.35729946869629664,15.13835096359253,0.7264880297906873,-0.659982425404473
845,0029,page0029.clip,4320,2160,4192,2288,-128,128,0.014592013888888889,1308,2527,14.882125218391272,0.3542039355992844,13.761151313781738,0.3948795589943841,-0.6653069375644185
846,0031,page0031.clip,2160,2160,2120,2336,-40,176,0.035555555555555556,3278,4352,15.098531321858683,0.3793292865880398,15.735349178314209,0.7285584155372029,-0.6675766702928807
847,0025,page0025.clip,2880,5040,3000,4856,120,-184,0.030355902777777777,4569,4823,24.25106139371456,0.38416434653663123,14.988374710083008,0.5110239921113605,-0.6680340156443572
848,0031,page0031.clip,2880,5040,3000,5192,120,152,0.15403645833333332,2534,7799,23.792577115314394,0.35632196081049655,13.950271606445312,0.4219106691993905,-0.6709159818770672
849,0036,page0036.clip,3600,4320,3528,4504,-72,184,0.03669704861111111,4417,5144,28.50374378152416,0.34623129978754896,14.929513454437256,0.7236966046352662,-0.6757889082414937
850,0010,page0010.clip,720,2880,856,3056,136,176,0.04338975694444445,3182,3948,16.230965051029223,0.39767217452484804,15.861788749694824,0.6337872119993191,-0.6769671077152696
851,0039,page0039.clip,2160,5760,2080,5800,-80,40,0.05918836805555556,2680,1454,22.06182104833236,0.37561116813995693,15.403847217559814,0.6522230335273619,-0.680935175990289
852,0030,page0030.clip,2160,5040,2320,4848,160,-192,0.04357638888888889,4908,7774,25.114530886061807,0.3451474500007839,15.202234745025635,0.7879397287949733,-0.684357915965229
853,0006,page0006.clip,2880,4320,3048,4512,168,192,0.03476128472222222,2381,5158,23.715261530820893,0.3673172363087624,14.705068111419678,0.5171808914951875,-0.6906827275439738
854,0033,page0033.clip,720,2160,848,2352,128,192,0.023168402777777777,1669,2679,16.346381959535496,0.37209197947367634,15.029098510742188,0.5626976195626642,-0.6952017091299247
855,0040,page0040.clip,1440,1440,1536,1600,96,160,0.059483506944444445,5155,6419,26.820587994923663,0.37070410013279254,15.81647539138794,0.7681454939666933,-0.6952581824402707
856,0040,page0040.clip,2880,720,2960,848,80,128,0.03652777777777778,2700,7622,25.525876803464737,0.3515859904000417,15.322747230529785,0.762082382476706,-0.6969535881243839
857,0018,page0018.clip,1440,5040,1480,4976,40,-64,0.053836805555555554,2731,2520,23.690662439869442,0.38367560117952776,15.856939315795898,0.6945138418335322,-0.6973987837947154
858,0036,page0036.clip,0,3600,72,3752,72,152,0.03693576388888889,6896,4129,20.488393560010866,0.38193671352447023,14.536672592163086,0.3744365326181309,-0.6981017247157615
859,0007,page0007.clip,2880,720,2936,888,56,168,0.05157986111111111,5073,9120,30.50846987126756,0.34579062344692346,15.104515075683594,0.7367928966696304,-0.7025155805663974
860,0031,page0031.clip,3600,720,3688,912,88,192,0.06884982638888888,4364,11500,26.074111862360095,0.34609186870675557,14.420416831970215,0.558550083827673,-0.7067839557981268
861,0002,page0002.clip,720,5760,568,5616,-152,-144,0.018927951388888888,1451,634,10.501691352667098,0.34101795443687233,14.594448328018188,0.6288175090394563,-0.7107458861877113
862,0036,page0036.clip,2880,3600,2976,3768,96,168,0.03881076388888889,2299,5855,27.2944996368608,0.37287639637987485,15.958030700683594,0.7558887355088989,-0.7225131698302254
863,0040,page0040.clip,0,5760,72,5872,72,112,0.02439236111111111,1339,2761,17.474174962045677,0.35075404442007124,14.868277549743652,0.6204208779933827,-0.7235485854536683
864,0013,page0013.clip,2880,5760,2896,5640,16,-120,0.09091579861111111,8131,7640,28.353365936293436,0.3705788475394585,15.75700044631958,0.7175153827643923,-0.7244935453551096
865,0009,page0009.clip,2880,2880,2800,2840,-80,-40,0.046688368055555554,3098,7194,29.94804726413723,0.35864478252978227,14.732402324676514,0.5232980209741587,-0.7346181355070647
866,0028,page0028.clip,3600,1440,3688,1416,88,-24,0.046827256944444444,2701,4422,23.99568653761403,0.35992736328940467,14.841996669769287,0.5419025167910712,-0.7352405040739773
867,0021,page0021.clip,4320,1440,4384,1312,64,-128,0.0519921875,3507,6761,35.174326478787414,0.3725635686451981,14.443613052368164,0.35474510467297027,-0.7421086835092665
868,0015,page0015.clip,1440,5040,1536,4976,96,-64,0.04650607638888889,1921,5872,24.220199775207895,0.3769220297743856,14.248069286346436,0.2767067168097205,-0.7436383349495829
869,0009,page0009.clip,1440,5040,1440,5120,0,80,0.05821180555555556,4556,7768,24.987053259321904,0.34830988899809495,15.30505895614624,0.7123309511023166,-0.74959758535692
870,0033,page0033.clip,2160,2160,2024,1968,-136,-192,0.03804253472222222,3395,6615,25.19176070535843,0.3437579920502681,15.373754024505615,0.7517122238721793,-0.7545910655520396
871,0028,page0028.clip,3600,2880,3640,2856,40,-24,0.03236545138888889,3360,8827,27.302723682535877,0.34916010705854494,15.384267330169678,0.7171567819938289,-0.7573275051461478
872,0036,page0036.clip,720,720,528,560,-192,-160,0.055338541666666664,5194,7365,22.146104729551134,0.35747846207615047,14.839191913604736,0.522446350140739,-0.7624889922276038
873,0019,page0019.clip,4481,5760,4353,5920,-128,160,0.017547743055555554,1144,1644,18.02314248772396,0.3764564625505217,15.22092866897583,0.4883284731624969,-0.7712406425125603
874,0023,page0023.clip,0,0,144,168,144,168,0.010698784722222222,785,857,12.211123044764163,0.3606112565418403,14.397111415863037,0.38100595481481064,-0.7715612366115576
875,0006,page0006.clip,3600,5760,3784,5680,184,-80,0.015403645833333333,1414,4050,23.027143041413375,0.3532245226383998,15.835085391998291,0.7750378247635954,-0.7808642053967828
876,0016,page0016.clip,2880,4320,2912,4512,32,192,0.044921875,3867,5301,30.648917123036792,0.34847035458177594,15.866791248321533,0.810578111487283,-0.7825439875656007
877,0037,page0037.clip,2160,2880,2328,3056,168,176,0.01745659722222222,2375,3704,22.7622607218804,0.34769239174123256,14.990733623504639,0.5916116356732014,-0.7863954574562038
878,0025,page0025.clip,2880,3600,2848,3472,-32,-128,0.060737847222222224,3369,6058,30.41337829237552,0.3458068110776705,15.387190341949463,0.6984279392608896,-0.7896616615928287
879,0010,page0010.clip,3600,720,3432,552,-168,-168,0.05438368055555556,5622,7681,19.295339101224368,0.34235088202151603,15.615521907806396,0.7617792868688906,-0.8019265419585869
880,0020,page0020.clip,720,2160,768,2032,48,-128,0.04632378472222222,2151,3439,23.023245632312918,0.362148834229142,15.434595584869385,0.5849584999856008,-0.8082081458396864
881,0030,page0030.clip,2160,1440,2152,1592,-8,152,0.02829861111111111,2938,2502,12.287966067911881,0.37497594210023955,15.904749393463135,0.619012860252107,-0.8108598799897437
882,0028,page0028.clip,4481,4320,4441,4392,-40,72,0.04384548611111111,1399,1810,11.776015164259578,0.35767397313352195,15.580412864685059,0.6454670909566419,-0.8113390345040888
883,0010,page0010.clip,3600,2880,3416,2712,-184,-168,0.03509982638888889,3619,4970,16.562708734994487,0.34550551366120835,14.949456691741943,0.5461162077718961,-0.8254708038248302
884,0011,page0011.clip,1440,2160,1584,2352,144,192,0.024188368055555555,1856,3713,17.96134696863538,0.34743323569776097,14.40251350402832,0.3963811487494369,-0.8262316033173096
885,0018,page0018.clip,1440,3600,1344,3776,-96,176,0.02668402777777778,4296,7842,38.29743594925807,0.34041374934406715,14.916738510131836,0.5672952892147384,-0.827442723934241
886,0037,page0037.clip,2160,3600,2192,3792,32,192,0.05474826388888889,5525,5010,34.78882977675634,0.34910963664762745,15.939743518829346,0.736364974412316,-0.8533085409978791
887,0018,page0018.clip,2160,4320,2296,4280,136,-40,0.057456597222222225,6239,6709,29.05553274360022,0.3577441119618445,15.390161037445068,0.5403137354774232,-0.8570606592978527
888,0029,page0029.clip,2880,5040,2840,4904,-40,-136,0.019032118055555554,2167,4691,42.68111099489203,0.34724813377596536,14.833890438079834,0.45309636722143126,-0.8680603249589951
889,0036,page0036.clip,720,2880,624,2864,-96,-16,0.04368923611111111,3480,6621,22.0131412398981,0.3509816961397871,15.994914531707764,0.7057461294611752,-0.8794775220736772
890,0013,page0013.clip,720,5760,728,5856,8,96,0.06535590277777778,2179,3038,20.398579853159884,0.347202189462256,15.648375988006592,0.6327055089659193,-0.8874998431173032
891,0017,page0017.clip,3600,0,3752,136,152,136,0.02111545138888889,4164,2746,23.582112212031742,0.3434353504137175,15.840753078460693,0.6292473022573128,-0.9475760218177011
892,0021,page0021.clip,0,2880,64,2856,64,-24,0.02684027777777778,1490,1053,14.010210533214423,0.3680036370984037,15.929821491241455,0.4772486448323589,-0.9641471968903854
893,0022,page0022.clip,2880,5040,3056,5096,176,56,0.032730034722222225,3930,7700,20.200483406500165,0.34595409323805804,15.436933994293213,0.4847528276998651,-0.9698140705084605
894,0034,page0034.clip,2160,2880,2288,3072,128,192,0.06553385416666667,2245,3437,13.782362597073659,0.34391863308535997,15.59257984161377,0.523449089044594,-0.9801635316602788
895,0025,page0025.clip,2880,720,2816,680,-64,-40,0.030989583333333334,1907,1080,12.00028581281718,0.3736874357289052,15.898960590362549,0.4136046598062393,-0.9804712115829923
896,0014,page0014.clip,3600,720,3544,544,-56,-176,0.014197048611111112,812,636,11.504964417903034,0.3409842638067555,15.49061107635498,0.47346863291051644,-1.0144259899088055
